Location,Lat,Lon,Status
C&O CANAL / 32MM,,,Skipped
"I270NB / 23MM, I270NB / 23MM",,,Skipped
"I270NB / 24MM, I270NB / 24MM",,,Skipped
"I270NB / 24MM, I270SB / DOCTOR PERRY RD",,,Skipped
"I270NB / 26MM, I270NB / 26MM",,,Skipped
"I270NB / 26MM, I270NB / RT80",,,Skipped
"I270NB / 27MM, I270NB / 27MM",,,Skipped
"I270NB / 28MM, I270NB / 28MM",,,Skipped
"I270NB / 29MM, I270NB / 29MM",,,Skipped
"I270NB / 30MM, I270NB / 30MM",,,Skipped
"I270NB / 31MM, I270NB / 31MM",,,Skipped
"I270NB / 32MM, I270NB / 31MM",,,Skipped
"I270SB / 23MM, I270SB / 23MM",,,Skipped
"I270SB / 24MM, I270SB / 24MM",,,Skipped
"I270SB / 25MM, I270SB / 25MM",,,Skipped
"I270SB / 26MM, I270SB / 24MM",,,Skipped
"I270SB / 26MM, I270SB / 26MM",,,Skipped
"I270SB / 27MM, I270SB / 27MM",,,Skipped
"I270SB / 28MM, I270NB / PARK MILLS RD",,,Skipped
"I270SB / 28MM, I270SB / 28MM",,,Skipped
"I270SB / 30MM, I270SB / 30MM",,,Skipped
"I270SB / 31MM, I270SB / 31MM",,,Skipped
"I270SB / 32MM, I270SB / 32MM",,,Skipped
I70EB / 30MM,,,Skipped
I70EB / 35MM,,,Skipped
I70EB / 36MM,,,Skipped
I70EB / 37MM,,,Skipped
I70EB / 38MM,,,Skipped
"I70EB / 39MM, I70EB / 39MM",,,Skipped
"I70EB / 40MM, I70EB / 40MM",,,Skipped
"I70EB / 41MM, I70EB / 41MM",,,Skipped
"I70EB / 42MM, I70EB / 42MM",,,Skipped
"I70EB / 43MM, I70EB / 43MM",,,Skipped
"I70EB / 44MM, I70EB / 44MM",,,Skipped
"I70EB / 45MM, I70EB / 45MM",,,Skipped
"I70EB / 46MM, I70EB / 46MM",,,Skipped
"I70EB / 47MM, I70EB / 47MM",,,Skipped
"I70EB / 47MM, I70WB / RT355",,,Skipped
"I70EB / 48MM, I70EB / 48MM",,,Skipped
"I70EB / 49MM, I70EB / 49MM",,,Skipped
"I70EB / 50MM, I70EB / 50MM",,,Skipped
"I70EB / 51MM, I70EB / 51MM",,,Skipped
"I70EB / 53MM, I70EB / 53MM",,,Skipped
"I70EB / 54MM, I70EB / 54MM",,,Skipped
"I70EB / 55MM, I70EB / 55MM",,,Skipped
"I70EB / 56MM, I70EB / 56MM",,,Skipped
"I70EB / 57MM, I70EB / 57MM",,,Skipped
"I70EB / 57MM, I70WB / 57MM",,,Skipped
"I70EB / 58MM, I70EB / 58MM",,,Skipped
"I70EB / 58MM, I70EB / 59MM",,,Skipped
"I70EB / 59MM, I70EB / 59MM",,,Skipped
"I70EB / 59MM, I70EB / LINGANORE RD",,,Skipped
"I70EB / 61MM, I70EB / 61MM",,,Skipped
I70EB / 62MM,,,Skipped
"I70EB / 62MM, I70EB / 62MM",,,Skipped
"I70EB / 64MM, I70EB / 64MM",,,Skipped
"I70EB / 65MM, I70EB / 65MM",,,Skipped
"I70EB / 66MM, I70EB / 66MM",,,Skipped
"I70EB / 68MM, I70EB / 65MM",,,Skipped
I70EB 35MM,,,Skipped
I70EB/37MM,,,Skipped
I70EB/38MM,,,Skipped
I70WB / 34MM,,,Skipped
I70WB / 35MM,,,Skipped
I70WB / 36MM,,,Skipped
I70WB / 37MM,,,Skipped
I70WB / 38MM,,,Skipped
"I70WB / 38MM, BYPASSED TO: STATION 8,301 MAIN ST,MYERSVILLE",,,Skipped
"I70WB / 40MM, I70WB / 40MM",,,Skipped
"I70WB / 41MM, I70WB / 41MM",,,Skipped
"I70WB / 41MM, RIGHT BEFORE - I70WB / 41MM",,,Skipped
"I70WB / 42MM, I70EB / 42MM",,,Skipped
"I70WB / 42MM, I70WB / 42MM",,,Skipped
"I70WB / 43MM, I70WB / 43MM",,,Skipped
"I70WB / 44MM, I70WB / 44MM",,,Skipped
"I70WB / 45MM, I70EB / 45MM",,,Skipped
"I70WB / 45MM, I70WB / 45MM",,,Skipped
"I70WB / 46MM, I70EB / 46MM",,,Skipped
"I70WB / 46MM, I70WB / 46MM",,,Skipped
"I70WB / 47MM, I70WB / 47MM",,,Skipped
"I70WB / 47MM, I70WB / RT40A",,,Skipped
"I70WB / 48MM, I70WB / 48MM",,,Skipped
"I70WB / 49MM, I70WB / 49MM",,,Skipped
"I70WB / 51MM, I70EB / 51MM",,,Skipped
"I70WB / 51MM, I70WB / 51MM",,,Skipped
"I70WB / 52MM, I70WB / 52MM",,,Skipped
"I70WB / 52MM, I70WB / 52MM IAO",,,Skipped
"I70WB / 53MM, I70EB / 53MM",,,Skipped
"I70WB / 53MM, I70WB / 53MM",,,Skipped
"I70WB / 54MM, I70WB / 54MM",,,Skipped
"I70WB / 55MM, I70WB / 55MM",,,Skipped
"I70WB / 56MM, I70WB / 56MM",,,Skipped
"I70WB / 57MM, I70WB / 57MM",,,Skipped
"I70WB / 58MM, I70WB / 58MM",,,Skipped
"I70WB / 59MM, I70WB / 59MM",,,Skipped
"I70WB / 61MM, I70WB / 61MM",,,Skipped
"I70WB / 62MM, I70WB / 62MM",,,Skipped
"I70WB / 64MM, I70WB / 64MM",,,Skipped
"I70WB / 65MM, I70EB / 65MM",,,Skipped
"I70WB / 65MM, I70WB / 65MM",,,Skipped
"I70WB / 66MM, I70WB / 66MM",,,Skipped
"I70WB / 67MM, I70WB / 67MM",,,Skipped
"I70WB / 67MM, JUST BEFORE",,,Skipped
"I70WB / 68MM, I70WB / 68MM",,,Skipped
I70WB /33MM,,,Skipped
I70WB/36MM,,,Skipped
I70WB/37MM,,,Skipped
I70WB/38MM,,,Skipped
"MA WASHCO: I70EB / 37MM, MA WASHCO: I70EB / 37MM",,,Skipped
"MA WASHCO: I70EB / 38MM, MA WASHCO: I70EB / 38MM",,,Skipped
"MA WASHCO: I70WB / 37MM, MA WASHCO: I70EB / 37MM",,,Skipped
"MA WASHCO: I70WB / 38MM, MA WASHCO: I70WB / 38MM",,,Skipped
"RT15 / 1MM, Apt/Unit:HTTPS://A91.IO/69DUV, RT15 / 1MM",,,Skipped
"RT15 / 2MM, RT15 / 2MM",,,Skipped
"RT15 / 3MM, RT15 / 3MM",,,Skipped
"RT15 / 4MM, RT15 / 4MM",,,Skipped
"RT15 / 6MM, RT15 / 6MM",,,Skipped
"RT15-340EB / 9MM, RT15-340EB / 9MM",,,Skipped
"RT15-340EB / 9MM, RT340EB / RT180",,,Skipped
"RT15-340NB / 11MM, RT15-340NB / 11MM",,,Skipped
"RT15-RT340EB 7.5MM CROSSOVER, RT15-RT340EB 7.5MM CROSSOVER",,,Skipped
RT15NB / 0.4MM,,,Skipped
RT15NB / 1.2MM,,,Skipped
"RT15NB / 13MM, RT15NB / 13MM",,,Skipped
"RT15NB / 15MM, RT15NB / 15MM",,,Skipped
"RT15NB / 17MM, RT15NB / 17MM",,,Skipped
"RT15NB / 19MM, RT15NB / 19MM",,,Skipped
"RT15NB / 1MM, RT15 / 1MM",,,Skipped
RT15NB / 2.4MM,,,Skipped
RT15NB / 3.2MM,,,Skipped
"RT15NB / 32MM, RT15NB / 32MM",,,Skipped
"RT15NB / 35MM, RT15NB / COLLEGE LN",,,Skipped
"RT15NB / 36MM, RT15NB / 36MM",,,Skipped
"RT15NB / 8MM, RT15NB / 8MM",,,Skipped
RT15SB / 0.6MM,,,Skipped
"RT15SB / 16MM, RT15SB / 16MM",,,Skipped
"RT15SB / 17MM, IAO",,,Skipped
"RT15SB / 17MM, RT15SB / 17MM",,,Skipped
RT15SB / 2.2MM,,,Skipped
RT15SB / 2.4MM,,,Skipped
"RT15SB / 24MM, RT15SB / 24MM",,,Skipped
"RT15SB / 28MM, RT15SB / 28MM",,,Skipped
RT15SB / 2MM,,,Skipped
RT15SB / 3.2MM,,,Skipped
"RT15SB / 33MM, RT15SB / 33MM",,,Skipped
"RT15SB / 35MM, RT15SB / 35MM",,,Skipped
"RT340 / 10MM, RT340 / 10MM",,,Skipped
"RT340EB / 10MM, RT340EB / 10MM",,,Skipped
"RT340EB / 11MM, RT340EB / 11MM",,,Skipped
"RT340EB / 12MM, RT340EB / 12MM",,,Skipped
RT340EB / 1MM,,,Skipped
"RT340EB / 4MM, RT340EB / 4MM",,,Skipped
"RT340EB / 7MM, RT340WB / RT180",,,Skipped
"RT340EB / 8MM, RT340EB / 8MM",,,Skipped
"RT340WB / 11MM, RT340EB / 11MM",,,Skipped
"RT340WB / 11MM, RT340WB / 11MM",,,Skipped
RT340WB / 1MM,,,Skipped
RT340WB / 2MM,,,Skipped
"RT340WB / 3MM, RT340WB / 3MM",,,Skipped
"RT340WB / 5MM, RT340WB / 5MM",,,Skipped
(103)MOUNTAIN OVERLOOK DD,,,No Match
100 BLOCK ADAMS CT,39.485347949128,-77.344486465904,Match
100 BLOCK ADAMS WAY,39.485918199552,-77.344689539296,Match
100 BLOCK AERIE LANE,,,No Match
100 BLOCK AIRPORT DR E,39.408535353479,-77.375162724559,Match
"100 BLOCK AIRPORT DR E(P), FREDERICK COUNTY LAW ENFORCEMENT CENTER",,,No Match
"100 BLOCK AIRPORT DR E, FREDERICK COUNTY LAW ENFORCEMENT CENTER",39.408535353479,-77.375162724559,Match
100 BLOCK ALESSANDRA CT,39.421169757416,-77.434338477151,Match
"100 BLOCK ALESSANDRA CT 129, Apt/Unit:129, CRYSTAL PARK APTS",,,No Match
"100 BLOCK ALESSANDRA CT, Apt/Unit:136, THE FIELDS AT ROCK CREEK - 100 BLOCK ALESSANDRA CT",39.421169757416,-77.434338477151,Match
"100 BLOCK ALESSANDRA CT, Apt/Unit:180, CRYSTAL PARK APTS - 100 BLOCK ALESSANDRA CT UNIT 180",39.421169757416,-77.434338477151,Match
"100 BLOCK ALESSANDRA CT, CRYSTAL PARK APTS - 100 BLOCK ALESSANDRA CT",39.421169757416,-77.434338477151,Match
100 BLOCK ALI DR,39.445699795611,-77.524743535167,Match
100 BLOCK APPLE CREEK RD,39.425187593101,-77.468288563617,Match
100 BLOCK APPLE WAY,,,No Match
"100 BLOCK APPLES CHURCH RD, AMVETS - THURMONT",39.624456931828,-77.399587566338,Match
"100 BLOCK APPLES CHURCH RD, AMVETS POST 7 THURMONT",39.624456931828,-77.399587566338,Match
"100 BLOCK APPLES CHURCH RD, ESSCHERT DESIGNS USA",39.624456931828,-77.399587566338,Match
"100 BLOCK APPLES CHURCH RD, SPACE CRAFTERS",39.624456931828,-77.399587566338,Match
100 BLOCK ASHFIELD CT,39.442357906813,-77.410342250852,Match
100 BLOCK ASHLEY CT,,,No Match
100 BLOCK BANKBARN CIR,,,No Match
100 BLOCK BARLOW RD,,,No Match
100 BLOCK BAUGHMANS LN,39.417576322977,-77.437882730221,Match
"100 BLOCK BAUGHMANS LN, Apt/Unit:270, REGIONAL MEDICAL CENTER",39.417576322977,-77.437882730221,Match
"100 BLOCK BAUGHMANS LN, Apt/Unit:STE 201, FREDERICK DENTAL CENTER",39.417576322977,-77.437882730221,Match
"100 BLOCK BAUGHMANS LN, Apt/Unit:SUIT 180, LABCORP",39.417576322977,-77.437882730221,Match
"100 BLOCK BAUGHMANS LN, DUTCH PLANT FARM",39.417576322977,-77.437882730221,Match
"100 BLOCK BAUGHMANS LN, FIRST UNITED BANK - BAUGHMANS LN - FREDERICK",39.417576322977,-77.437882730221,Match
"100 BLOCK BAUGHMANS LN, FREDERICK COUNTY SQUARE - 100 BLOCK BAUGHMANS LN",39.417576322977,-77.437882730221,Match
100 BLOCK BAVARIAN WAY,39.062451331066,-76.09502532354,Match
100 BLOCK BELLA LANE,39.576005503775,-77.034143979376,Match
100 BLOCK BENNETT DR,39.61174025256,-77.392166142946,Match
"100 BLOCK BENTON DR, Apt/Unit:102",,,No Match
100 BLOCK BERNARD ST,38.69297732202,-75.762740250884,Match
100 BLOCK BLACK BASS TRL,,,No Match
100 BLOCK BLACK FOREST LN,,,No Match
100 BLOCK BLK 15N BTWN ANGLEBERGER RD & CATOCTIN FURNACE RD HWY,,,No Match
"100 BLOCK BLK 15N BTWN S JEFF ST ON RAMP & W PATRICK ST OFF RAMP HWY, RT15NB / W PATRICK ST",,,No Match
100 BLOCK BLK 15N FROM 34100 BLOCK SPLIT TO ELMER RD HWY,,,No Match
100 BLOCK BLK 15S BTWN 7TH ST BRDGE & ROSEMONT AVE BRDGE HWY,,,No Match
100 BLOCK BLK 15S BTWN BIGGS FORD RD & WILLOW RD HWY,,,No Match
100 BLOCK BLK 15S BTWN LIBERTY RD ON RAMP & OP PIKE BRDGE HWY,,,No Match
100 BLOCK BLK 27100 BLOCKN BTWN BAKER VALLEY RD OVRPSS & CROSSOVER HWY,,,No Match
100 BLOCK BLK 27100 BLOCKS BTWN BENNETT CRK OVRPSS & DR PERRY RD OVRPSS HWY,,,No Match
100 BLOCK BLK 27100 BLOCKS BTWN COUNTY LINE & RT 1100 BLOCK9 OFF RAMP HWY,,,No Match
100 BLOCK BLK 34100 BLOCKE FROM RAMP LANDER RD TO RT15 (JEF SPLIT) PIKE,,,No Match
100 BLOCK BLK 34100 BLOCKW FROM CATH CH RD TO RAMP TO RT17(PET) PIKE,,,No Match
100 BLOCK BLK 7100 BLOCKE BTWN HOLLOW RD & RIDGE RD HWY,,,No Match
100 BLOCK BLK 7100 BLOCKW BTWN MT TABOR RD & XOVR HWY,,,No Match
100 BLOCK BLK E SIXTH ST,,,No Match
100 BLOCK BLK POTOMAC RIVER,,,No Match
100 BLOCK BLK PRINCETOWN DR,,,No Match
100 BLOCK BLK RAMP CHRISTOPHERS XING TO RT15SB RAMP,,,No Match
100 BLOCK BLK RAMP E MAIN ST TO RT15SB RAMP,,,No Match
100 BLOCK BLK RAMP HIMES AVE TO RT15-34100 BLOCKWB RAMP,,,No Match
100 BLOCK BLK RAMP I27100 BLOCKNB TO I7100 BLOCK RAMP,,,No Match
100 BLOCK BLK RAMP I27100 BLOCKNB TO I7100 BLOCKEB RAMP,,,No Match
100 BLOCK BLK RAMP I27100 BLOCKNB TO I7100 BLOCKWB RAMP,,,No Match
100 BLOCK BLK RAMP I27100 BLOCKNB TO RT8100 BLOCK RAMP,,,No Match
100 BLOCK BLK RAMP I27100 BLOCKNB TO RT85NB RAMP,,,No Match
100 BLOCK BLK RAMP I27100 BLOCKNB TO RT85SB RAMP,,,No Match
100 BLOCK BLK RAMP I27100 BLOCKSB TO RT8100 BLOCK RAMP,,,No Match
100 BLOCK BLK RAMP I27100 BLOCKSB TO RT85NB RAMP,,,No Match
100 BLOCK BLK RAMP I27100 BLOCKSB TO RT85SB RAMP,,,No Match
100 BLOCK BLK RAMP I7100 BLOCKEB TO I27100 BLOCKSB RAMP,,,No Match
100 BLOCK BLK RAMP I7100 BLOCKEB TO RT144 RAMP,,,No Match
100 BLOCK BLK RAMP I7100 BLOCKEB TO RT27 RAMP,,,No Match
100 BLOCK BLK RAMP I7100 BLOCKEB TO RT4100 BLOCKEB RAMP,,,No Match
"100 BLOCK BLK RAMP I7100 BLOCKEB TO RT4100 BLOCKEB RAMP, I7100 BLOCKEB / RT4100 BLOCK",,,No Match
100 BLOCK BLK RAMP I7100 BLOCKEB TO RT75 RAMP,,,No Match
100 BLOCK BLK RAMP I7100 BLOCKEB TO RT85 RAMP,,,No Match
100 BLOCK BLK RAMP I7100 BLOCKWB TO I27100 BLOCKSB RAMP,,,No Match
"100 BLOCK BLK RAMP I7100 BLOCKWB TO I27100 BLOCKSB RAMP, IAO END OF RAMP",,,No Match
100 BLOCK BLK RAMP I7100 BLOCKWB TO RT15-34100 BLOCKWB RAMP,,,No Match
"100 BLOCK BLK RAMP I7100 BLOCKWB TO RT15NB RAMP, I7100 BLOCKWB / EXIT 53",,,No Match
100 BLOCK BLK RAMP I7100 BLOCKWB TO RT4100 BLOCK-A RAMP,,,No Match
100 BLOCK BLK RAMP I7100 BLOCKWB TO RT75 RAMP,,,No Match
100 BLOCK BLK RAMP JEFFERSON TECH PKWY TO RT 34100 BLOCKEB RAMP,,,No Match
100 BLOCK BLK RAMP JEFFERSON TECH PKWY TO RT 34100 BLOCKWB RAMP,,,No Match
"100 BLOCK BLK RAMP MOTTER AVE TO RT15NB RAMP, IAO",,,No Match
100 BLOCK BLK RAMP OPOSSUMTOWN PK TO RT15SB RAMP,,,No Match
100 BLOCK BLK RAMP REST AREA I7100 BLOCKWB -MYER RAMP,,,No Match
100 BLOCK BLK RAMP ROSEMONT AVE TO RT15NB RAMP,,,No Match
100 BLOCK BLK RAMP ROSEMONT AVE TO RT15SB RAMP,,,No Match
100 BLOCK BLK RAMP RT144 TO I7100 BLOCKEB -NEWM RAMP,,,No Match
100 BLOCK BLK RAMP RT144 TO IJAMSVILLE RD RAMP,,,No Match
100 BLOCK BLK RAMP RT15-34100 BLOCK EB TO RT351 RAMP,,,No Match
100 BLOCK BLK RAMP RT15-34100 BLOCK TO I7100 BLOCKWB RAMP,,,No Match
100 BLOCK BLK RAMP RT15-34100 BLOCKEB TO I7100 BLOCKEB RAMP,,,No Match
100 BLOCK BLK RAMP RT15-34100 BLOCKEB TO I7100 BLOCKWB RAMP,,,No Match
100 BLOCK BLK RAMP RT15-34100 BLOCKEB TO RT15NB RAMP,,,No Match
100 BLOCK BLK RAMP RT15-34100 BLOCKWB TO MT ZION RD RAMP,,,No Match
100 BLOCK BLK RAMP RT15-34100 BLOCKWB TO RT18100 BLOCK RAMP,,,No Match
100 BLOCK BLK RAMP RT15NB TO MONOCACY BLVD RAMP,,,No Match
100 BLOCK BLK RAMP RT15NB TO MOTTER AVE RAMP,,,No Match
"100 BLOCK BLK RAMP RT15NB TO MOTTERS STATION RAMP, RT76 / RT15",,,No Match
100 BLOCK BLK RAMP RT15NB TO RT14100 BLOCK RAMP,,,No Match
100 BLOCK BLK RAMP RT15NB TO RT144EB RAMP,,,No Match
"100 BLOCK BLK RAMP RT15NB TO RT144EB RAMP, RT15NB / W PATRICK ST",,,No Match
100 BLOCK BLK RAMP RT15NB TO RT4100 BLOCKWB RAMP,,,No Match
100 BLOCK BLK RAMP RT15NB TO S JEFFERSON ST RAMP,,,No Match
"100 BLOCK BLK RAMP RT15NB TO S JEFFERSON ST RAMP, RT15NB / JEFFERSON PIKE",,,No Match
100 BLOCK BLK RAMP RT15NB TO W 7TH ST RAMP,,,No Match
"100 BLOCK BLK RAMP RT15SB TO E MAIN ST RAMP, RT15SB / RT14100 BLOCK",,,No Match
100 BLOCK BLK RAMP RT15SB TO I7100 BLOCKEB RAMP,,,No Match
"100 BLOCK BLK RAMP RT15SB TO I7100 BLOCKEB RAMP, IAO",,,No Match
100 BLOCK BLK RAMP RT15SB TO OPOSSUMTON PK RAMP,,,No Match
100 BLOCK BLK RAMP RT15SB TO ROSEMONT AVE RAMP,,,No Match
100 BLOCK BLK RAMP RT15SB TO RT15-34100 BLOCKWB RAMP,,,No Match
100 BLOCK BLK RAMP RT15SB TO S JEFFERSON ST RAMP,,,No Match
100 BLOCK BLK RAMP RT17 TO I7100 BLOCKEB RAMP,,,No Match
100 BLOCK BLK RAMP RT17 TO RT34100 BLOCKEB RAMP,,,No Match
100 BLOCK BLK RAMP RT18100 BLOCK TO RT34100 BLOCKEB -PETE RAMP,,,No Match
"100 BLOCK BLK RAMP RT18100 BLOCK TO RT34100 BLOCKWB -KNOX RAMP, IAO",,,No Match
100 BLOCK BLK RAMP RT27SB TO I7100 BLOCKWB RAMP,,,No Match
100 BLOCK BLK RAMP RT351 TO I7100 BLOCKEB RAMP,,,No Match
100 BLOCK BLK RAMP RT351 TO RT15-34100 BLOCKEB RAMP,,,No Match
100 BLOCK BLK RAMP RT4100 BLOCK-A TO I7100 BLOCKEB RAMP,,,No Match
100 BLOCK BLK RAMP RT4100 BLOCKEB TO RT15SB RAMP,,,No Match
100 BLOCK BLK RAMP RT55100 BLOCK TO RT15SB RAMP,,,No Match
"100 BLOCK BLK RAMP RT55100 BLOCK TO RT15SB RAMP, RT15NB / RT55100 BLOCK",,,No Match
100 BLOCK BLK RAMP RT75 TO I7100 BLOCKWB RAMP,,,No Match
100 BLOCK BLK RAMP RT8100 BLOCK TO I27100 BLOCKNB RAMP,,,No Match
"100 BLOCK BLK RAMP RT8100 BLOCK TO I27100 BLOCKNB RAMP, PH2",,,No Match
100 BLOCK BLK RAMP RT8100 BLOCK TO I27100 BLOCKSB RAMP,,,No Match
100 BLOCK BLK RAMP RT85 TO I27100 BLOCKNB RAMP,,,No Match
"100 BLOCK BLK RAMP RT85 TO I27100 BLOCKNB RAMP, RT85 / I27100 BLOCK",,,No Match
100 BLOCK BLK RAMP RT85 TO I27100 BLOCKSB RAMP,,,No Match
100 BLOCK BLK RAMP RT85 TO I7100 BLOCKEB RAMP,,,No Match
"100 BLOCK BLK RAMP S JEFFERSON ST TO RT15NB RAMP, IAO",,,No Match
100 BLOCK BLK RAMP W 7TH ST TO RT15NB RAMP,,,No Match
100 BLOCK BLK RAMP W 7TH ST TO RT15SB RAMP,,,No Match
100 BLOCK BLK SUGARLOAF BLUE TRAIL,,,No Match
100 BLOCK BLK SUGARLOAF GREEN TRAIL,,,No Match
100 BLOCK BLK SUGARLOAF ORANGE TRAIL,,,No Match
100 BLOCK BLK SUGARLOAF PURPLE TRAIL,,,No Match
100 BLOCK BLK W ALL SAINTS ST,,,No Match
100 BLOCK BLK WEVERTON CLIFFS RD,,,No Match
100 BLOCK BLUE RIDGE AVE,39.416019323413,-77.450977727919,Match
100 BLOCK BLUERIDGE CT,39.416019323413,-77.450977727919,Match
"100 BLOCK BOLIVAR CT, Apt/Unit:404",39.215373368491,-76.636502262742,Match
"100 BLOCK BOUNDARY AVE, Apt/Unit:18, BISER APARTMENTS",,,No Match
100 BLOCK BOXGROVE WAY,39.424659831416,-77.443545315363,Match
"100 BLOCK BRANDY DR, STATION WC00100 BLOCK - WILLIAMSPORT VOL. FIRE & EMS, INC.",,,No Match
100 BLOCK BUELL DR,39.464663692472,-77.407248062341,Match
100 BLOCK BULLFROG RD,,,No Match
"100 BLOCK BURCK ST, Apt/Unit:A",39.411214366001,-77.420859607512,Match
100 BLOCK BURGESS HILL WAY,39.423832270401,-77.443496907167,Match
"100 BLOCK BURGESS HILL WAY, Apt/Unit:107, CREEKSIDE AT TASKERS CHANCE - 100 BLOCK BURGESS HILL WAY",39.423832270401,-77.443496907167,Match
"100 BLOCK BURGESS HILL WAY, Apt/Unit:109, MILL CROSSING CONDOS",39.423832270401,-77.443496907167,Match
"100 BLOCK BURGESS HILL WAY, Apt/Unit:117, MILL CROSSING CONDOS",39.423832270401,-77.443496907167,Match
"100 BLOCK BURGESS HILL WAY, Apt/Unit:200, CREEKSIDE AT TASKERS CHANCE",39.423832270401,-77.443496907167,Match
"100 BLOCK BURGESS HILL WAY, Apt/Unit:210, MILL CROSSING CONDOS",39.423832270401,-77.443496907167,Match
"100 BLOCK BURGESS HILL WAY, Apt/Unit:301, MILL CROSSING CONDOS",39.423832270401,-77.443496907167,Match
"100 BLOCK BURGESS HILL WAY, Apt/Unit:306, CREEKSIDE AT TASKERS CHANCE - 100 BLOCK BURGESS HILL WAY",39.423832270401,-77.443496907167,Match
"100 BLOCK BURGESS HILL WAY, Apt/Unit:320, CREEKSIDE AT TASKERS CHANCE - 100 BLOCK BURGESS HILL WAY",39.423832270401,-77.443496907167,Match
"100 BLOCK BURGESS HILL WAY, CREEKSIDE AT TASKERS CHANCE",39.423832270401,-77.443496907167,Match
"100 BLOCK BURGESS HILL WAY, CREEKSIDE AT TASKERS CHANCE - 100 BLOCK BURGESS HILL WAY",39.423832270401,-77.443496907167,Match
"100 BLOCK BURGESS HILL WAY, MILL CROSSING CONDOS",39.423832270401,-77.443496907167,Match
"100 BLOCK BURGESS ST, IAO",39.385662000592,-77.268719324043,Match
"100 BLOCK BYTE DR, Apt/Unit:321, SPRINGHILL SUITES BY MARRIOTT",,,No Match
"100 BLOCK BYTE DR, CUSTOM GLASS",,,No Match
"100 BLOCK BYTE DR, SPRINGHILL SUITES BY MARRIOTT - GOVERNORS CHOICE",,,No Match
100 BLOCK CAMP SITE CT,,,No Match
100 BLOCK CAMPUS AVE,,,No Match
"100 BLOCK CANAL RD, BRUNSWICK CAMPGROUND",38.970538438171,-76.210823988954,Match
100 BLOCK CAPRICORN RD,39.486976898854,-77.345989228212,Match
100 BLOCK CARLISLE ST,39.080520223771,-77.01138601176,Match
100 BLOCK CAROLINE DR,38.878174615239,-75.83337083178,Match
100 BLOCK CARROLL CREEK WAY,,,No Match
"100 BLOCK CARROLL CREEK WAY, MEXICAN RESTAURANT",,,No Match
"100 BLOCK CARROLL CREEK WAY, PARKING GARAGE - SOUTH MARKET CENTER",,,No Match
"100 BLOCK CARROLL CREEK WAY, PLAZA MEXICO OF FREDERICK - SOUTH MARKET CENTER",,,No Match
"100 BLOCK CARROLL CREEK WAY, SOUTH MARKET CENTER",,,No Match
"100 BLOCK CARROLL CREEK WAY, SOUTH MARKET CREEK",,,No Match
100 BLOCK CARROLLS TRACT RD,,,No Match
100 BLOCK CATOCTIN AVE,,,No Match
100 BLOCK CAVENROCK CT,39.426679659528,-77.442495485514,Match
100 BLOCK CENTER ST,,,No Match
100 BLOCK CENTRAL AVE,,,No Match
100 BLOCK CHALLEDON DR,39.485393114204,-77.336391038954,Match
100 BLOCK CHALLENGER CT,39.286812521641,-76.631395304234,Match
100 BLOCK CHANEY AVE,,,No Match
"100 BLOCK CHAPLINE ST, STATION WC001 - SHARPSBURG VFC., INC.",,,No Match
100 BLOCK CHARLESTON LN,39.421632072882,-77.434787057111,Match
"100 BLOCK CHESAPEAKE AVE, EMMITSBURG ANTIQUE MALL",,,No Match
"100 BLOCK CITIZENS WAY, CREEKSIDE PLAZA",,,No Match
100 BLOCK CLARKE CT,,,No Match
100 BLOCK CLARKE PL,39.407798149255,-77.410128705443,Match
"100 BLOCK CLARKE PL, Bldg:12, BUS LOOP MSD",39.407798149255,-77.410128705443,Match
"100 BLOCK CLARKE PL, Bldg:4, MSD - KLIPP-REDMOND HALL",39.407798149255,-77.410128705443,Match
"100 BLOCK CLARKE PL, Bldg:7, MSD - ELY BUILDING-AUDITORIUM",39.407798149255,-77.410128705443,Match
"100 BLOCK CLARKE PL, MARYLAND SCHOOL FOR THE DEAF",39.407798149255,-77.410128705443,Match
100 BLOCK CLEARWATER CT,,,No Match
"100 BLOCK CODY DR, ALBERT COURT CONDOS - 100 BLOCK CODY DR",,,No Match
100 BLOCK COLLEGE AVE,38.979458388011,-76.492191078342,Match
"100 BLOCK COLLEGE AVE, IAO",38.979458388011,-76.492191078342,Match
100 BLOCK CONCORD DR,39.562328811781,-76.071232818019,Match
100 BLOCK CONSETT PL,,,No Match
100 BLOCK COUNCIL DR,39.415990917885,-77.412112878782,Match
"100 BLOCK COUNCIL DR, EASTERN MOBILITY COMPANY",39.415990917885,-77.412112878782,Match
"100 BLOCK COUNCIL DR, MONTGOMERY VAULT",39.415990917885,-77.412112878782,Match
100 BLOCK COUNCIL ST,39.415990917885,-77.412112878782,Match
100 BLOCK COUNTRY CLUB TRL,,,No Match
"100 BLOCK COUNTRY CLUB TRL, SKI LIBERTY",,,No Match
100 BLOCK COURIER DR,39.648819623333,-77.169354835946,Match
100 BLOCK CREAGERSTOWN RD,39.539263232848,-77.316839068445,Match
"100 BLOCK CREAGERSTOWN RD, N Z CRAMER & SON",39.539263232848,-77.316839068445,Match
"100 BLOCK CREAGERSTOWN RD, WOODSBORO HISTORICAL SOC",39.539263232848,-77.316839068445,Match
"100 BLOCK CREAMERY CT, EMMITSBURG GLASS CO",39.695835940508,-77.316527206136,Match
"100 BLOCK CREAMERY RD, MOTHER SETON SCHOOL",39.695835940508,-77.316527206136,Match
100 BLOCK CREAMERY WAY,39.695835940508,-77.316527206136,Match
"100 BLOCK CREAMERY WAY, BOLLINGER CONSTRUCTION",39.695835940508,-77.316527206136,Match
100 BLOCK CROSSTIMBER WAY,39.461875399858,-77.413027249867,Match
100 BLOCK CRUM RD,,,No Match
"100 BLOCK CUMMINGS DR, BRUNSWICK HIGH SCHOOL",,,No Match
100 BLOCK DEAN LN,,,No Match
100 BLOCK DEERWOODS PL,39.511208938316,-77.564461574815,Match
"100 BLOCK DEGRANGE ST, ALAN P LINTON SERVICE CENTER",,,No Match
"100 BLOCK DEGRANGE ST, ALAN P. LINTON SHELTER",,,No Match
"100 BLOCK DEPAUL ST, Apt/Unit:,, STATION 6",39.705292088791,-77.324416689263,Match
"100 BLOCK DEPAUL ST, Apt/Unit:6, DEPAUL VILLAGE APARTMENTS",39.705292088791,-77.324416689263,Match
"100 BLOCK DEPAUL ST, Apt/Unit:A3, SCHOOLHOUSE APTS",39.705292088791,-77.324416689263,Match
"100 BLOCK DEPAUL ST, Apt/Unit:B6, SCHOOLHOUSE APTS",39.705292088791,-77.324416689263,Match
"100 BLOCK DEPAUL ST, Bldg:B, Apt/Unit:6, SCHOOLHOUSE APTS",39.705292088791,-77.324416689263,Match
"100 BLOCK DEPAUL ST, DEPAUL VILLAGE APARTMENTS",39.705292088791,-77.324416689263,Match
"100 BLOCK DEPAUL ST, SAINT JOSEPHS ROMAN CATHOLIC CHURCH",39.705292088791,-77.324416689263,Match
100 BLOCK DONOVAN CT,,,No Match
100 BLOCK DORCHESTER DR,,,No Match
100 BLOCK DUNSFORD CT,39.485479404357,-77.345666809908,Match
100 BLOCK E A ST,39.313094229595,-77.625486587289,Match
"100 BLOCK E A ST, Apt/Unit:2",39.313094229595,-77.625486587289,Match
100 BLOCK E ALL SAINTS ST,39.41169597088,-77.407965754769,Match
"100 BLOCK E ALL SAINTS ST(P), FCPD HQ'S (P)",,,No Match
"100 BLOCK E ALL SAINTS ST(P), FPD HQ'S",,,No Match
"100 BLOCK E ALL SAINTS ST(P), FPD HQ'S (P)",,,No Match
"100 BLOCK E ALL SAINTS ST, ALL SAINTS PARKING DECK",39.41169597088,-77.407965754769,Match
"100 BLOCK E ALL SAINTS ST, Apt/Unit:309",39.41169597088,-77.407965754769,Match
"100 BLOCK E ALL SAINTS ST, FPD HQ'S",39.41169597088,-77.407965754769,Match
"100 BLOCK E ALL SAINTS ST, SCHAEFER BUILDING",39.41169597088,-77.407965754769,Match
100 BLOCK E B ST,,,No Match
100 BLOCK E BALTIMORE ST,,,No Match
"100 BLOCK E BALTIMORE ST, STATION CC005 - TANEYTOWN VFC",,,No Match
100 BLOCK E BROAD WAY,39.541086665876,-76.352094658889,Match
100 BLOCK E BROADWAY,39.541086665876,-76.352094658889,Match
100 BLOCK E C ST,,,No Match
100 BLOCK E CHURCH ST,,,No Match
"100 BLOCK E CHURCH ST, Apt/Unit:FIRST, CHURCH STREET PARKING DECK",,,No Match
"100 BLOCK E CHURCH ST, CHURCH STREET PARKING DECK",,,No Match
"100 BLOCK E CHURCH ST, EVANGELICAL LUTHERAN CHURCH",,,No Match
"100 BLOCK E CHURCH ST, EVANGELICAL LUTHERAN CHURCH - FREDERICK",,,No Match
"100 BLOCK E CHURCH ST, THE CELLAR DOOR",,,No Match
100 BLOCK E D ST,39.394167221485,-79.384880939424,Match
"100 BLOCK E D ST, BRUNSWICK RESERVOIR",39.394167221485,-79.384880939424,Match
100 BLOCK E E ST,39.316400655897,-77.623287098658,Match
100 BLOCK E EIGHTH ST,39.424142393455,-77.407665107525,Match
"100 BLOCK E EIGHTH ST, Apt/Unit:112, EIGHTH ST CT APARTMENTS",39.424142393455,-77.407665107525,Match
"100 BLOCK E EIGHTH ST, Apt/Unit:119, EIGHTH ST CT APARTMENTS",39.424142393455,-77.407665107525,Match
100 BLOCK E F ST,39.394356178023,-79.38275248427,Match
100 BLOCK E FIFTH ST,39.420147054338,-77.408190619237,Match
"100 BLOCK E FIFTH ST, LABORING SONS MEMORIAL PARK",39.420147054338,-77.408190619237,Match
100 BLOCK E FOURTH ST,,,No Match
100 BLOCK E FREDERICK ST,39.572998607291,-75.971750708359,Match
"100 BLOCK E FREDERICK ST, AMERICAN RED CROSS - WALKERSVILLE",39.572998607291,-75.971750708359,Match
"100 BLOCK E FREDERICK ST, ITALIA NEW YORK PIZZA",39.572998607291,-75.971750708359,Match
"100 BLOCK E FREDERICK ST, MCDONALDS - WALKERSVILLE",39.572998607291,-75.971750708359,Match
"100 BLOCK E FREDERICK ST, PIZZA HUT - WALKERSVILLE",39.572998607291,-75.971750708359,Match
"100 BLOCK E FREDERICK ST, PIZZA ITALIA",39.572998607291,-75.971750708359,Match
"100 BLOCK E FREDERICK ST, WALKERSVILLE POST OFFICE",39.572998607291,-75.971750708359,Match
100 BLOCK E G ST,39.318315982516,-77.622292430905,Match
100 BLOCK E GEORGE ST,39.569609017075,-76.993524366985,Match
100 BLOCK E GREEN ST,,,No Match
"100 BLOCK E GREEN ST, Apt/Unit:2",,,No Match
"100 BLOCK E GREEN ST, FOUNTAINDALE AUTO CENTER",,,No Match
"100 BLOCK E GREEN ST, MIDDLETOWN LIBRARY",,,No Match
100 BLOCK E K ST,39.32181578641,-77.619103580849,Match
"100 BLOCK E KING ST, STATION 20",,,No Match
"100 BLOCK E KING ST, STATION AC020 - ALPHA FC #1",,,No Match
100 BLOCK E MAIN ST,,,No Match
"100 BLOCK E MAIN ST, ANTIQUES FOLLY",,,No Match
"100 BLOCK E MAIN ST, Apt/Unit:303",,,No Match
"100 BLOCK E MAIN ST, MEMORIAL HALL APTS",,,No Match
"100 BLOCK E MAIN ST, TAVERN 100 BLOCK",,,No Match
"100 BLOCK E MAIN ST, THURMONT CARNIVAL GROUNDS",,,No Match
"100 BLOCK E MAIN ST, THURMONT EYECARE",,,No Match
"100 BLOCK E MAIN ST, TUSCANYS PIZZA",,,No Match
100 BLOCK E MOSER RD,39.309274740793,-76.622952529051,Match
"100 BLOCK E MOSER RD, THURMONT LIBERTY",39.309274740793,-76.622952529051,Match
"100 BLOCK E MOSER RD, THURMONT LIBRARY",39.309274740793,-76.622952529051,Match
100 BLOCK E NINTH ST,,,No Match
100 BLOCK E ORNDORFF DR,39.322905911779,-77.624424171985,Match
100 BLOCK E PATRICK ST,39.413999115903,-77.408993045609,Match
"100 BLOCK E PATRICK ST, Apt/Unit:3",39.413999115903,-77.408993045609,Match
"100 BLOCK E PATRICK ST, Apt/Unit:4",39.413999115903,-77.408993045609,Match
"100 BLOCK E PATRICK ST, C BURR ARTZ LIBRARY",39.413999115903,-77.408993045609,Match
"100 BLOCK E PATRICK ST, CAFE NOLA",39.413999115903,-77.408993045609,Match
"100 BLOCK E PATRICK ST, CARROLL CREEK PARKING DECK",39.413999115903,-77.408993045609,Match
"100 BLOCK E PATRICK ST, CITIZENS BALLROOM",39.413999115903,-77.408993045609,Match
"100 BLOCK E PATRICK ST, CIVIL WAR MUSEUM",39.413999115903,-77.408993045609,Match
"100 BLOCK E PATRICK ST, FREDERICK GAZETTE",39.413999115903,-77.408993045609,Match
"100 BLOCK E PATRICK ST, JUNO BAKERY",39.413999115903,-77.408993045609,Match
"100 BLOCK E PATRICK ST, SELECT SECONDS THRIFT SHOP",39.413999115903,-77.408993045609,Match
"100 BLOCK E PATRICK ST, VERIZON CENTRAL OFFICE - E PATRICK ST",39.413999115903,-77.408993045609,Match
100 BLOCK E SECOND ST,,,No Match
"100 BLOCK E SECOND ST, Apt/Unit:1",,,No Match
"100 BLOCK E SECOND ST, Apt/Unit:3",,,No Match
"100 BLOCK E SECOND ST, GRACE UNITED CHURCH",,,No Match
"100 BLOCK E SECOND ST, SOCIETY OF ST VINCENT DE PAUL",,,No Match
"100 BLOCK E SECOND ST, ST JOHN",,,No Match
"100 BLOCK E SECOND ST, ST JOHNS CHURCH",,,No Match
"100 BLOCK E SECOND ST, WEE FOLK SCHOOL",,,No Match
100 BLOCK E SEVENTH ST,39.422585186918,-77.407845425273,Match
"100 BLOCK E SEVENTH ST, VERNON AVE WATER TOWER",39.422585186918,-77.407845425273,Match
"100 BLOCK E SIXTEENTH ST, SIXTEENTH STREET APTS",39.433344825505,-77.402794375327,Match
100 BLOCK E SIXTH ST,39.421388187238,-77.40802092634,Match
100 BLOCK E SOUTH ST,39.410421065585,-77.408155691581,Match
"100 BLOCK E SOUTH ST, Apt/Unit:202",39.410421065585,-77.408155691581,Match
"100 BLOCK E SOUTH ST, Bldg:A",39.410421065585,-77.408155691581,Match
100 BLOCK E THIRD ST,,,No Match
"100 BLOCK E THIRD ST, Apt/Unit:2, GEORGETOWN APTS",,,No Match
"100 BLOCK E THIRD ST, Apt/Unit:4",,,No Match
"100 BLOCK E THIRD ST, Apt/Unit:5, GEORGETOWN APTS",,,No Match
"100 BLOCK E THIRD ST, Apt/Unit:7, GEORGETOWN APTS",,,No Match
"100 BLOCK E THIRD ST, GEORGETOWN APTS",,,No Match
100 BLOCK E THIRTEENTH ST,38.343343839448,-75.079921086886,Match
100 BLOCK EAST RD,39.380989418119,-77.162048762601,Match
100 BLOCK EAST ST,,,No Match
100 BLOCK EASTERN BLVD N,39.634695614443,-77.697506083686,Match
"100 BLOCK EASTERN BLVD N, STATION WC075 - COMMUNITY RESCUE SERVICE 75",39.634695614443,-77.697506083686,Match
"100 BLOCK EASTERN BLVD N, STATION WCE003 - INDEPENDENT JUNIOR FIRE ENGINE CO",39.634695614443,-77.697506083686,Match
100 BLOCK EASTERN CIR,,,No Match
"100 BLOCK EASY ST, Apt/Unit:13, ALBERT COURT CONDOS - 100 BLOCK EASY ST",39.625617269239,-77.393863063953,Match
"100 BLOCK EASY ST, Apt/Unit:ELEVATOR, ALBERT COURT CONDOS - 100 BLOCK EASY ST",39.625617269239,-77.393863063953,Match
100 BLOCK EIGHTH AVE,,,No Match
100 BLOCK EISENTOWN DR,38.894407741705,-76.781204615588,Match
"100 BLOCK ELI CT, DEARBOUGHT SWIMMING POOL",,,No Match
"100 BLOCK ELM ST, HILLSIDE TURKEY FARM - THURMONT",,,No Match
100 BLOCK EMMIT CT,39.214733542399,-76.636202687549,Match
100 BLOCK EMMITSBURG RD,39.629411001774,-77.409329825111,Match
100 BLOCK EVERGREEN CT,39.405684478708,-77.41649372166,Match
100 BLOCK EVERHART LN,,,No Match
100 BLOCK FAIRFIELD DR,,,No Match
100 BLOCK FAIRGROUND AVE,39.649767658014,-77.710698260353,Match
100 BLOCK FAIRVIEW AVE,,,No Match
100 BLOCK FAITH CT,,,No Match
100 BLOCK FARMSTEAD PL,,,No Match
100 BLOCK FEATHERSTONE PL,39.419651352319,-77.441257951987,Match
100 BLOCK FEDERAL AVE,39.707295661307,-77.322403310109,Match
100 BLOCK FIELDSTONE CT,39.463732862062,-77.40676797481,Match
100 BLOCK FIONA WAY,39.324782310866,-77.605359643639,Match
"100 BLOCK FIREMANS WAY, MIDDLETOWN FIRE COMPANY ACTIVITIES BUILDING",,,No Match
"100 BLOCK FIREMENS LN, MIDDLETOWN CARNIVAL GROUNDS",,,No Match
100 BLOCK FIRST AVE,,,No Match
100 BLOCK FLANAGAN RD,39.658807014545,-77.167374404219,Match
100 BLOCK FOURTH AVE,,,No Match
100 BLOCK FOX MEADOW DR,38.971132798788,-76.001024024471,Match
100 BLOCK FOX ROCK DR,,,No Match
100 BLOCK FRANKLIN ST,,,No Match
100 BLOCK FREDERICK HEALTH WAY,,,No Match
"100 BLOCK FREDERICK HEALTH WAY, FREDERICK HEALTH VILLAGE",,,No Match
"100 BLOCK FREDERICK RD, Bldg:E, RENOVATIONS SALON AND DAY SPA",,,No Match
"100 BLOCK FREDERICK RD, COMPREHENSIVE FINANCIAL SERVICES",,,No Match
"100 BLOCK FREDERICK RD, CRISWELL CHEVROLET",,,No Match
"100 BLOCK FREDERICK RD, CRISWELL JEEP / DODGE/ RAM",,,No Match
"100 BLOCK FREDERICK RD, DUNKIN DONUTS",,,No Match
"100 BLOCK FREDERICK RD, DUNKIN DONUTS - THURMONT",,,No Match
"100 BLOCK FREDERICK RD, MOUNTAIN GATE RESTAURANT",,,No Match
"100 BLOCK FREDERICK RD, SUNOCO - THURMONT",,,No Match
"100 BLOCK FREDERICK RD, THURMONT COMMUNITY PARK",,,No Match
"100 BLOCK FREDERICK RD, VITALLI'S PIZZA",,,No Match
"100 BLOCK FREDERICK ST, TANERY BARN",39.572998607291,-75.971750708359,Match
100 BLOCK FRUITWOOD TRL,,,No Match
100 BLOCK GALLORETTE CT,,,No Match
100 BLOCK GALYN DR,39.323783004346,-77.609106981886,Match
"100 BLOCK GARAGE DR, Apt/Unit:A",,,No Match
100 BLOCK GEOLEY CT,,,No Match
100 BLOCK GEORGE ST,,,No Match
100 BLOCK GEORGE THOMAS DR,39.46507328669,-77.40993558661,Match
100 BLOCK GEORGETOWN RD,38.950808946386,-76.486546862035,Match
100 BLOCK GIRL SCOUT RD,,,No Match
"100 BLOCK GLENBROOK DR, RICHLAND GOLF CLUB",38.355655567235,-75.554340134495,Match
"100 BLOCK GLENBROOK DR, RICHLAND GOLF CLUB - CROSS STONE COMMONS",38.355655567235,-75.554340134495,Match
100 BLOCK GOOD LN,,,No Match
100 BLOCK GRANTHAM CT,39.48557162584,-77.347507243542,Match
100 BLOCK GREENWAY DR,39.42599254088,-77.446773648069,Match
"100 BLOCK GREENWAY DR, Bldg:A",39.42599254088,-77.446773648069,Match
100 BLOCK GREENWICH DR,39.48725593224,-77.344769800654,Match
100 BLOCK GRIMES CT,39.368999694592,-77.16444649812,Match
100 BLOCK GUM SPRING RD,39.314319055776,-77.615603876098,Match
100 BLOCK HAHN CIR,39.588634211397,-76.992064067308,Match
100 BLOCK HAMILTON AVE,39.007194840108,-77.011483548467,Match
"100 BLOCK HAMILTON AVE, Apt/Unit:104",39.007194840108,-77.011483548467,Match
"100 BLOCK HAMILTON AVE, Apt/Unit:315",39.007194840108,-77.011483548467,Match
100 BLOCK HAMMOND DR,,,No Match
100 BLOCK HAMPTON PL,,,No Match
100 BLOCK HARP PL,,,No Match
"100 BLOCK HARP PL, MYERSVILLE PARK",,,No Match
100 BLOCK HARPERS MILL WAY,,,No Match
100 BLOCK HARPERS WAY,39.461921699144,-77.410742840277,Match
100 BLOCK HEATHFIELD DR,39.425439294375,-77.445195335829,Match
100 BLOCK HERITAGE LN,39.445852232188,-76.998307546971,Match
100 BLOCK HICKORY BRIDGE RD,,,No Match
100 BLOCK HIGH,,,No Match
"100 BLOCK HIGH ST, STATION CC010 - STATION 10",,,No Match
"100 BLOCK HIGH STREET, CARROLL STATION 10",,,No Match
100 BLOCK HILLCREST DR,,,No Match
"100 BLOCK HILLCREST DR, LATINO MARKET",,,No Match
"100 BLOCK HILLCREST DR, LATINO MARKET - VISTA SHOPS AT GOLDEN MILE",,,No Match
100 BLOCK HOLLING DR,39.430840171429,-77.402329982282,Match
"100 BLOCK HOLLING DR, Apt/Unit:207, EAST OF MARKET APARTMENTS - 100 BLOCK HOLLING DR",39.430840171429,-77.402329982282,Match
"100 BLOCK HOLLING DR, Apt/Unit:301, EAST OF MARKET APARTMENTS",39.430840171429,-77.402329982282,Match
"100 BLOCK HOLLING DR, Apt/Unit:302, EAST OF MARKET APARTMENTS - 100 BLOCK HOLLING DR",39.430840171429,-77.402329982282,Match
"100 BLOCK HOLLING DR, Apt/Unit:308, EAST OF MARKET APARTMENTS - 100 BLOCK HOLLING DR",39.430840171429,-77.402329982282,Match
"100 BLOCK HOLLING DR, Apt/Unit:309",39.430840171429,-77.402329982282,Match
"100 BLOCK HOLLING DR, Apt/Unit:310, EAST OF MARKET APARTMENTS - 100 BLOCK HOLLING DR",39.430840171429,-77.402329982282,Match
"100 BLOCK HOLLING DR, Apt/Unit:402, EAST OF MARKET APARTMENTS - 100 BLOCK HOLLING DR",39.430840171429,-77.402329982282,Match
"100 BLOCK HOLLING DR, DUFFY INC",39.430840171429,-77.402329982282,Match
"100 BLOCK HOLLING DR, EAST OF MARKET APARTMENTS",39.430840171429,-77.402329982282,Match
"100 BLOCK HOLLING DR, EAST OF MARKET APARTMENTS - 100 BLOCK HOLLING DR",39.430840171429,-77.402329982282,Match
100 BLOCK HORIZON DR,39.107190315579,-76.583465407769,Match
100 BLOCK IRONMASTER CT,39.612799085324,-77.404275344165,Match
100 BLOCK IRONMASTER DR,39.612799085324,-77.404275344165,Match
100 BLOCK IVY HILL DR,39.444032076295,-77.559699134858,Match
"100 BLOCK JAMES ST, Apt/Unit:6",,,No Match
"100 BLOCK JAMES ST, JAMES STREET APTS",,,No Match
100 BLOCK JANET TRL,38.256908305495,-76.419281355782,Match
100 BLOCK JEFFREY LN,39.521957918581,-79.33452809581,Match
100 BLOCK JENNI LYNN DR,,,No Match
100 BLOCK JENNIFER LYNNE DR,,,No Match
"100 BLOCK JOHN ST, STATION CC003 - WESTMINSTER FIRE ENGINE AND HOSE CO",,,No Match
100 BLOCK KENSINGTON PL,39.409957220662,-77.445421786948,Match
100 BLOCK KEY PKWY,39.423722529695,-77.455506152579,Match
"100 BLOCK KEY PKWY, Bldg:C",39.423722529695,-77.455506152579,Match
"100 BLOCK KEYESGAP RD, JEFFERSON COUNTY STATION 5",,,No Match
100 BLOCK KIMBERLY KRISTIN WAY,,,No Match
100 BLOCK KING AVE,,,No Match
100 BLOCK KLINE BLVD,39.418309842776,-77.430268003881,Match
100 BLOCK KNOLL SIDE LN,,,No Match
100 BLOCK LA PLATA CT,39.462612820243,-77.417113337804,Match
100 BLOCK LAMAR LN,39.262132132589,-76.485593414773,Match
100 BLOCK LAUBER CT,,,No Match
100 BLOCK LAUREN CT,39.414309494141,-77.451342873659,Match
"100 BLOCK LAUREN CT, BACKYARD",39.414309494141,-77.451342873659,Match
100 BLOCK LEATHER FERN WAY,39.419520068603,-77.441943222015,Match
100 BLOCK LEE TRL,,,No Match
100 BLOCK LEEKYLER PL,,,No Match
100 BLOCK LEFEVER ST,39.650848824735,-78.784715993077,Match
"100 BLOCK LIBERTY RD, WOODSBORO ELEMENTARY SCHOOL",,,No Match
100 BLOCK LINDEN BLVD,39.439895557481,-77.536628183494,Match
100 BLOCK LIVINGSTONE TER,38.378244739331,-75.590903212646,Match
100 BLOCK LOCUST CT,39.438586059746,-77.536654700307,Match
100 BLOCK LOCUST DR,,,No Match
100 BLOCK LOMBARD ST,,,No Match
100 BLOCK LONG ACRE CT,39.421291945469,-77.440464571648,Match
100 BLOCK LONG STREET DR,,,No Match
100 BLOCK LORD NICKENS ST,,,No Match
100 BLOCK LOVETT DR,,,No Match
100 BLOCK MADISON ST,,,No Match
100 BLOCK MAE WAY,,,No Match
100 BLOCK MAIN ST,,,No Match
100 BLOCK MANDA DR,39.44086983284,-77.526701591795,Match
100 BLOCK MAPLE AVE,,,No Match
"100 BLOCK MAPLE DR, COUNTY RENTALS",,,No Match
100 BLOCK MAROON CT,39.461096856089,-77.418003245253,Match
"100 BLOCK MARTHA MASON ST, Apt/Unit:MIDDLETOWN MIDDLE, MIDDLETOWN MIDDLE SCHOOL",,,No Match
"100 BLOCK MARTHA MASON ST, MIDDLETOWN MIDDLE SCHOOL",,,No Match
100 BLOCK MCMURRAY ST,39.409752827305,-77.414928531525,Match
100 BLOCK MEADOW LN,39.334343047574,-79.431168818753,Match
"100 BLOCK MERCER CT, Apt/Unit:211A, FAIRFIELD CONDOS - 100 BLOCK MERCER CT",39.420295649768,-77.431089178149,Match
"100 BLOCK MERCER CT, FAIRFIELD CONDOS - 100 BLOCK MERCER CT",39.420295649768,-77.431089178149,Match
"100 BLOCK MIDDLETOWN PKWY, BLACK HOG BBQ - CROSS STONE COMMONS",39.436092936323,-77.53020633452,Match
100 BLOCK MILE TRAIL,,,No Match
100 BLOCK MILL AVE,,,No Match
100 BLOCK MILL POND RD,39.447819371305,-77.396671078115,Match
"100 BLOCK MONOCACY BLVD, Apt/Unit:401, SUPER 8 MOTEL",39.402306703698,-77.406678196432,Match
"100 BLOCK MONOCACY BLVD, Apt/Unit:430, SUPER 8 MOTEL - FREDERICK",39.402306703698,-77.406678196432,Match
"100 BLOCK MONOCACY BLVD, Apt/Unit:B18, MID ATLANTIC FASTNERS",39.402306703698,-77.406678196432,Match
"100 BLOCK MONOCACY BLVD, Apt/Unit:UNIT A14",39.402306703698,-77.406678196432,Match
"100 BLOCK MONOCACY BLVD, COSTCO STORE",39.402306703698,-77.406678196432,Match
"100 BLOCK MONOCACY BLVD, COSTCO STORE GAS STATION",39.402306703698,-77.406678196432,Match
"100 BLOCK MONOCACY BLVD, COUNTY ELECTIONS WAREHOUSE",39.402306703698,-77.406678196432,Match
"100 BLOCK MONOCACY BLVD, FREDERICK WINE HOUSE",39.402306703698,-77.406678196432,Match
"100 BLOCK MONOCACY BLVD, MCDONALDS - MONOCACY BLVD",39.402306703698,-77.406678196432,Match
"100 BLOCK MONOCACY BLVD, PNC BANK",39.402306703698,-77.406678196432,Match
"100 BLOCK MONOCACY BLVD, PNC BANK - MONOCACY BLVD",39.402306703698,-77.406678196432,Match
"100 BLOCK MONOCACY BLVD, ROYAL FARMS",39.402306703698,-77.406678196432,Match
"100 BLOCK MONOCACY BLVD, ROYAL FARMS - MONOCACY BLVD",39.402306703698,-77.406678196432,Match
"100 BLOCK MONOCACY BLVD, SUPER 8 MOTEL",39.402306703698,-77.406678196432,Match
"100 BLOCK MONOCACY BLVD, SUPER 8 MOTEL - FREDERICK",39.402306703698,-77.406678196432,Match
"100 BLOCK MONOCACY BLVD, UHAUL - MONOCACY BLVD",39.402306703698,-77.406678196432,Match
"100 BLOCK MONOCACY BLVD, WENDYS - MONOCACY BLVD",39.402306703698,-77.406678196432,Match
100 BLOCK MONROE AVE,39.411161401005,-77.392190823586,Match
100 BLOCK MORAN CT,39.463616946144,-77.421660700002,Match
100 BLOCK MOUNT OLIVET BLVD,39.406509231514,-77.410013921691,Match
100 BLOCK MOUNTAIN CREEK CIR,39.419915961849,-77.442020995828,Match
100 BLOCK MOUNTAIN ORE CT,,,No Match
100 BLOCK MOUNTAIN OVERLOOK DR,39.537907329641,-79.358903142178,Match
"100 BLOCK MULBERRY ST, STATION WC004 - CLEAR SPRING VFC.",,,No Match
100 BLOCK N ALTAMONT AVE,39.627891733383,-77.412467012118,Match
100 BLOCK N BENTZ ST,39.415645641459,-77.414429926402,Match
"100 BLOCK N BENTZ ST, Apt/Unit:FIRST, WILLIAM H TALLEY RECREATION CENTER",39.415645641459,-77.414429926402,Match
100 BLOCK N BERLIN PIKE,39.21860489564,-76.636505956957,Match
100 BLOCK N CARROLL ST,39.625353688483,-77.403842079714,Match
"100 BLOCK N CHURCH ST, ASIAN CAFE - MIDDLETOWN",,,No Match
"100 BLOCK N CHURCH ST, LOVETTSVILLE POST OFFICE",,,No Match
"100 BLOCK N CHURCH ST, STATION 10",,,No Match
"100 BLOCK N CHURCH ST, STATION 30",,,No Match
100 BLOCK N COURT ST,,,No Match
"100 BLOCK N COURT ST, CITY HALL OF FREDERICK",,,No Match
"100 BLOCK N EAST ST, FREDERICK COFFEE COMPANY",,,No Match
"100 BLOCK N EAST ST, FREDERICK COFFEE COMPANY - SHAB ROW",,,No Match
100 BLOCK N JEFFERSON ST,,,No Match
"100 BLOCK N JEFFERSON ST, WESTPARK BUILDING",,,No Match
100 BLOCK N MAIN ST,,,No Match
"100 BLOCK N MAIN ST, ROSE BUD PERFUME COMPANY",,,No Match
"100 BLOCK N MAIN ST, ST JAMES CATHOLIC CHURCH",,,No Match
"100 BLOCK N MAIN ST, STATION WC007 - SMITHSBURG COMMUNITY VOL. FC.",,,No Match
"100 BLOCK N MAIN ST, TROUTS MARKET",,,No Match
"100 BLOCK N MAIN ST, WOODSBORO BANK",,,No Match
"100 BLOCK N MAIN ST, WOODSBORO BANK - WOODSBORO",,,No Match
100 BLOCK N MARKET ST,39.415417648013,-77.410766107798,Match
"100 BLOCK N MARKET ST, ACNB BANK - 100 BLOCK N MARKET ST - FREDERIICK",39.415417648013,-77.410766107798,Match
"100 BLOCK N MARKET ST, Apt/Unit:FRDRCKTWN B&T, COUNTY OFFICE BUILDING",39.415417648013,-77.410766107798,Match
"100 BLOCK N MARKET ST, BREWERS ALLEY",39.415417648013,-77.410766107798,Match
"100 BLOCK N MARKET ST, CURIOUS IGUANA",39.415417648013,-77.410766107798,Match
"100 BLOCK N MARKET ST, FREDERICK DELIGHTS",39.415417648013,-77.410766107798,Match
"100 BLOCK N MARKET ST, FREDERICK INNOVATIVE TECHNOLOGY CENTER",39.415417648013,-77.410766107798,Match
"100 BLOCK N MARKET ST, ISABELLAS TAVERNA & TAPAS BAR",39.415417648013,-77.410766107798,Match
"100 BLOCK N MARKET ST, SONA BANK",39.415417648013,-77.410766107798,Match
"100 BLOCK N MARKET ST, TASTING ROOM",39.415417648013,-77.410766107798,Match
"100 BLOCK N MARKET ST, WASTLERS BARBER SHOP",39.415417648013,-77.410766107798,Match
100 BLOCK N MARYLAND AVE,,,No Match
100 BLOCK N MCCAIN DR,39.420622284833,-77.453543795734,Match
"100 BLOCK N MCCAIN DR, HOME DEPOT",39.420622284833,-77.453543795734,Match
"100 BLOCK N MCCAIN DR, HOME DEPOT - FREDERICK TOWNE MALL / DISTRICT 40",39.420622284833,-77.453543795734,Match
"100 BLOCK N MCCAIN DR, SARDIS CHICKEN - MCCAIN PLAZA",39.420622284833,-77.453543795734,Match
100 BLOCK N SECOND ST,,,No Match
100 BLOCK N SETON AVE,39.704119461577,-77.327167661817,Match
"100 BLOCK N STRATTON ST, STATION AC001 - GETTYSBURG FD",39.660328059664,-75.85690822639,Match
100 BLOCK N VIRGINIA AVE,,,No Match
100 BLOCK N WISNER ST,39.410691608849,-77.40335700873,Match
"100 BLOCK N WISNER ST, IAO",39.410691608849,-77.40335700873,Match
100 BLOCK NEW CASTLE CT,39.421801695055,-77.433258692946,Match
"100 BLOCK NEW DESIGN RD, Apt/Unit:HTTPS://A91.IO/49XHS",,,No Match
100 BLOCK NINTH AVE,,,No Match
"100 BLOCK NORTH PL, CHURCH OF JESUS CHRIST OF LATTER DAY SAINTS",39.412551651866,-77.433011708905,Match
"100 BLOCK NORTH PL, FREDERICK HEALTH AND REHABILITATION CENTER",39.412551651866,-77.433011708905,Match
100 BLOCK NORTH POINTE CIR,,,No Match
100 BLOCK NORTH POINTE TER,,,No Match
"100 BLOCK NORTH POINTE TER, IAO",,,No Match
100 BLOCK NORVA AVE,39.412119335244,-77.431742074209,Match
100 BLOCK OLD BARN CT,,,No Match
"100 BLOCK OLD CAMP RD, WEIS MARKET - WEST POINTE PLAZA",,,No Match
"100 BLOCK OLD CAMP RD, WEIS MARKET WEST FREDERICK",,,No Match
"100 BLOCK OLD CAMP RD, WEIS MARKET WEST FREDERICK - WEST POINTE PLAZA",,,No Match
100 BLOCK OLD WAYNESBORO RD,,,No Match
100 BLOCK OVERCREEK CT,39.395414666237,-76.591348001792,Match
"100 BLOCK OVERCREEK CT, Apt/Unit:102",39.395414666237,-76.591348001792,Match
100 BLOCK PARK CT,,,No Match
100 BLOCK PARK DR,,,No Match
"100 BLOCK PARK LN, AMERICAN LEGION THURMONT",,,No Match
100 BLOCK PARK PL,,,No Match
"100 BLOCK PAWS PL, CATOCTIN VETERINARY CLINIC",,,No Match
"100 BLOCK PEARL ST, BYPASSED TO: 41(100 BLOCK) BLK PEARL ST",,,No Match
"100 BLOCK PEARL ST, STATION AC005 - ARENDTSVILLE COMMUNITY FC",,,No Match
"100 BLOCK PENNSYLVANIA AVE, Apt/Unit:408",,,No Match
"100 BLOCK PENNSYLVANIA AVE, Apt/Unit:506",,,No Match
"100 BLOCK PENNSYLVANIA AVE, Apt/Unit:509",,,No Match
100 BLOCK PETERSVILLE RD,39.314511530174,-77.62792723902,Match
"100 BLOCK PETERSVILLE RD, JERRYS LIQUORS",39.314511530174,-77.62792723902,Match
100 BLOCK PIPE MEADOW WAY,39.42225040902,-77.438729731147,Match
100 BLOCK PLEASANT ACRES DR,,,No Match
100 BLOCK POLARIS DR,39.486941614972,-77.346137565936,Match
"100 BLOCK POPLAR AVE, R R DONNELLY CO",,,No Match
100 BLOCK PORTER ST,39.650006169896,-78.814144390028,Match
100 BLOCK PORTS CIR,39.485404653506,-77.355501572444,Match
100 BLOCK POTOMAC ST,,,No Match
100 BLOCK POTTERFIELD DR,,,No Match
100 BLOCK PRINCETOWN DR,39.42539744511,-77.455328323737,Match
100 BLOCK PROSPECT RD,,,No Match
100 BLOCK PROSPECT ST,,,No Match
"100 BLOCK PROSPECT ST, MIDDLETOWN LIBRARY",,,No Match
"100 BLOCK PROSPECT ST, SAINT THOMAS MOORE ACADEMY",,,No Match
100 BLOCK PROVINCIAL PKWY,,,No Match
100 BLOCK PUMP HOUSE,,,No Match
100 BLOCK RAILROAD LN,39.652548390499,-77.575085283729,Match
100 BLOCK RANCH TRAIL,,,No Match
100 BLOCK RECORD ST,39.416172789641,-77.412943203536,Match
"100 BLOCK RECORD ST, RECORD STREET HOME",39.416172789641,-77.412943203536,Match
"100 BLOCK RHODE ISLAND CT, SAGNER APTS - RHODE ISLAND CT",39.411495816826,-77.400201288725,Match
100 BLOCK RICK MICHAEL WAY E,,,No Match
100 BLOCK RIDGE AVE,,,No Match
100 BLOCK RIVER ROCK RUN,39.424645483921,-79.420298815254,Match
"100 BLOCK ROBERTS MILL RD, Apt/Unit:10",39.65961704028,-77.172904569109,Match
100 BLOCK ROBINDALE DR,,,No Match
100 BLOCK ROCK CREEK WAY,39.612897579739,-77.394259093786,Match
"100 BLOCK ROSEWOOD CT, Apt/Unit:312, ROSEWOOD CONDOS",,,No Match
100 BLOCK ROTH AVE,39.655582651715,-77.162622544603,Match
"100 BLOCK ROUTZAHN WAY, ROUTZAHNS WAY FURNITURE OUTLET",39.444501157547,-77.395144545583,Match
"100 BLOCK ROUZER LN, Bldg:B",39.636844139595,-77.411918237396,Match
100 BLOCK ROYAL BONNET PL,39.419694020207,-77.440003117125,Match
"100 BLOCK S BENTZ ST, BENTZTOWN",39.411999034751,-77.416116285298,Match
"100 BLOCK S BENTZ ST, MULLINIX PARK",39.411999034751,-77.416116285298,Match
"100 BLOCK S BENTZ ST, PAVILLON",39.411999034751,-77.416116285298,Match
100 BLOCK S BERLIN PIKE,39.21860489564,-76.636505956957,Match
100 BLOCK S CARROLL ST,,,No Match
"100 BLOCK S CARROLL ST, Apt/Unit:100",,,No Match
"100 BLOCK S CARROLL ST, Apt/Unit:102",,,No Match
"100 BLOCK S CARROLL ST, Apt/Unit:SUITE 100, MSD SHOCKLEY HOUSE",,,No Match
"100 BLOCK S CARROLL ST, Bldg:11, Apt/Unit:100, MSD SHOCKLEY HOUSE",,,No Match
"100 BLOCK S CARROLL ST, Bldg:11, Apt/Unit:105, MSD SHOCKLEY HOUSE",,,No Match
"100 BLOCK S CARROLL ST, Bldg:11, MSD SHOCKLEY HOUSE",,,No Match
"100 BLOCK S CARROLL ST, DELAPLAINE ARTS CENTER",,,No Match
"100 BLOCK S CARROLL ST, MCCLINTOCK DISTILLING",,,No Match
"100 BLOCK S CARROLL ST, SCORPION SYSTEMS INC",,,No Match
100 BLOCK S CHURCH ST,,,No Match
"100 BLOCK S CHURCH ST, CHRIST REFORMED CHURCH",,,No Match
100 BLOCK S COURT ST,39.568877968908,-76.992769482326,Match
"100 BLOCK S COURT ST, Apt/Unit:FIRST",39.568877968908,-76.992769482326,Match
"100 BLOCK S COURT ST, CITIZENS TRUCK CO",39.568877968908,-76.992769482326,Match
"100 BLOCK S COURT ST, STATION 4",39.568877968908,-76.992769482326,Match
"100 BLOCK S EAST ST, FIRST UNITED BANK - S EAST ST - FREDERICK",39.412722865508,-77.405631123875,Match
"100 BLOCK S EAST ST, FREDERICK VISITORS CENTER",39.412722865508,-77.405631123875,Match
"100 BLOCK S EAST ST, MARC TRAIN STATION - FREDERICK",39.412722865508,-77.405631123875,Match
"100 BLOCK S EAST ST, MARC TRAIN STATION FREDERICK",39.412722865508,-77.405631123875,Match
100 BLOCK S FEDERAL ST,39.707295661307,-77.322403310109,Match
"100 BLOCK S GLADE RD(NEW), Apt/Unit:IAO, WALKERSVILLE LIBRARY",,,No Match
100 BLOCK S JEFFERSON ST,,,No Match
"100 BLOCK S JEFFERSON ST, BESIDE",,,No Match
100 BLOCK S LOUDOUN ST LOVETTSVILLE ES,,,No Match
"100 BLOCK S LOUDOUN ST LOVETTSVILLE ES, LOVETTSVILLE ES",,,No Match
"100 BLOCK S LOUDOUN ST, LOVETTSVILLE ES",39.284455523507,-76.682201714299,Match
100 BLOCK S MAIN ST,,,No Match
"100 BLOCK S MAIN ST, STATION AC006 - BIGLERVILLE FIRE HOSE AND TRUCK COMPANY #1",,,No Match
100 BLOCK S MAIN STREET,,,No Match
100 BLOCK S MAPLE AVE,39.312361415271,-77.627008837655,Match
"100 BLOCK S MAPLE AVE(P), Apt/Unit:213, THE RESIDENCES AT RAILROAD SQUARE",,,No Match
"100 BLOCK S MAPLE AVE(P), THE RESIDENCES AT RAILROAD SQUARE",,,No Match
"100 BLOCK S MAPLE AVE, AMERICAN LEGION - BRUNSWICK",39.312361415271,-77.627008837655,Match
"100 BLOCK S MAPLE AVE, Apt/Unit:D11, BRUNSWICK CAMPGROUND",39.312361415271,-77.627008837655,Match
"100 BLOCK S MAPLE AVE, BRUNSWICK CAMPGROUND",39.312361415271,-77.627008837655,Match
"100 BLOCK S MAPLE AVE, BRUNSWICK CAMPGROUND BOAT RAMP",39.312361415271,-77.627008837655,Match
"100 BLOCK S MAPLE AVE, MARC OPERATION CENTER",39.312361415271,-77.627008837655,Match
"100 BLOCK S MAPLE AVE, MARC TRAIN YARD",39.312361415271,-77.627008837655,Match
"100 BLOCK S MAPLE AVE, MOMMERS DINER",39.312361415271,-77.627008837655,Match
"100 BLOCK S MAPLE AVE, THE RESIDENCES AT RAILROAD SQUARE",39.312361415271,-77.627008837655,Match
100 BLOCK S MARKET ST,39.411856587699,-77.411207869433,Match
"100 BLOCK S MARKET ST(P), Bldg:A, Apt/Unit:2, MANNY MART",,,No Match
"100 BLOCK S MARKET ST(P), SMOKERS PARADISE (P)",,,No Match
"100 BLOCK S MARKET ST, Apt/Unit:2, HARDING APTS",39.411856587699,-77.411207869433,Match
"100 BLOCK S MARKET ST, Apt/Unit:4A, JUNO BAKERY",39.411856587699,-77.411207869433,Match
"100 BLOCK S MARKET ST, BLACK HOG BBQ & BAR - FREDERICK",39.411856587699,-77.411207869433,Match
"100 BLOCK S MARKET ST, Bldg:A, CARRIAGE HOUSE APTS",39.411856587699,-77.411207869433,Match
"100 BLOCK S MARKET ST, Bldg:A, MANNY MART",39.411856587699,-77.411207869433,Match
"100 BLOCK S MARKET ST, COMMUNITY ACTION AGENCY",39.411856587699,-77.411207869433,Match
"100 BLOCK S MARKET ST, COMMUNITY ACTION CENTER",39.411856587699,-77.411207869433,Match
"100 BLOCK S MARKET ST, HARDING APTS",39.411856587699,-77.411207869433,Match
"100 BLOCK S MARKET ST, HOOTCH & BANTER",39.411856587699,-77.411207869433,Match
"100 BLOCK S MARKET ST, LA PAZ MEXICAN RESTAURANT",39.411856587699,-77.411207869433,Match
"100 BLOCK S MARKET ST, SHUCKIN SHACK",39.411856587699,-77.411207869433,Match
"100 BLOCK S MARKET ST, SMOKERS PARADISE",39.411856587699,-77.411207869433,Match
"100 BLOCK S MARKET ST, STATION 3",39.411856587699,-77.411207869433,Match
"100 BLOCK S MARKET ST, SV FREDERICK LLC",39.411856587699,-77.411207869433,Match
"100 BLOCK S MARKET ST, TAFT PROPERTIES",39.411856587699,-77.411207869433,Match
"100 BLOCK S MARKET ST, THE ORIGINAL POPCORN HOUSE",39.411856587699,-77.411207869433,Match
100 BLOCK S MARYLAND AVE,,,No Match
100 BLOCK S MCCAIN DR,39.420622284833,-77.453543795734,Match
"100 BLOCK S MCCAIN DR, 100 BLOCK AND 97 MCCAIN DR",39.420622284833,-77.453543795734,Match
"100 BLOCK S MCCAIN DR, Apt/Unit:STE 3, HAWAIIAN TAN - MCCAIN CENTER",39.420622284833,-77.453543795734,Match
100 BLOCK S PENDLETON CT,,,No Match
"100 BLOCK S POTOMAC ST, HAGERSTOWN ENGINE 1",,,No Match
"100 BLOCK S POTOMAC ST, STATION FC002-1 - WAYNESBORO FD",,,No Match
100 BLOCK S SECOND ST,,,No Match
100 BLOCK S SETON AVE,39.704119461577,-77.327167661817,Match
100 BLOCK S VIRGINIA AVE,,,No Match
"100 BLOCK S VIRGINIA AVE, IAO",,,No Match
"100 BLOCK S WESTSIDE AVE, STATION WC010 - FUNKSTOWN VFC",39.609412327132,-77.710990304491,Match
100 BLOCK S WISNER ST,39.410691608849,-77.40335700873,Match
"100 BLOCK S WISNER ST, SOUTH SIDE TIRE & AUTO",39.410691608849,-77.40335700873,Match
100 BLOCK SADDLERIDGE CT,39.109705581954,-77.169998429148,Match
"100 BLOCK SAINT PAUL ST, STATION WC006 - THE 1ST HOSE COMPANY OF BOONSBORO",,,No Match
"100 BLOCK SANDERS RD, Apt/Unit:8A",39.424276028764,-79.463443249382,Match
"100 BLOCK SANDERS RD, Apt/Unit:8A, STATION 8 HIGHLAND LODGE",39.424276028764,-79.463443249382,Match
100 BLOCK SANDSTONE DR,39.48589535563,-77.342028375614,Match
"100 BLOCK SANDSTONE DR, Apt/Unit:301, VICTORIA PARK AT WALKERSVILLE",39.48589535563,-77.342028375614,Match
"100 BLOCK SANDSTONE DR, CIRCLE K",39.48589535563,-77.342028375614,Match
"100 BLOCK SANDY SPRING CT 4, Apt/Unit:4",,,No Match
100 BLOCK SARA LN,39.657356433009,-77.583796608205,Match
100 BLOCK SAVANNAH CT,39.48660537029,-77.337659597497,Match
100 BLOCK SCHOOL HOUSE CT,,,No Match
100 BLOCK SCHOOLHOUSE DR,,,No Match
100 BLOCK SECOND AVE,,,No Match
100 BLOCK SHELLDRAKE CT,,,No Match
100 BLOCK SHERWOOD DR,,,No Match
"100 BLOCK SILO HILL RD, Apt/Unit:8, EMMITSBURG LIQUOR",39.703919024461,-77.317363255636,Match
100 BLOCK SMITHFIELD DR,39.448197145964,-77.520830509667,Match
100 BLOCK SOUDER RD,39.325067253685,-77.621894528829,Match
"100 BLOCK SOUDER RD, CROWN STATION",39.325067253685,-77.621894528829,Match
"100 BLOCK SOUDER RD, DOMINOS PIZZA - BRUNSWICK SHOPPING CENTER",39.325067253685,-77.621894528829,Match
"100 BLOCK SOUDER RD, ROY ROGERS BRUNSWICK - BRUNSWICK SHOPPING CENTER",39.325067253685,-77.621894528829,Match
100 BLOCK SPRING FARM DR,,,No Match
"100 BLOCK ST, STATION AC005 - ARENDTSVILLE COMMUNITY FC",,,No Match
100 BLOCK STADIUM DR,,,No Match
"100 BLOCK STADIUM DR, NYMEO FIELD AT HARRY GROVE STADIUM",,,No Match
100 BLOCK STEINER WAY,,,No Match
"100 BLOCK STEINER WAY, Apt/Unit:A",,,No Match
"100 BLOCK STEINER WAY, Bldg:3",,,No Match
"100 BLOCK STEINER WAY, Bldg:4",,,No Match
"100 BLOCK STEINER WAY, Bldg:B",,,No Match
100 BLOCK STOCKS ST,,,No Match
100 BLOCK STONEBRAKER WAY,,,No Match
100 BLOCK STONEGATE DR,,,No Match
100 BLOCK STONEY PARK WAY,,,No Match
100 BLOCK STORAGE WAY,39.40663885689,-77.386618930623,Match
100 BLOCK SUMMIT AVE,,,No Match
100 BLOCK SUNHIGH CT,39.618311985586,-77.419391566885,Match
100 BLOCK SUNHIGH DR,39.617394789931,-77.42628510108,Match
100 BLOCK SUNLIGHT CT,39.465966990104,-77.417756966808,Match
100 BLOCK SUNNY CLOSE,,,No Match
100 BLOCK SUNNY CT,39.61639805333,-77.392186802636,Match
100 BLOCK SUNNY WAY,39.616553509232,-77.392796736464,Match
"100 BLOCK SUNNY WAY, FIRST BAPTIST CHURCH - THURMONT",39.616553509232,-77.392796736464,Match
100 BLOCK SUNSPOT TRL,,,No Match
100 BLOCK SUSPOT TRL,,,No Match
100 BLOCK TENTH AVE,39.225041986325,-76.615202384613,Match
100 BLOCK TERBEN CT,,,No Match
100 BLOCK TERRACE AVE,,,No Match
"100 BLOCK THIRD ST, STATION 16",,,No Match
100 BLOCK THOMAS JOHNSON DR,39.446417824044,-77.405437418754,Match
"100 BLOCK THOMAS JOHNSON DR, AMBER MEADOWS PROFESSIONAL BUILDING - NORTH AMBER BUSINESS PARK",39.446417824044,-77.405437418754,Match
"100 BLOCK THOMAS JOHNSON DR, AMBER MEADOWS SHOPPING CENTER - 100 BLOCK THOMAS JOHNSON DR",39.446417824044,-77.405437418754,Match
"100 BLOCK THOMAS JOHNSON DR, ASPEN RIDGE",39.446417824044,-77.405437418754,Match
"100 BLOCK THOMAS JOHNSON DR, Apt/Unit:170, FREDERICK FOOT & ANKLE",39.446417824044,-77.405437418754,Match
"100 BLOCK THOMAS JOHNSON DR, Apt/Unit:170, RED CROSS FREDERICK",39.446417824044,-77.405437418754,Match
"100 BLOCK THOMAS JOHNSON DR, Apt/Unit:180, ATHLETIC CLINIC",39.446417824044,-77.405437418754,Match
"100 BLOCK THOMAS JOHNSON DR, Apt/Unit:180, RED CROSS FREDERICK",39.446417824044,-77.405437418754,Match
"100 BLOCK THOMAS JOHNSON DR, Apt/Unit:4, RADAIOLOGY",39.446417824044,-77.405437418754,Match
"100 BLOCK THOMAS JOHNSON DR, Apt/Unit:4, USDA - FREDERICK RESEARCH PARK",39.446417824044,-77.405437418754,Match
"100 BLOCK THOMAS JOHNSON DR, Apt/Unit:A",39.446417824044,-77.405437418754,Match
"100 BLOCK THOMAS JOHNSON DR, Apt/Unit:ABC, FREDERICK HEALTH",39.446417824044,-77.405437418754,Match
"100 BLOCK THOMAS JOHNSON DR, Apt/Unit:B, FHH",39.446417824044,-77.405437418754,Match
"100 BLOCK THOMAS JOHNSON DR, Apt/Unit:HTTPS://A91.IO/WXU11",39.446417824044,-77.405437418754,Match
"100 BLOCK THOMAS JOHNSON DR, Apt/Unit:OFC, SHEETZ - GOVERNORS CHOICE",39.446417824044,-77.405437418754,Match
"100 BLOCK THOMAS JOHNSON DR, Apt/Unit:STE A",39.446417824044,-77.405437418754,Match
"100 BLOCK THOMAS JOHNSON DR, Apt/Unit:SUITE 109, JOHNS HOPKINS COMMUNITY PHYSICIANS",39.446417824044,-77.405437418754,Match
"100 BLOCK THOMAS JOHNSON DR, Apt/Unit:SUITE 170, FREDERICK FOOT & ANKLE",39.446417824044,-77.405437418754,Match
"100 BLOCK THOMAS JOHNSON DR, Apt/Unit:SUITE C, NATIONAL SPINE AND PAIN CENTER - FREDERICK RESEARCH PARK",39.446417824044,-77.405437418754,Match
"100 BLOCK THOMAS JOHNSON DR, Bldg:B, BRIGHT NOW DENTAL",39.446417824044,-77.405437418754,Match
"100 BLOCK THOMAS JOHNSON DR, Bldg:J",39.446417824044,-77.405437418754,Match
"100 BLOCK THOMAS JOHNSON DR, DAVITA DIALYSIS",39.446417824044,-77.405437418754,Match
"100 BLOCK THOMAS JOHNSON DR, EDCO - FREDERICK RESEARCH PARK",39.446417824044,-77.405437418754,Match
"100 BLOCK THOMAS JOHNSON DR, FCPS WAREHOUSE - GOVERNORS CHOICE",39.446417824044,-77.405437418754,Match
"100 BLOCK THOMAS JOHNSON DR, FREDERICK FOOT & ANKLE",39.446417824044,-77.405437418754,Match
"100 BLOCK THOMAS JOHNSON DR, FREDERICK INTERNAL MEDICINE",39.446417824044,-77.405437418754,Match
"100 BLOCK THOMAS JOHNSON DR, FREDERICK PRIMARY CARE ASSOCIATES - 100 BLOCK THOMAS JOHNSON DR",39.446417824044,-77.405437418754,Match
"100 BLOCK THOMAS JOHNSON DR, GOVENORS PLACE LLC",39.446417824044,-77.405437418754,Match
"100 BLOCK THOMAS JOHNSON DR, MONOCACY VALLEY MONTESSORI SCHOOL",39.446417824044,-77.405437418754,Match
"100 BLOCK THOMAS JOHNSON DR, MONOCACY VALLEY MONTESSORI SCHOOL - FREDERICK RESEARCH PARK",39.446417824044,-77.405437418754,Match
"100 BLOCK THOMAS JOHNSON DR, MORGAN KELLER - FREDERICK RESEARCH PARK",39.446417824044,-77.405437418754,Match
"100 BLOCK THOMAS JOHNSON DR, PARKING LOT",39.446417824044,-77.405437418754,Match
"100 BLOCK THOMAS JOHNSON DR, PATRIOT PROFESSIONAL CENTER",39.446417824044,-77.405437418754,Match
"100 BLOCK THOMAS JOHNSON DR, PATRIOT PROFESSIONAL CENTER - FREDERICK RESEARCH PARK",39.446417824044,-77.405437418754,Match
"100 BLOCK THOMAS JOHNSON DR, PNC BANK",39.446417824044,-77.405437418754,Match
"100 BLOCK THOMAS JOHNSON DR, PNC BANK - FREDERICK RESEARCH PARK",39.446417824044,-77.405437418754,Match
"100 BLOCK THOMAS JOHNSON DR, SHEETZ - GOVERNORS CHOICE",39.446417824044,-77.405437418754,Match
"100 BLOCK THOMAS JOHNSON DR, STATION 29",39.446417824044,-77.405437418754,Match
"100 BLOCK THOMAS JOHNSON DR, TUBES MART SELF STORAGE",39.446417824044,-77.405437418754,Match
"100 BLOCK THOMAS JOHNSON DR, WEIS MARKET - AMBER MEADOWS",39.446417824044,-77.405437418754,Match
100 BLOCK THUNDER TRL,,,No Match
"100 BLOCK THURMONT BLVD, KFC TACO BELL - THURMONT",,,No Match
"100 BLOCK THURMONT BLVD, KFC TACO BELL THURMONT",,,No Match
"100 BLOCK THURMONT BLVD, WEIS MARKET - THURMONT",,,No Match
100 BLOCK TILE SILO CT,,,No Match
100 BLOCK TILGHAM PL,,,No Match
100 BLOCK TILLMAN PL,39.410118786279,-77.446078090993,Match
100 BLOCK TOBIAS RUN CT,,,No Match
100 BLOCK TOLLHOUSE CT,39.421216272045,-77.441411216916,Match
100 BLOCK TOWN CENTER DR,,,No Match
100 BLOCK TOWN SQ,39.383221618675,-77.145164114543,Match
"100 BLOCK TREATMENT PLANT RD, FREDERICK WASTEWATER PLANT",,,No Match
"100 BLOCK TUSCANNEY DR, Bldg:C",39.440926328053,-77.43898453599,Match
"100 BLOCK TUSCANNEY DR, OLD FARM VET",39.440926328053,-77.43898453599,Match
100 BLOCK UNIVERSITY DR,,,No Match
100 BLOCK UPPER COLLEGE TER,39.416337266073,-77.420658875394,Match
100 BLOCK VICTOR DR,39.616071173901,-77.403172312926,Match
100 BLOCK VICTORIA SQ,39.424408705875,-77.453834072863,Match
100 BLOCK W ALL SAINTS ST,39.411917666529,-77.412579518527,Match
"100 BLOCK W ALL SAINTS ST, IAO",39.411917666529,-77.412579518527,Match
100 BLOCK W BROAD WAY,39.538126206629,-76.356673774518,Match
100 BLOCK W C ST,39.315462918962,-77.628931782503,Match
100 BLOCK W CHAPLIN ST,39.459428109105,-77.749321142714,Match
"100 BLOCK W CHAPLINE ST, Bldg:1/2, STATION WC019 - SHARPSBURG AREA EMERGENCY MEDICAL SERVICES",39.459428109105,-77.749321142714,Match
"100 BLOCK W CHAPLINE ST, STATION WC001 - SHARPSBURG FIRE",39.459428109105,-77.749321142714,Match
100 BLOCK W CHURCH ST,,,No Match
"100 BLOCK W CHURCH ST, ALL SAINTS EPISCOPAL CHURCH REAR BUILDING",,,No Match
"100 BLOCK W CHURCH ST, EVANGELICAL REFORMED CHURCH",,,No Match
"100 BLOCK W CHURCH ST, RISER ACADEMY",,,No Match
"100 BLOCK W CHURCH ST, RUPERT PROPERTIES",,,No Match
"100 BLOCK W CHURCH ST, THE TEMPLE PAUL MITCHELL PARTNER SCHOOL",,,No Match
100 BLOCK W D ST,39.316626920337,-77.629741092169,Match
100 BLOCK W E ST,39.317675455194,-77.629264061086,Match
"100 BLOCK W ELIZABETH ST, AMERICAN LEGION - WOODSBORO",,,No Match
100 BLOCK W FIFTH ST,39.420363671003,-77.411486084525,Match
100 BLOCK W FOURTEENTH ST,39.43239303635,-77.408136831628,Match
"100 BLOCK W FOURTEENTH ST, IAO",39.43239303635,-77.408136831628,Match
"100 BLOCK W FOURTEENTH ST, IFO",39.43239303635,-77.408136831628,Match
100 BLOCK W FOURTH ST,,,No Match
100 BLOCK W FREDERICK ST,39.572998607291,-75.971750708359,Match
"100 BLOCK W FREDERICK ST, AUTUMN LAKE HEALTHCARE AT GLADE VALLEY",39.572998607291,-75.971750708359,Match
"100 BLOCK W FREDERICK ST, Bldg:B, Apt/Unit:ROCK CREEK SCHOOL, ROCK CREEK SCHOOL",39.572998607291,-75.971750708359,Match
"100 BLOCK W FREDERICK ST, FCPS FOOD & NUTRITION SERVICES",39.572998607291,-75.971750708359,Match
"100 BLOCK W FREDERICK ST, STATION 11",39.572998607291,-75.971750708359,Match
"100 BLOCK W FREDERICK ST, STATION 24",39.572998607291,-75.971750708359,Match
"100 BLOCK W FREDERICK ST, WALKERSVILLE HIGH SCHOOL",39.572998607291,-75.971750708359,Match
"100 BLOCK W FREDERICK ST, WALKERSVILLE MIDDLE SCHOOL",39.572998607291,-75.971750708359,Match
100 BLOCK W HAMMAKER ST,39.619805607682,-77.393205632589,Match
100 BLOCK W I ST,39.395194328497,-79.379628297557,Match
100 BLOCK W J ST,,,No Match
"100 BLOCK W LOCUST ST, STATION CC00100 BLOCK - UNION BRIDGE VFC INC",,,No Match
100 BLOCK W MAIN ST,,,No Match
"100 BLOCK W MAIN ST, 100 BLOCK-105 W MAIN ST",,,No Match
"100 BLOCK W MAIN ST, Apt/Unit:1, WOODSBORO CRAFTSMEN",,,No Match
"100 BLOCK W MAIN ST, Apt/Unit:2",,,No Match
"100 BLOCK W MAIN ST, BACKSIDE",,,No Match
"100 BLOCK W MAIN ST, DEMPSEYS GRILL",,,No Match
"100 BLOCK W MAIN ST, MIDDLETOWN TOWN OFFICE",,,No Match
"100 BLOCK W MAIN ST, NEW MARKET ELEMENTARY SCHOOL",,,No Match
"100 BLOCK W MAIN ST, NEW MARKET MIDDLE SCHOOL",,,No Match
"100 BLOCK W MAIN ST, OSTEOPATHIC PRIMARY CARE",,,No Match
"100 BLOCK W MAIN ST, SPORTSLAND",,,No Match
"100 BLOCK W MAIN ST, STATION 15",,,No Match
"100 BLOCK W MAIN ST, STATION 6",,,No Match
"100 BLOCK W MAIN ST, TEST TEST TEST TEST",,,No Match
"100 BLOCK W MAIN ST, THE DERBY",,,No Match
"100 BLOCK W MAIN ST, THE MAIN CUP",,,No Match
"100 BLOCK W MAIN ST, TRO",,,No Match
"100 BLOCK W MAIN ST, VFW POST - EMMITSBURG",,,No Match
"100 BLOCK W MAIN ST, ZION LUTHERAN CHURCH",,,No Match
100 BLOCK W MIDDLE ST,,,No Match
"100 BLOCK W MOSER RD, MOSER MANOR APTS",39.309274740793,-76.622952529051,Match
100 BLOCK W ORNDORFF DR,39.322905911779,-77.624424171985,Match
100 BLOCK W PATRICK ST,39.414198451739,-77.412349841998,Match
"100 BLOCK W PATRICK ST, ANNEX PARKING DECK",39.414198451739,-77.412349841998,Match
"100 BLOCK W PATRICK ST, Apt/Unit:ELEVATOR 2, ANNEX PARKING DECK",39.414198451739,-77.412349841998,Match
"100 BLOCK W PATRICK ST, Apt/Unit:LOWER",39.414198451739,-77.412349841998,Match
"100 BLOCK W PATRICK ST, Apt/Unit:LOWER, ANNEX PARKING DECK",39.414198451739,-77.412349841998,Match
"100 BLOCK W PATRICK ST, Apt/Unit:LOWER, FREDERICK COUNTY COURTHOUSE",39.414198451739,-77.412349841998,Match
"100 BLOCK W PATRICK ST, Bldg:A, MCCLELLAN VETERINARY CLINIC",39.414198451739,-77.412349841998,Match
"100 BLOCK W PATRICK ST, FRANCIS SCOTT KEY APTS",39.414198451739,-77.412349841998,Match
"100 BLOCK W PATRICK ST, FREDERICK CITY ANNEX",39.414198451739,-77.412349841998,Match
"100 BLOCK W PATRICK ST, FREDERICK COUNTY COURTHOUSE",39.414198451739,-77.412349841998,Match
"100 BLOCK W PATRICK ST, NATIONAL MUSEAUM OF CIVIL WAR",39.414198451739,-77.412349841998,Match
"100 BLOCK W PATRICK ST, PATRICK CENTER",39.414198451739,-77.412349841998,Match
"100 BLOCK W PATRICK ST, WEINBERG CENTER",39.414198451739,-77.412349841998,Match
100 BLOCK W PENNSYLVANIA AVE,,,No Match
"100 BLOCK W PENNSYLVANIA AVE, SAINT PAULS LUTHERAN CHURCH - WALKERSVILLE",,,No Match
100 BLOCK W POTOMAC ST,,,No Match
"100 BLOCK W POTOMAC ST, Apt/Unit:102",,,No Match
"100 BLOCK W POTOMAC ST, Apt/Unit:103",,,No Match
"100 BLOCK W POTOMAC ST, Apt/Unit:3",,,No Match
"100 BLOCK W POTOMAC ST, Apt/Unit:ST 102",,,No Match
100 BLOCK W SECOND ST,,,No Match
"100 BLOCK W SECOND ST, FREDERICK PRESBYTERIAN",,,No Match
100 BLOCK W SEVENTH ST,39.422943257093,-77.411903579932,Match
"100 BLOCK W SEVENTH ST, Apt/Unit:201",39.422943257093,-77.411903579932,Match
100 BLOCK W SOUTH ST,39.410723990246,-77.41274983916,Match
"100 BLOCK W SOUTH ST, Apt/Unit:1",39.410723990246,-77.41274983916,Match
"100 BLOCK W SOUTH ST, Apt/Unit:107",39.410723990246,-77.41274983916,Match
"100 BLOCK W SOUTH ST, Apt/Unit:110",39.410723990246,-77.41274983916,Match
"100 BLOCK W SOUTH ST, Apt/Unit:113",39.410723990246,-77.41274983916,Match
"100 BLOCK W SOUTH ST, Apt/Unit:118",39.410723990246,-77.41274983916,Match
"100 BLOCK W SOUTH ST, Apt/Unit:309",39.410723990246,-77.41274983916,Match
"100 BLOCK W SOUTH ST, Apt/Unit:C",39.410723990246,-77.41274983916,Match
"100 BLOCK W SOUTH ST, MOOSE LODGE",39.410723990246,-77.41274983916,Match
"100 BLOCK W SOUTH ST, SOUTH STREET SCHOOL APTS",39.410723990246,-77.41274983916,Match
"100 BLOCK W SOUTH ST, SOUTH STREET SENIOR 4",39.410723990246,-77.41274983916,Match
100 BLOCK W STONER,,,No Match
100 BLOCK W THIRD ST,,,No Match
"100 BLOCK W THIRD ST, Apt/Unit:1",,,No Match
"100 BLOCK W THIRD ST, Apt/Unit:A",,,No Match
"100 BLOCK W THIRD ST, IAO",,,No Match
100 BLOCK WAGON SHED CT,,,No Match
100 BLOCK WAGON SHED LN,,,No Match
"100 BLOCK WALKERS VILLAGE WAY, ANIMAL CARE CLINIC",,,No Match
100 BLOCK WALNUT POND CT,,,No Match
100 BLOCK WALNUT ST,,,No Match
"100 BLOCK WALNUT ST, GLADHILL FURNITURE - MIDDLETOWN",,,No Match
"100 BLOCK WALNUT ST, SOUTH MOUNTAIN COLLISION & AUTO CENTER",,,No Match
100 BLOCK WASH HOUSE CIR,,,No Match
100 BLOCK WASHINGTON ST,,,No Match
100 BLOCK WATER LAND CT,39.421402594085,-77.442355201061,Match
100 BLOCK WATER ST,,,No Match
"100 BLOCK WATER ST, Apt/Unit:2",,,No Match
"100 BLOCK WATER ST, IAO OF TOWN SQUARE",,,No Match
"100 BLOCK WATER ST, KOUNTRY KITCHEN",,,No Match
"100 BLOCK WATER ST, NAPA AUTO PARTS",,,No Match
"100 BLOCK WATER ST, THE SUDS SHOP",,,No Match
"100 BLOCK WATER ST, THURMONT AUTO PARTS",,,No Match
"100 BLOCK WAVERLEY DR, Apt/Unit:201, ELMWOOD TERRACE APTS",39.424282647626,-77.459420161109,Match
"100 BLOCK WAVERLEY DR, BARGAIN BIN - FREDERICK TOWNE MALL / DISTRICT 40",39.424282647626,-77.459420161109,Match
"100 BLOCK WAVERLEY DR, Bldg:A, Apt/Unit:105, ELMWOOD TERRACE APTS - BLDG A",39.424282647626,-77.459420161109,Match
"100 BLOCK WAVERLEY DR, Bldg:A, Apt/Unit:302, ELMWOOD TERRACE APTS",39.424282647626,-77.459420161109,Match
"100 BLOCK WAVERLEY DR, Bldg:AA, Apt/Unit:104, ELMWOOD TERRACE APTS - BLDG AA",39.424282647626,-77.459420161109,Match
"100 BLOCK WAVERLEY DR, Bldg:B, ELMWOOD TERRACE APTS",39.424282647626,-77.459420161109,Match
"100 BLOCK WAVERLEY DR, Bldg:BB, Apt/Unit:204, ELMWOOD TERRACE APTS - BLDG BB",39.424282647626,-77.459420161109,Match
"100 BLOCK WAVERLEY DR, Bldg:BB, Apt/Unit:304, ELMWOOD TERRACE APTS - BLDG BB",39.424282647626,-77.459420161109,Match
"100 BLOCK WAVERLEY DR, Bldg:C, Apt/Unit:104, ELMWOOD TERRACE APTS - BLDG C",39.424282647626,-77.459420161109,Match
"100 BLOCK WAVERLEY DR, Bldg:CC, ELMWOOD TERRACE APTS",39.424282647626,-77.459420161109,Match
"100 BLOCK WAVERLEY DR, Bldg:DD, Apt/Unit:303, ELMWOOD TERRACE APTS - BLDG DD",39.424282647626,-77.459420161109,Match
"100 BLOCK WAVERLEY DR, Bldg:E, Apt/Unit:301, ELMWOOD TERRACE APTS - BLDG E",39.424282647626,-77.459420161109,Match
"100 BLOCK WAVERLEY DR, Bldg:EE, Apt/Unit:302, ELMWOOD TERRACE APTS - BLDG EE",39.424282647626,-77.459420161109,Match
"100 BLOCK WAVERLEY DR, Bldg:G, Apt/Unit:202, ELMWOOD TERRACE APTS - BLDG G",39.424282647626,-77.459420161109,Match
"100 BLOCK WAVERLEY DR, Bldg:GG, ELMWOOD TERRACE APTS - BLDG GG",39.424282647626,-77.459420161109,Match
"100 BLOCK WAVERLEY DR, Bldg:II, Apt/Unit:105, ELMWOOD TERRACE APTS - BLDG II",39.424282647626,-77.459420161109,Match
"100 BLOCK WAVERLEY DR, Bldg:II, Apt/Unit:109, ELMWOOD TERRACE APTS - BLDG II",39.424282647626,-77.459420161109,Match
"100 BLOCK WAVERLEY DR, Bldg:II, Apt/Unit:205, ELMWOOD TERRACE APTS - BLDG II",39.424282647626,-77.459420161109,Match
"100 BLOCK WAVERLEY DR, Bldg:II, ELMWOOD TERRACE APTS - BLDG II",39.424282647626,-77.459420161109,Match
"100 BLOCK WAVERLEY DR, Bldg:J, ELMWOOD TERRACE APTS - BLDG J",39.424282647626,-77.459420161109,Match
"100 BLOCK WAVERLEY DR, Bldg:JJ, Apt/Unit:302, ELMWOOD TERRACE APTS - BLDG JJ",39.424282647626,-77.459420161109,Match
"100 BLOCK WAVERLEY DR, Bldg:L, ELMWOOD TERRACE APTS - BLDG L",39.424282647626,-77.459420161109,Match
"100 BLOCK WAVERLEY DR, Bldg:LL, Apt/Unit:106, ELMWOOD TERRACE APTS - BLDG LL",39.424282647626,-77.459420161109,Match
"100 BLOCK WAVERLEY DR, Bldg:LL, Apt/Unit:311, ELMWOOD TERRACE APTS - BLDG LL",39.424282647626,-77.459420161109,Match
"100 BLOCK WAVERLEY DR, Bldg:LL, ELMWOOD TERRACE APTS - BLDG LL",39.424282647626,-77.459420161109,Match
"100 BLOCK WAVERLEY DR, Bldg:M, Apt/Unit:202, ELMWOOD TERRACE APTS - BLDG M",39.424282647626,-77.459420161109,Match
"100 BLOCK WAVERLEY DR, Bldg:M, Apt/Unit:302, ELMWOOD TERRACE APTS - BLDG M",39.424282647626,-77.459420161109,Match
"100 BLOCK WAVERLEY DR, Bldg:O, ELMWOOD TERRACE APTS - BLDG O",39.424282647626,-77.459420161109,Match
"100 BLOCK WAVERLEY DR, Bldg:Q, ELMWOOD TERRACE APTS - BLDG Q",39.424282647626,-77.459420161109,Match
"100 BLOCK WAVERLEY DR, Bldg:R, ELMWOOD TERRACE APTS - BLDG R",39.424282647626,-77.459420161109,Match
"100 BLOCK WAVERLEY DR, Bldg:T, ELMWOOD TERRACE APTS - BLDG T",39.424282647626,-77.459420161109,Match
"100 BLOCK WAVERLEY DR, Bldg:V, Apt/Unit:V302, ELMWOOD TERRACE APTS - BLDG V",39.424282647626,-77.459420161109,Match
"100 BLOCK WAVERLEY DR, Bldg:W, Apt/Unit:201, ELMWOOD TERRACE APTS - BLDG W",39.424282647626,-77.459420161109,Match
"100 BLOCK WAVERLEY DR, Bldg:X, Apt/Unit:204, ELMWOOD TERRACE APTS - BLDG X",39.424282647626,-77.459420161109,Match
"100 BLOCK WAVERLEY DR, Bldg:X, Apt/Unit:304, ELMWOOD TERRACE APTS - BLDG X",39.424282647626,-77.459420161109,Match
"100 BLOCK WAVERLEY DR, ELMWOOD TERRACE APTS",39.424282647626,-77.459420161109,Match
"100 BLOCK WAVERLEY DR, WAVERLEY BEER & WINE - WAVERLEY CENTER",39.424282647626,-77.459420161109,Match
"100 BLOCK WAVERLEY DR, WAVERLEY CENTER",39.424282647626,-77.459420161109,Match
"100 BLOCK WAVERLEY DR, WEST FREDERICK CENTER",39.424282647626,-77.459420161109,Match
"100 BLOCK WAVERLY DR, Apt/Unit:202",,,No Match
100 BLOCK WAYNESBORO PIKE,,,No Match
"100 BLOCK WELTY AVE, Apt/Unit:20100 BLOCK, WELTY APTS",39.706808814978,-77.331656346679,Match
100 BLOCK WENNER DR,,,No Match
100 BLOCK WEST BROADWAY ST,39.569766795529,-77.180680377894,Match
100 BLOCK WEST RD,,,No Match
100 BLOCK WESTERN DR,,,No Match
100 BLOCK WESTVIEW DR,,,No Match
100 BLOCK WHEELER LN,39.46459101025,-77.420540812076,Match
100 BLOCK WHISKEY CREEK CIR,39.419457215702,-77.440072904902,Match
100 BLOCK WICOMICO CT,39.38453978222,-77.279458904868,Match
100 BLOCK WILLIAM DR,38.980992393899,-76.274668284758,Match
100 BLOCK WILLIAM ST,,,No Match
100 BLOCK WILLOWDALE DR,39.423256366555,-77.448188085363,Match
"100 BLOCK WILLOWDALE DR, Apt/Unit:12, RESIDENCES AT THE MANOR",39.423256366555,-77.448188085363,Match
"100 BLOCK WILLOWDALE DR, Apt/Unit:12, RESIDENCES AT THE MANOR - 100 BLOCK WILLOWDALE DR",39.423256366555,-77.448188085363,Match
"100 BLOCK WILLOWDALE DR, Apt/Unit:13, RESIDENCES AT THE MANOR - 100 BLOCK WILLOWDALE DR",39.423256366555,-77.448188085363,Match
"100 BLOCK WILLOWDALE DR, Apt/Unit:13, WILLOWDALE CROSSING APTS - 100 BLOCK WILLOWDALE DR",39.423256366555,-77.448188085363,Match
"100 BLOCK WILLOWDALE DR, Apt/Unit:21, RESIDENCES AT THE MANOR - 100 BLOCK WILLOWDALE DR",39.423256366555,-77.448188085363,Match
"100 BLOCK WILLOWDALE DR, Apt/Unit:21, WILLOWDALE CROSSING APTS - 100 BLOCK WILLOWDALE DR",39.423256366555,-77.448188085363,Match
"100 BLOCK WILLOWDALE DR, Apt/Unit:22, RESIDENCES AT THE MANOR - 100 BLOCK WILLOWDALE DR",39.423256366555,-77.448188085363,Match
"100 BLOCK WILLOWDALE DR, Apt/Unit:23, WILLOWDALE CROSSING APTS - 100 BLOCK WILLOWDALE DR",39.423256366555,-77.448188085363,Match
"100 BLOCK WILLOWDALE DR, Apt/Unit:24, WILLOWDALE CROSSING APTS",39.423256366555,-77.448188085363,Match
"100 BLOCK WILLOWDALE DR, Apt/Unit:24, WILLOWDALE CROSSING APTS - 100 BLOCK WILLOWDALE DR",39.423256366555,-77.448188085363,Match
"100 BLOCK WILLOWDALE DR, Apt/Unit:31, WILLOWDALE CROSSING APTS - 100 BLOCK WILLOWDALE DR",39.423256366555,-77.448188085363,Match
"100 BLOCK WILLOWDALE DR, Apt/Unit:32, WILLOWDALE CROSSING APTS - 100 BLOCK WILLOWDALE DR",39.423256366555,-77.448188085363,Match
"100 BLOCK WILLOWDALE DR, Apt/Unit:33, RESIDENCES AT THE MANOR - 100 BLOCK WILLOWDALE DR",39.423256366555,-77.448188085363,Match
"100 BLOCK WILLOWDALE DR, Apt/Unit:33, WILLOWDALE CROSSING APTS",39.423256366555,-77.448188085363,Match
"100 BLOCK WILLOWDALE DR, Apt/Unit:41, RESIDENCES AT THE MANOR",39.423256366555,-77.448188085363,Match
"100 BLOCK WILLOWDALE DR, Apt/Unit:44, RESIDENCES AT THE MANOR - 100 BLOCK WILLOWDALE DR",39.423256366555,-77.448188085363,Match
"100 BLOCK WILLOWDALE DR, Bldg:100 BLOCK, WILLOWDALE CROSSING APTS - 100 BLOCK WILLOWDALE DR",39.423256366555,-77.448188085363,Match
"100 BLOCK WILLOWDALE DR, Bldg:A, WILLOWDALE CROSSING APTS",39.423256366555,-77.448188085363,Match
"100 BLOCK WILLOWDALE DR, Bldg:A, WILLOWDALE CROSSING APTS - 100 BLOCKA WILLOWDALE DR",39.423256366555,-77.448188085363,Match
"100 BLOCK WILLOWDALE DR, Bldg:B, Apt/Unit:102, WILLOWDALE CROSSING APTS - 100 BLOCKB WILLOWDALE DR",39.423256366555,-77.448188085363,Match
"100 BLOCK WILLOWDALE DR, Bldg:E, Apt/Unit:102, WILLOWDALE CROSSING APTS - 100 BLOCKE WILLOWDALE DR",39.423256366555,-77.448188085363,Match
"100 BLOCK WILLOWDALE DR, Bldg:F, Apt/Unit:302, WILLOWDALE CROSSING APARTMENTS",39.423256366555,-77.448188085363,Match
"100 BLOCK WILLOWDALE DR, Bldg:J, Apt/Unit:J101, WILLOWDALE CROSSING APARTMENTS - 100 BLOCKJ WILLOWDALE DR",39.423256366555,-77.448188085363,Match
"100 BLOCK WILLOWDALE DR, Bldg:N, Apt/Unit:302, WILLOWDALE CROSSING APARTMENTS",39.423256366555,-77.448188085363,Match
"100 BLOCK WILLOWDALE DR, IFO HAIR SALON",39.423256366555,-77.448188085363,Match
"100 BLOCK WILLOWDALE DR, KFC WILLOWDALE",39.423256366555,-77.448188085363,Match
"100 BLOCK WILLOWDALE DR, KINDERCARE LEARNING CENTER",39.423256366555,-77.448188085363,Match
"100 BLOCK WILLOWDALE DR, RESIDENCES AT THE MANOR",39.423256366555,-77.448188085363,Match
"100 BLOCK WILLOWDALE DR, RESIDENCES AT THE MANOR - 100 BLOCK WILLOWDALE DR",39.423256366555,-77.448188085363,Match
"100 BLOCK WILLOWDALE DR, WILLOWDALE CAR WASH - FREDERICK SHOPPERS WORLD",39.423256366555,-77.448188085363,Match
"100 BLOCK WILLOWDALE DR, WILLOWDALE CROSSING APARTMENTS",39.423256366555,-77.448188085363,Match
"100 BLOCK WILLOWDALE DR, WILLOWDALE CROSSING APTS",39.423256366555,-77.448188085363,Match
"100 BLOCK WILLOWDALE DR, WILLOWDALE CROSSING APTS - 100 BLOCK WILLOWDALE DR",39.423256366555,-77.448188085363,Match
100 BLOCK WINTER TRL,,,No Match
100 BLOCK WOLFSVILLE RD,,,No Match
"100 BLOCK WOLFSVILLE RD, DOUBS MEADOW PARK",,,No Match
100 BLOCK WOODCREST DR,39.557389450053,-75.796492544012,Match
100 BLOCK WOODMERE CIR,,,No Match
100 BLOCK WOODSIDE AVE,,,No Match
100 BLOCK WORMANS MILL CT,39.443741078665,-77.398483537099,Match
100 BLOCK WYNDALE CT,,,No Match
100 BLOCK YORK ST,39.662652286898,-77.171588072896,Match
100 BLOCK YOUNG BRANCH DR,,,No Match
100 BLOCK ZANELLA DR,,,No Match
100 BLOCK(100 BLOCK1) BLK N STRATTON ST,,,No Match
100 BLOCK(1100 BLOCK11) BLK FRANCIS SCOTT KEY HWY,,,No Match
100 BLOCK(12824) BLK FURNACE MOUNTAIN RD,,,No Match
100 BLOCK(13538) BLK EAGLES REST DR,,,No Match
100 BLOCK(1735) BLK ROHRERSVILLE RD,,,No Match
100 BLOCK(1911) BLK ROHRERSVILLE RD,,,No Match
100 BLOCK(2100 BLOCK100 BLOCK5) BLK FOUR VINES CT,,,No Match
"100 BLOCK(2100 BLOCK723) BLK NATIONAL PIKE, SHEETZ",,,No Match
100 BLOCK(21581) BLK BOONSBORO MOUNTAIN RD,,,No Match
100 BLOCK(221100 BLOCK) BLK KAETZEL RD,,,No Match
100 BLOCK(235100 BLOCK) BLK BOTELER RD,,,No Match
100 BLOCK(2644) BLK ROHRERSVILLE RD,,,No Match
100 BLOCK(3100 BLOCK1) BLK CENTURY DR,,,No Match
100 BLOCK(3100 BLOCK100 BLOCK) BLK ORCHARD MANOR DR,,,No Match
100 BLOCK(3100 BLOCK6) BLK ORCHARD MANOR DR,,,No Match
100 BLOCK(341) BLK CRIMSON AVE,,,No Match
100 BLOCK(35100 BLOCK100 BLOCK) BLK OLD WEST FALLS RD,,,No Match
100 BLOCK(351100 BLOCK) BLK HARNEY RD,,,No Match
100 BLOCK(3535) BLK TREGO MOUNTAIN RD,,,No Match
100 BLOCK(3663) BLK HYSER RD,,,No Match
100 BLOCK(39100 BLOCK) BLK HOFF RD,,,No Match
100 BLOCK(39675) BLK QUARTER BRANCH RD,,,No Match
100 BLOCK(4100 BLOCK1) BLK CHERRY OAK CT,,,No Match
100 BLOCK(4100 BLOCK28) BLK TREGO MOUNTAIN RD,,,No Match
100 BLOCK(4100 BLOCK46) BLK TREGO RD,,,No Match
100 BLOCK(450) BLK HARBAUGH VALLEY RD,,,No Match
100 BLOCK(4870) BLK HARNEY RD,,,No Match
100 BLOCK(491100 BLOCK) BLK FAIRFIELD RD,,,No Match
100 BLOCK(5116) BLK S BALTIMORE ST,,,No Match
100 BLOCK(52) BLK BUCHER JOHN RD,,,No Match
100 BLOCK(5324) BLK AMOS REEDER RD,,,No Match
100 BLOCK(6100 BLOCK3) BLK SCOTCH HEATHER AVE,,,No Match
100 BLOCK(6131) BLK MIDDLEBURG RD,,,No Match
100 BLOCK(6136) BLK MIDDLEBURG RD,,,No Match
100 BLOCK(6516) BLK RUNKLES RD,,,No Match
100 BLOCK(71100 BLOCK1) WATERSVILLE RD,,,No Match
100 BLOCK(7918) BLK CIRCLE DR,,,No Match
100 BLOCK(8212) BLK SIXES BRIDGE RD,,,No Match
100 BLOCK(885100 BLOCK) BLK BROWN CHURCH RD,,,No Match
100 BLOCKA COUNCIL ST,,,No Match
100 BLOCKA FREDERICK RD,,,No Match
100 BLOCKB STEINER WAY,,,No Match
100 BLOCKB W FREDERICK ST,,,No Match
"100 BLOCKB W FREDERICK ST, ROCK CREEK SCHOOL",,,No Match
"100 BLOCKBLK S MARKET ST, Apt/Unit:FREDERICK FLOOR1 TR1",,,No Match
"100 BLOCKBLK WILLOWDALE DR, Bldg:N, Apt/Unit:302",,,No Match
100 BLOCKE HAMMAKER ST,,,No Match
100 BLOCKE WILLOWDALE DR,,,No Match
100 BLOCKF WILLOWDALE DR,,,No Match
"100 BLOCKL WILLOWDALE DR, Apt/Unit:104",,,No Match
100 BLOCKMM I70WB,,,No Match
100 BLOCKQ WAVERLEY DR,,,No Match
100 BLOCKW BTWN XOVR & MT TABOR RD HWY,,,No Match
"100 BLOCKX WAVERLEY DR, Apt/Unit:304, ELMWOOD TERRACE APTS - BLDG X",,,No Match
1000 BLOCK ARNOLDTOWN RD,39.407842570491,-77.636924486524,Match
1000 BLOCK BARNHAM WAY,39.424737651319,-77.443824341593,Match
1000 BLOCK BEXHILL DR,39.427299038616,-77.443526712637,Match
"1000 BLOCK BOYLES ST, NCI - BLDG 1000 BLOCK",39.437900699672,-77.435423189608,Match
"1000 BLOCK CAPISTRANO CT, 1000 BLOCK, 1032, 1034",39.406574214202,-77.446271711715,Match
"1000 BLOCK CAPISTRANO CT, Apt/Unit:111, PROSPECT HALL APARTMENTS - 1000 BLOCK CAPISTRANO CT",39.406574214202,-77.446271711715,Match
"1000 BLOCK CAPISTRANO CT, PROSPECT HALL APARTMENTS - 1000 BLOCK CAPISTRANO CT",39.406574214202,-77.446271711715,Match
"1000 BLOCK CARLTON PL, Apt/Unit:2B, WESTWINDS APTS - 1000 BLOCK CARLTON PL",39.412728496581,-77.443966891637,Match
"1000 BLOCK CARLTON PL, WESTWINDS APTS - 1000 BLOCK CARLTON PL",39.412728496581,-77.443966891637,Match
"1000 BLOCK CARROLL PKWY, Apt/Unit:210, BROOKLAWN APTS - 1000 BLOCK CARROLL PKWY",39.420879017501,-77.428189888151,Match
"1000 BLOCK CARROLL PKWY, Apt/Unit:212, BROOKLAWN APTS - 1000 BLOCK CARROLL PKWY",39.420879017501,-77.428189888151,Match
"1000 BLOCK CARROLL PKWY, BROOKLAWN APTS - 1000 BLOCK CARROLL PKWY",39.420879017501,-77.428189888151,Match
1000 BLOCK CHAMBERSBURG RD,,,No Match
1000 BLOCK CHINABERRY DR,39.406527912137,-77.442046503427,Match
1000 BLOCK CLARENDON FARM LN,,,No Match
"1000 BLOCK COLUMBINE DR, Apt/Unit:1B, SUNSET WALK - 1000 BLOCK COLUMBINE DR",39.664668753514,-77.720298830149,Match
"1000 BLOCK COLUMBINE DR, Apt/Unit:IB, SUNSET WALK - 1000 BLOCK COLUMBINE DR",39.664668753514,-77.720298830149,Match
"1000 BLOCK COLUMBINE DR, SUNSET WALK - 1000 BLOCK COLUMBINE DR",39.664668753514,-77.720298830149,Match
"1000 BLOCK CORRAL AREA CIR, Bldg:1068, NCI - BLDG 1000 BLOCK",,,No Match
"1000 BLOCK CORRAL AREA CIR, NCI - BLDG 1000 BLOCK",,,No Match
1000 BLOCK DULANEY MILL DR,39.421748729389,-77.440337270954,Match
1000 BLOCK E PATRICK ST,39.408824041045,-77.391018671322,Match
1000 BLOCK E THORNHILL PL,39.41176080936,-77.443338251155,Match
1000 BLOCK EASTBOURNE CT,39.428147224242,-77.441171962644,Match
1000 BLOCK EASTBOURNE TER,39.427589382503,-77.442621721633,Match
1000 BLOCK ENFIELD FARM LN,,,No Match
1000 BLOCK FAIRVIEW AVE,,,No Match
"1000 BLOCK FAIRVIEW AVE, NORTH FREDERICK ELEMENTARY SCHOOL",,,No Match
1000 BLOCK FRACIS SCOTT KEY HWY,39.602050099882,-77.237274575881,Match
1000 BLOCK FRANCIS SCOTT KEY HIGHWAY,39.602050099882,-77.237274575881,Match
1000 BLOCK FRANCIS SCOTT KEY HWY,39.602050099882,-77.237274575881,Match
"1000 BLOCK GREENWALL PL, Apt/Unit:TA, WESTWINDS APTS",39.41272225261,-77.442746947073,Match
"1000 BLOCK GREENWALL PL, WESTWINDS APTS - 1000 BLOCK GREENWALL PL",39.41272225261,-77.442746947073,Match
"1000 BLOCK GREYSTONE DR, Apt/Unit:3A, SUNSET WALK - 1000 BLOCK GREYSTONE DR",39.427720285822,-77.416194151049,Match
"1000 BLOCK HEATHER RIDGE DR, Apt/Unit:111, COUNTRY HILL APTS BLDG B",39.440352503817,-77.413480775694,Match
"1000 BLOCK HEATHER RIDGE DR, Apt/Unit:B212, COUNTRY HILL APTS - 1000 BLOCK HEATHER RIDGE DR",39.440352503817,-77.413480775694,Match
"1000 BLOCK HEATHER RIDGE DR, Bldg:A, Apt/Unit:313, COUNTRY HILL APTS - BLDG A",39.440352503817,-77.413480775694,Match
"1000 BLOCK HEATHER RIDGE DR, Bldg:A, COUNTRY HILL APTS - 1000 BLOCK HEATHER RIDGE DR",39.440352503817,-77.413480775694,Match
"1000 BLOCK HEATHER RIDGE DR, Bldg:A, COUNTRY HILL APTS - 1000 BLOCKA HEATHER RIDGE DR",39.440352503817,-77.413480775694,Match
"1000 BLOCK HEATHER RIDGE DR, Bldg:A, COUNTRY HILL APTS BLDG A",39.440352503817,-77.413480775694,Match
"1000 BLOCK HEATHER RIDGE DR, Bldg:B, Apt/Unit:314, COUNTRY HILL APTS BLDG B",39.440352503817,-77.413480775694,Match
"1000 BLOCK HEATHER RIDGE DR, Bldg:B, COUNTRY HILL APTS BLDG B",39.440352503817,-77.413480775694,Match
"1000 BLOCK HEATHER RIDGE DR, Bldg:E, Apt/Unit:114, COUNTRY HILL APTS - 1000 BLOCKE HEATHER RIDGE DR",39.440352503817,-77.413480775694,Match
"1000 BLOCK HEATHER RIDGE DR, Bldg:E, Apt/Unit:APT E314, COUNTRY HILL APTS BLDG E",39.440352503817,-77.413480775694,Match
"1000 BLOCK HEATHER RIDGE DR, Bldg:F, Apt/Unit:114, COUNTRY HILL APTS - 1000 BLOCK HEATHER RIDGE DR",39.440352503817,-77.413480775694,Match
"1000 BLOCK HEATHER RIDGE DR, Bldg:G, Apt/Unit:212, COUNTRY HILL APTS - 1000 BLOCKG HEATHER RIDGE DR",39.440352503817,-77.413480775694,Match
"1000 BLOCK HEATHER RIDGE DR, Bldg:J, Apt/Unit:214, COUNTRY HILL APTS BLDG J",39.440352503817,-77.413480775694,Match
"1000 BLOCK HEATHER RIDGE DR, COUNTRY HILL APTS BLDG A",39.440352503817,-77.413480775694,Match
"1000 BLOCK HEATHER RIDGE DR, COUNTRY HILL APTS BLDG G",39.440352503817,-77.413480775694,Match
1000 BLOCK HOLDEN RD,39.421806827532,-77.395855390509,Match
1000 BLOCK HUNTERS KNOLL,39.518637471488,-77.579127710119,Match
"1000 BLOCK JEFFERSON PIKE, PARK N RIDE BRUNSWICK",39.341341008634,-77.634179743825,Match
"1000 BLOCK KEY PKWY, WALGREENS PHARMACY - KEY PKWY",39.420058993877,-77.437452452822,Match
1000 BLOCK LINDFIELD DR,39.426588736592,-77.444388430139,Match
1000 BLOCK LIVING GROVE RD,,,No Match
1000 BLOCK MERCER PL,,,No Match
"1000 BLOCK MILL POND RD, Bldg:F",39.454938658976,-77.386801534342,Match
1000 BLOCK MONOCACY BLVD,39.425003712516,-77.384214387654,Match
1000 BLOCK N MARKET ST,39.427038202053,-77.407395496707,Match
"1000 BLOCK N MARKET ST, Apt/Unit:A",39.427038202053,-77.407395496707,Match
"1000 BLOCK N MARKET ST, BETH SHOLOM CENTER",39.427038202053,-77.407395496707,Match
"1000 BLOCK N MARKET ST, YMCA FREDERICK",39.427038202053,-77.407395496707,Match
1000 BLOCK NORWICK RD,39.426184196149,-77.443284288939,Match
1000 BLOCK PATCHEL ST,,,No Match
"1000 BLOCK PETERSVILLE RD, BRUNSWICK AUTOMOTIVE",,,No Match
1000 BLOCK PETWORTH WAY,39.424692262433,-77.444251155218,Match
1000 BLOCK PIPERS BROOK DR,,,No Match
1000 BLOCK REAGANS RD,,,No Match
"1000 BLOCK REAGANS RD, Apt/Unit:104",,,No Match
"1000 BLOCK REAGANS RD, Bldg:6",,,No Match
"1000 BLOCK REAGANS RD, Bldg:6, MAGNOLIA HOUSE APT",,,No Match
"1000 BLOCK REDFIELD CT, Apt/Unit:1C, WESTWINDS APTS - 1000 BLOCK REDFIELD CT",39.413504936028,-77.444209755762,Match
"1000 BLOCK REDFIELD CT, Apt/Unit:TA, WESTWINDS APTS - 1000 BLOCK REDFIELD CT",39.413504936028,-77.444209755762,Match
"1000 BLOCK REDFIELD CT, Apt/Unit:TC",39.413504936028,-77.444209755762,Match
"1000 BLOCK REDFIELD CT, Apt/Unit:TC, WESTWINDS APTS - 1000 BLOCK REDFIELD CT",39.413504936028,-77.444209755762,Match
"1000 BLOCK REDFIELD CT, WESTWINDS APTS - 1000 BLOCK REDFIELD CT",39.413504936028,-77.444209755762,Match
1000 BLOCK ROCKY SPRINGS RD,39.436068037688,-77.436784415252,Match
"1000 BLOCK ROCKY SPRINGS RD, COUNTY TRANSIT",39.436068037688,-77.436784415252,Match
"1000 BLOCK ROCKY SPRINGS RD, SCOTT KEY CENTER",39.436068037688,-77.436784415252,Match
1000 BLOCK ROSEMONT AVE,39.422773994097,-77.424806915983,Match
1000 BLOCK SAINT MICHAELS RD,39.345168607057,-77.104607847899,Match
1000 BLOCK SAXTON DR,39.471405767047,-77.434842718451,Match
1000 BLOCK SENECA DR,39.407717153828,-77.444060590616,Match
"1000 BLOCK STARK ST, Bldg:C",39.439656567008,-77.428088908452,Match
1000 BLOCK STORRINGTON DR,39.426986195835,-77.44062264954,Match
1000 BLOCK TANEY AVE,39.432397811816,-77.419476753174,Match
"1000 BLOCK THOMPSON DR, Bldg:35, NCI - BLDG 1000 BLOCK",,,No Match
"1000 BLOCK THOMPSON DR, NCI - BLDG 1000 BLOCK",,,No Match
1000 BLOCK TWIN ARCH RD,,,No Match
"1000 BLOCK TWIN ARCH RD, CARNIVAL GROUNDS - MOUNT AIRY",,,No Match
"1000 BLOCK TWIN ARCH RD, HIGHS",,,No Match
"1000 BLOCK TWIN ARCH RD, MOUNT AIRY VFC CARNIVAL GROUNDS",,,No Match
1000 BLOCK VILLAGE OAKS DR,39.37239435624,-77.16600282851,Match
1000 BLOCK W PATRICK ST,39.416100001517,-77.438559169087,Match
"1000 BLOCK W PATRICK ST(P), CRUNCH FITNESS",,,No Match
"1000 BLOCK W PATRICK ST, 40 WEST GETGO",39.416100001517,-77.438559169087,Match
"1000 BLOCK W PATRICK ST, ADVANCE AUTO PARTS",39.416100001517,-77.438559169087,Match
"1000 BLOCK W PATRICK ST, ADVANCE AUTO PARTS - FREDERICK COUNTY SQUARE",39.416100001517,-77.438559169087,Match
"1000 BLOCK W PATRICK ST, ALDI",39.416100001517,-77.438559169087,Match
"1000 BLOCK W PATRICK ST, ALDI - VISTA SHOPS AT GOLDEN MILE",39.416100001517,-77.438559169087,Match
"1000 BLOCK W PATRICK ST, Apt/Unit:31-32, CROSSROADS ANIMAL REFERRAL AND EMERGENCY - VISTA SHOPS AT GOLDEN MILE",39.416100001517,-77.438559169087,Match
"1000 BLOCK W PATRICK ST, Apt/Unit:4, AFIK BLDG 1 FIRE SYSTEM",39.416100001517,-77.438559169087,Match
"1000 BLOCK W PATRICK ST, Apt/Unit:C",39.416100001517,-77.438559169087,Match
"1000 BLOCK W PATRICK ST, Apt/Unit:D3, SALLY BEAUTY SUPPLY - WESTRIDGE SQUARE SHOPPING CENTER",39.416100001517,-77.438559169087,Match
"1000 BLOCK W PATRICK ST, Apt/Unit:SUIT A, HARBOR FREIGHT - FREDERICK COUNTY SQUARE",39.416100001517,-77.438559169087,Match
"1000 BLOCK W PATRICK ST, BURGER KING - FREDERICK COUNTY SQUARE",39.416100001517,-77.438559169087,Match
"1000 BLOCK W PATRICK ST, BURLINGTON COAT FACTORY - WESTRIDGE SQUARE SHOPPING CENTER",39.416100001517,-77.438559169087,Match
"1000 BLOCK W PATRICK ST, Bldg:A, ORIOLES CLUB - WESTRIDGE SQUARE SHOPPING CENTER",39.416100001517,-77.438559169087,Match
"1000 BLOCK W PATRICK ST, Bldg:B, CRUNCH FITNESS- WESTRIDGE SQUARE SHOPPING CENTER",39.416100001517,-77.438559169087,Match
"1000 BLOCK W PATRICK ST, CARE VET",39.416100001517,-77.438559169087,Match
"1000 BLOCK W PATRICK ST, CARE VETERINARY CENTER",39.416100001517,-77.438559169087,Match
"1000 BLOCK W PATRICK ST, CROSSROADS ANIMAL REFERRAL AND EMERGENCY - VISTA SHOPS AT GOLDEN MILE",39.416100001517,-77.438559169087,Match
"1000 BLOCK W PATRICK ST, DEL RANCHO CHICKEN - WESTRIDGE SQUARE SHOPPING CENTER",39.416100001517,-77.438559169087,Match
"1000 BLOCK W PATRICK ST, DR WILLIAM J HALL DENTIST OFFICE - HILLCREST TOWN CENTER",39.416100001517,-77.438559169087,Match
"1000 BLOCK W PATRICK ST, FOR EYES OPTICAL - GOLDEN MILE",39.416100001517,-77.438559169087,Match
"1000 BLOCK W PATRICK ST, FREDERICK BEDROOMS INC - WESTRIDGE SQUARE SHOPPING CENTER",39.416100001517,-77.438559169087,Match
"1000 BLOCK W PATRICK ST, FREDERICK COUNTY SQUARE",39.416100001517,-77.438559169087,Match
"1000 BLOCK W PATRICK ST, FREDERICK COUNTY SQUARE - 1000 BLOCK W PATRICK ST",39.416100001517,-77.438559169087,Match
"1000 BLOCK W PATRICK ST, GOODWILL",39.416100001517,-77.438559169087,Match
"1000 BLOCK W PATRICK ST, GOODWILL - FREDERICK COUNTY SQUARE",39.416100001517,-77.438559169087,Match
"1000 BLOCK W PATRICK ST, GREEN GOODS - VISTA SHOPS AT GOLDEN MILE",39.416100001517,-77.438559169087,Match
"1000 BLOCK W PATRICK ST, H MART",39.416100001517,-77.438559169087,Match
"1000 BLOCK W PATRICK ST, HILLCREST LIQUORS - HILLCREST TOWN CENTER",39.416100001517,-77.438559169087,Match
"1000 BLOCK W PATRICK ST, LATINO MARKET",39.416100001517,-77.438559169087,Match
"1000 BLOCK W PATRICK ST, OUTBACK STEAKHOUSE",39.416100001517,-77.438559169087,Match
"1000 BLOCK W PATRICK ST, PETERSENS CARPET & FLOORING",39.416100001517,-77.438559169087,Match
"1000 BLOCK W PATRICK ST, PLANET FITNESS - VISTA SHOPS AT GOLDEN MILE",39.416100001517,-77.438559169087,Match
"1000 BLOCK W PATRICK ST, RED LOBSTER",39.416100001517,-77.438559169087,Match
"1000 BLOCK W PATRICK ST, SEVEN ELEVEN - FREDERICK COUNTY SQUARE",39.416100001517,-77.438559169087,Match
"1000 BLOCK W PATRICK ST, SPIRIT HALLOWEEN STORE",39.416100001517,-77.438559169087,Match
"1000 BLOCK W PATRICK ST, TACO BELL - GOLDEN MILE",39.416100001517,-77.438559169087,Match
"1000 BLOCK W PATRICK ST, VERIZON WIRELESS - FREDERICK COUNTY SQUARE",39.416100001517,-77.438559169087,Match
"1000 BLOCK W PATRICK ST, WAWA",39.416100001517,-77.438559169087,Match
"1000 BLOCK W PATRICK ST, WAWA - GOLDEN MILE",39.416100001517,-77.438559169087,Match
"1000 BLOCK W PATRICK ST, WESTRIDGE SHOPPING CENTER",39.416100001517,-77.438559169087,Match
"1000 BLOCK W PATRICK ST, WESTRIDGE SQUARE SHOPPING CENTER",39.416100001517,-77.438559169087,Match
"1000 BLOCK W PATRICK ST, ZIPS DRY CLEANERS - FREDERICK COUNTY SQUARE",39.416100001517,-77.438559169087,Match
1000 BLOCK W SEVENTH ST,39.426640686394,-77.417791608179,Match
"1000 BLOCK W SEVENTH ST, Apt/Unit:205, DUNKIN DONUTS - FAIRVIEW CENTER",39.426640686394,-77.417791608179,Match
"1000 BLOCK W SEVENTH ST, ROLLINS REAL ESTATE - FAIRVIEW CENTER",39.426640686394,-77.417791608179,Match
"1000 BLOCK W WASHINGTON ST, STATION JC001 - FRIENDSHIP FC",39.647796419238,-77.738976004261,Match
1000 BLOCK WILSON PL,39.434020330404,-77.420771944856,Match
1000 BLOCKA POPLAR ST,,,No Match
1000 BLOCKC STARK ST,,,No Match
1000 BLOCKD HEATHER RIDGE DR,,,No Match
"1000 BLOCKF HEATHER RIDGE DR, Apt/Unit:311",,,No Match
"1000 BLOCKG HEATHER RIDGE DR, Apt/Unit:211",,,No Match
10000 BLOCK BALTIMORE NATIONAL PIKE,,,No Match
10000 BLOCK BALTIMORE NATIONAL PIKE PIKE,,,No Match
10000 BLOCK BETHEL RD,39.507732546767,-77.435035399639,Match
10000 BLOCK CRYSTAL FALLS DR,39.589335945029,-77.605616826762,Match
10000 BLOCK DOCTOR PERRY RD,39.310226925604,-77.331933544939,Match
10000 BLOCK EBBY RD,39.630059245425,-77.318159069652,Match
"10000 BLOCK FOUR POINTS RD, IAO",,,No Match
"10000 BLOCK HANSONVILLE RD, CACTUS FLATS",39.508604747475,-77.406049337295,Match
10000 BLOCK HUTZELL ST,39.396167455069,-77.316980444449,Match
10000 BLOCK KEYSVILLE RD,39.682572460286,-77.316124943616,Match
10000 BLOCK LAKE LINGANORE BLVD,,,No Match
10000 BLOCK LEWIS DR,39.289974317362,-77.205662453625,Match
10000 BLOCK LEWISDALE RD,39.294289396405,-77.31543115248,Match
10000 BLOCK LIBERTY RD,,,No Match
10000 BLOCK LONGS MILL RD,39.602046582659,-77.318504915559,Match
"10000 BLOCK MASSER RD, IFO",,,No Match
10000 BLOCK MOUNT TABOR RD,39.508454965316,-77.585062855141,Match
10000 BLOCK OLD NATIONAL PIKE,,,No Match
10000 BLOCK PEBBLE BEACH TER,39.38013908491,-77.324459582913,Match
10000 BLOCK PICEA CT,39.416181776897,-77.318554880213,Match
10000 BLOCK PRESTWICH TER,39.384245653688,-77.303113001044,Match
10000 BLOCK PUTMAN RD,39.508040472004,-77.446730698819,Match
10000 BLOCK SHELLDRAKE CIR,,,No Match
10000 BLOCK VISTA CT,39.504645075092,-77.536101204611,Match
10000 BLOCK WOLFSVILLE RD,39.510122190148,-77.557746139802,Match
10000 BLOCK WOODCHUCK LN,39.506937344977,-77.432532295485,Match
10000 BLOCK WOODSBORO PIKE,39.507761296055,-77.322305134303,Match
10000 BLOCK WOODSBORO RD,39.512021628891,-77.282000477738,Match
10000 BLOCKA WOODSBORO RD,,,No Match
10100 BLOCK BLUEGILL ST,,,No Match
10100 BLOCK CLEMSONVILLE RD,39.516653919679,-77.175199319887,Match
10100 BLOCK DUBLIN RD,39.51063832139,-77.364540478646,Match
10100 BLOCK FAUBERG ST,,,No Match
"10100 BLOCK FAUBERG ST, ELKDALE VILLAGE CONDO 3",,,No Match
10100 BLOCK HAMBURG RD,,,No Match
"10100 BLOCK HANSONVILLE RD, FREDERICK CHRISTIAN FELLOWSHIP - 10100 BLOCK HANSONVILLE RD",39.511029018244,-77.408101499871,Match
"10100 BLOCK LENHART RD, Bldg:C",39.509245262537,-77.38741835227,Match
10100 BLOCK LEWISDALE RD,,,No Match
10100 BLOCK MASSER RD,39.510688258312,-77.420590582012,Match
10100 BLOCK OLD NATIONAL PIKE,,,No Match
"10100 BLOCK OLD NATIONAL PIKE, WEIS - SPRING RIDGE",,,No Match
"10100 BLOCK OLD NATIONAL PIKE, WEIS MARKET - LAKE LINGANORE",,,No Match
10100 BLOCK PINE TREE RD,39.511724609159,-77.265061035916,Match
10100 BLOCK PUTMAN RD,39.510078388234,-77.448069684275,Match
10100 BLOCK RIDGEMANOR TER,39.283393351722,-77.207304198518,Match
"10100 BLOCK ROCKY RIDGE RD, Bldg:B",39.605184878391,-77.315134426063,Match
10100 BLOCK VANTAGE POINT CT,39.415172157415,-77.313919582696,Match
10100 BLOCK WOODSBORO PIKE,39.510592431737,-77.321003069194,Match
10100 BLOCKB PARSONAGE LN,,,No Match
10200 BLOCK ALLVIEW DR,39.449087892688,-77.311087964687,Match
10200 BLOCK ATHABASCA TRL,39.417382617942,-77.309442241774,Match
10200 BLOCK BALTIMORE NATIONAL PIKE,,,No Match
"10200 BLOCK BALTIMORE NATIONAL PIKE, IAO",,,No Match
"10200 BLOCK BETHEL RD, IFO",39.518658634471,-77.437225598799,Match
10200 BLOCK BIGEYE ST,,,No Match
10200 BLOCK CHURCH HILL RD,,,No Match
10200 BLOCK CLARK RD,39.517538837786,-77.577905596189,Match
"10200 BLOCK CLARK RD, CATOCTIN FISH AND GAME CLUB",39.517538837786,-77.577905596189,Match
10200 BLOCK COOLFONT XING,39.415921018047,-77.312394210744,Match
"10200 BLOCK COPPERMINE RD, WOODSBORO MEDICAL CENTER",39.537869757916,-77.314443098104,Match
10200 BLOCK DAYSVILLE RD,39.492412676507,-77.311422709248,Match
10200 BLOCK GLADE RD,39.513968370693,-77.346700241536,Match
10200 BLOCK HOPEWELL ST,39.392210952114,-77.310071367414,Match
"10200 BLOCK HOPEWELL ST, Apt/Unit:204",39.392210952114,-77.310071367414,Match
10200 BLOCK KEYSVILLE RD,39.68013484795,-77.312720926136,Match
10200 BLOCK LAKE LINGANORE BLVD,39.396864535882,-77.308492264836,Match
"10200 BLOCK LEWIS DR AMERICAN LEGION, AMERICAN LEGION",,,No Match
10200 BLOCK LITTLE ROCK LN,39.514381335435,-77.44978104422,Match
"10200 BLOCK OLD FREDERICK RD, Bldg:B, UTICA DISTRICT PARK",,,No Match
10200 BLOCK PLACID PL,39.413319191467,-77.30882670817,Match
10200 BLOCK QUILLBACK ST,,,No Match
10200 BLOCK REDTAIL CT,39.419759044715,-77.309027099739,Match
10200 BLOCK ROYAL SAINT ANDREWS PL,,,No Match
"10200 BLOCK ROYAL SAINT ANDREWS PL, PH2",,,No Match
10200 BLOCK SCULPIN ST,,,No Match
"10200 BLOCK SCULPIN ST, Apt/Unit:101",,,No Match
"10200 BLOCK SILVERSIDE ST, Apt/Unit:100, FREDERICK PRIMARY CARE ASSOCIATES",,,No Match
"10200 BLOCK TANEYTOWN PIKE, RUTTERS",,,No Match
"10200 BLOCK TANEYTOWN PIKE, RUTTERS - EMMITSBURG",,,No Match
10200 BLOCK WHITE PELICAN WAY,39.419427382129,-77.310536125854,Match
10200 BLOCK WOOD THRUSH DR,39.419348215769,-77.311643315606,Match
10200 BLOCK WOODSBORO RD,39.514883225545,-77.284811879415,Match
10200 BLOCKA KEYSVILLE RD,,,No Match
10300 BLOCK CASPIAN WAY,39.416675336532,-77.308493533574,Match
10300 BLOCK CHURCH HILL RD,,,No Match
"10300 BLOCK COPPERMINE RD, FAMILY COVENENT CHAPEL",39.537772311761,-77.307839275592,Match
"10300 BLOCK CRYSTAL FALLS DR, STATION WC016 - MT. AETNA VFD",39.597001179452,-77.600658079845,Match
10300 BLOCK DAYSVILLE RD,39.493279487791,-77.309533228902,Match
10300 BLOCK HARNEY RD,39.702808092598,-77.309934559888,Match
10300 BLOCK HURON CT,39.416002099985,-77.308754284889,Match
10300 BLOCK KEYSVILLE RD,39.67617526759,-77.308274669463,Match
10300 BLOCK LEWIS DR,39.29098591577,-77.211722770899,Match
"10300 BLOCK LIBERTY RD, PH2",,,No Match
10300 BLOCK MEADOWHEAD CIR,39.422938879043,-77.303822642758,Match
10300 BLOCK OLD LIBERTY RD,39.457484749787,-77.30895616685,Match
10300 BLOCK PUTMAN RD,39.515450539447,-77.448698851202,Match
10300 BLOCK QUILLBACK ST,,,No Match
10300 BLOCK REINDEER TRL,39.414076500662,-77.308760489067,Match
10300 BLOCK SAGLE RD,,,No Match
10300 BLOCK SEVEN DAYS LN,,,No Match
"10300 BLOCK SILVERSIDE ST, THE GODDARD SCHOOL OF NEW MARKET",,,No Match
10300 BLOCK SPRINGSIDE TER,39.380966110895,-77.303954997099,Match
10300 BLOCK WOODSBORO PIKE,39.516389953539,-77.318468040228,Match
10300 BLOCK WOODSBORO RD,39.517101024945,-77.289246671681,Match
10400 BLOCK CHURCH HILL RD,,,No Match
10400 BLOCK COOK BROTHERS RD,39.329323448992,-77.304300496251,Match
"10400 BLOCK COOK BROTHERS RD, IAO",39.329323448992,-77.304300496251,Match
10400 BLOCK CRYSTAL FALLS DR,39.599813113036,-77.600436336798,Match
10400 BLOCK DUBLIN RD,39.517654240744,-77.361656382032,Match
10400 BLOCK GLADE RD,39.517125945307,-77.341000411207,Match
10400 BLOCK GREEN VALLEY RD,39.518346168712,-77.236999754218,Match
"10400 BLOCK GREEN VALLEY RD, BLACK FOX FARM",39.518346168712,-77.236999754218,Match
10400 BLOCK HAMBURG RD,39.515502072534,-77.497950022712,Match
"10400 BLOCK HAMBURG RD, GAMBRILL STATE PARK HIGH KNOB",39.515502072534,-77.497950022712,Match
10400 BLOCK HESSONG BRIDGE RD,39.519892271336,-77.412415837823,Match
10400 BLOCK KEYSVILLE RD,39.673860387223,-77.30347858773,Match
10400 BLOCK MOXLEY RD,39.316346916657,-77.214305988748,Match
10400 BLOCK OLD ANNAPOLIS RD,39.453026784192,-77.308056785475,Match
10400 BLOCK QUILLBACK ST,,,No Match
10400 BLOCK RUM SPRING RD,39.528469451352,-77.510878939704,Match
10400 BLOCK WHITEROSE DR,39.392146323924,-77.302865788013,Match
10400 BLOCK WOODSBORO PIKE,39.519487362189,-77.317312601344,Match
10500 BLOCK BRENDA AVE,39.384015465327,-77.298989365123,Match
10500 BLOCK CHURCH HILL RD,,,No Match
10500 BLOCK COOK BROTHERS RD,39.329943406316,-77.3005255195,Match
10500 BLOCK DAYSVILLE RD,39.494081291943,-77.300902312481,Match
10500 BLOCK EDWARDIAN LN,39.394597331014,-77.297090212934,Match
10500 BLOCK GAS HOUSE PIKE,39.429441191026,-77.300030571455,Match
"10500 BLOCK GLADE RD, WALKERSVILLE VET",39.519266594756,-77.328168112964,Match
10500 BLOCK GREEN VALLEY RD,39.519753751046,-77.236599896472,Match
"10500 BLOCK GREEN VALLEY RD, J BAR W RANCH",39.519753751046,-77.236599896472,Match
10500 BLOCK HESSONG BRIDGE RD,39.521970842536,-77.412124025064,Match
10500 BLOCK LAKERIDGE PL,39.417999940645,-77.298247399005,Match
10500 BLOCK LIBERTY RD,,,No Match
"10500 BLOCK LIBERTY RD, LIBERTY ROAD SEAFOOD",,,No Match
10500 BLOCK OLD ANNAPOLIS RD,39.452788967762,-77.30392185174,Match
10500 BLOCK POWELL RD,39.521186298461,-77.433035890119,Match
10500 BLOCK PUTMAN RD,39.524717467536,-77.447942921369,Match
10500 BLOCK STULL RD,39.519802045472,-77.42601615464,Match
10500 BLOCK TANEYTOWN PIKE,39.700742485703,-77.304910113948,Match
10500 BLOCK TRALEE TER,39.268719886722,-77.215224288745,Match
10500 BLOCK WHITMIRE CT,,,No Match
10600 BLOCK BETHEL RD,39.523346861737,-77.436711164493,Match
10600 BLOCK BREWERTON LN,,,No Match
"10600 BLOCK CHURCH HILL RD, Bldg:A",,,No Match
10600 BLOCK DORCUS RD,39.52313738352,-77.290672637651,Match
10600 BLOCK DUBLIN RD,39.522313125848,-77.359008177199,Match
10600 BLOCK EASTERDAY RD,39.524908405593,-77.580436276279,Match
"10600 BLOCK FINN DR, DEER CROSSING ELEMENTARY SCHOOL",39.400580432121,-77.299901008184,Match
10600 BLOCK GREEN VALLEY RD,39.524892771337,-77.235213944492,Match
10600 BLOCK HARP RD,39.481567687377,-77.298204473861,Match
10600 BLOCK HAZELCROFT AVE,,,No Match
10600 BLOCK HIGHLAND SCHOOL RD,39.524304750123,-77.518998780869,Match
10600 BLOCK LIBERTY RD,,,No Match
10600 BLOCK NATHANIEL WAY,39.391962140061,-77.294626740391,Match
10600 BLOCK OLD ANNAPOLIS RD,39.453079884772,-77.298125713017,Match
"10600 BLOCK OLD FREDERICK RD, SAINT PAULS LUTHERAN CHURCH",,,No Match
10600 BLOCK OLD NATIONAL PIKE,39.386554536295,-77.295953761884,Match
10600 BLOCK POWELL RD,39.524517970954,-77.432245571795,Match
10600 BLOCK ROCKY RIDGE RD,39.606976979478,-77.297821196437,Match
10600 BLOCK WHISKEY RD,39.36081729432,-77.300063448625,Match
10600 BLOCKA WOODSBORO PIKE,,,No Match
"10700 BLOCK BALTIMORE NATIONAL PIKE, WOLFE ENTERPRISES",,,No Match
"10700 BLOCK CHURCH HILL RD, IAO",,,No Match
10700 BLOCK COOK BROTHERS RD,39.332169865513,-77.293155528608,Match
10700 BLOCK DAYSVILLE RD,39.487530311961,-77.294138466676,Match
10700 BLOCK DEWEY WAY,39.391527578621,-77.297233305133,Match
10700 BLOCK DUBLIN RD,39.52564312477,-77.354809681044,Match
10700 BLOCK EASTERDAY RD,39.526083542509,-77.580449968524,Match
10700 BLOCK FINGERBOARD RD,39.347480848705,-77.296223042101,Match
10700 BLOCK GRINDSTONE RUN RD,39.526303844014,-77.594060727814,Match
10700 BLOCK HARNEY RD,39.707284178081,-77.293894194155,Match
10700 BLOCK LIBERTY RD,39.394550124855,-76.850606416654,Match
10700 BLOCK OLD ANNAPOLIS RD,39.452747834624,-77.29388274416,Match
10700 BLOCK OLD FREDERICK RD,,,No Match
"10700 BLOCK OLD FREDERICK RD, JUST PASSED UTICA CIRCLE",,,No Match
10700 BLOCK RUM SPRING RD,,,No Match
10700 BLOCK UTICA MILLS CIR,39.527778616383,-77.3932846954,Match
10700 BLOCK WOODSBORO RD,39.528351794131,-77.302547181107,Match
10700 BLOCKA ETZLER MILL RD,,,No Match
10700 BLOCKA FINGERBOARD RD,,,No Match
10700 BLOCKA OLD NATIONAL PIKE,,,No Match
10800 BLOCK BETHESDA CHURCH RD,39.290546781834,-77.223080413227,Match
10800 BLOCK COOK BROTHERS RD,39.331073732061,-77.288414403566,Match
10800 BLOCK DAYSVILLE RD,39.485915054795,-77.28997359493,Match
10800 BLOCK DEWEY WAY E,39.391360075311,-77.296676321341,Match
10800 BLOCK DUBLIN RD,39.529195099324,-77.351355328093,Match
10800 BLOCK EASTERDAY RD,39.528670363782,-77.580062513085,Match
10800 BLOCK FINGERBOARD RD,39.347885106303,-77.288487120231,Match
10800 BLOCK FINN DR,39.40494062205,-77.293361168477,Match
10800 BLOCK GAMBRILL PARK RD,39.532711736925,-77.497551235741,Match
10800 BLOCK GLOWING HEARTH WAY,39.353179738234,-77.288357476196,Match
10800 BLOCK HARNEY RD,39.708104299437,-77.292465891496,Match
10800 BLOCK HAUGHS CHURCH RD,39.597409018826,-77.287731405468,Match
10800 BLOCK HIGHLAND SCHOOL RD,39.529376899433,-77.521867191488,Match
10800 BLOCK HOOK CT,,,No Match
10800 BLOCK OLD NATIONAL PIKE,39.385780861077,-77.291755523507,Match
10800 BLOCK PITCH CIR,39.360116391118,-77.288421535849,Match
10800 BLOCK RIDGEPOINT PL,39.414393930547,-77.290596790819,Match
10800 BLOCK RIDGEWOOD PL,39.416590578567,-77.289870979764,Match
10800 BLOCK UTICA CT,39.531376513508,-77.409068041324,Match
10800 BLOCK UTICA MILLS CIR,39.530060226378,-77.394403622199,Match
10800 BLOCK WOLFSVILLE RD,39.52844982367,-77.535439499618,Match
"10800 BLOCK WOODSBORO RD, WOODSBORO COMMUNITY PARK",,,No Match
10900 BLOCK BETHEL RD,,,No Match
10900 BLOCK DIVOT CT,,,No Match
10900 BLOCK EVELYN DR,39.532050248077,-77.338585982208,Match
10900 BLOCK GINGER LN,39.361689679325,-77.283350989211,Match
10900 BLOCK GREEN VALLEY RD,39.53215410609,-77.23214349902,Match
10900 BLOCK HARNEY RD,39.709427330698,-77.286270100612,Match
10900 BLOCK HARPERS FERRY RD,,,No Match
10900 BLOCK HAVEN PARK CIR,39.353926889641,-77.284683921174,Match
10900 BLOCK HORAN CT,39.312316383959,-77.286459069938,Match
10900 BLOCK HORSESHOE DR,39.449478401921,-77.284906924353,Match
10900 BLOCK LIBERTY RD,,,No Match
10900 BLOCK LOUIS DETRICK LN,39.358872627935,-77.28392251746,Match
10900 BLOCK LOWELL CT,39.329581420878,-77.285632848779,Match
10900 BLOCK OAKCREST CIR,39.418065345642,-77.288738367984,Match
10900 BLOCK OLD FREDERICK RD,,,No Match
"10900 BLOCK PUTMAN RD, IFO",39.533408742023,-77.445179022811,Match
10900 BLOCK ROCKY RIDGE RD,39.602135876177,-77.285377933176,Match
10900 BLOCK RUM SPRING RD,39.534004346017,-77.509890826328,Match
"10900 BLOCK SIMMONS RD, TOMS CREEK UNITED METHODIST CHURCH",39.674509607525,-77.285094539919,Match
"10900 BLOCK TANEYTOWN PIKE, TOMS CREEK CHURCH CEMETERY",39.696273278154,-77.287528431884,Match
10900 BLOCK WINMOOR CT,39.313147090134,-77.285856789239,Match
1100 BLOCK AVONDALE CT,39.42677321137,-77.446881537955,Match
1100 BLOCK BALTIMORE PIKE,39.515238542644,-76.369892936418,Match
1100 BLOCK BELMONT AVE,39.425467156979,-77.422214286605,Match
"1100 BLOCK BUCHANAN VALLEY RD, STATION AC027 - BUCHANAN VALLEY FC",,,No Match
1100 BLOCK CODORUS ST,39.427576411221,-77.446282918408,Match
1100 BLOCK DAFFODIL DR,,,No Match
1100 BLOCK DARGON QUARRY LN,39.32449762902,-77.632105542124,Match
"1100 BLOCK DUTCHMANS CREEK DR, DUNKIN DONUTS - BRUNSWICK CROSSING",,,No Match
"1100 BLOCK DUTCHMANS CREEK DR, URGENT CARE",,,No Match
"1100 BLOCK E PATRICK ST, CARROLL MOTOR FUELS",39.408642603355,-77.390662162255,Match
1100 BLOCK FRONTLINE DR,39.414982240626,-77.44706405615,Match
1100 BLOCK FUTURITY ST,39.462967890414,-77.439549197148,Match
1100 BLOCK HOLDEN RD,39.422685123161,-77.393709699331,Match
"1100 BLOCK HOLDEN RD, NEXT TO",39.422685123161,-77.393709699331,Match
"1100 BLOCK JEFFERSON PIKE, IAO",39.342120211171,-77.632689418596,Match
"1100 BLOCK KEY PKWY, Apt/Unit:101, WINDSOR GARDEN APTS - 1100 BLOCK KEY PKWY",,,No Match
"1100 BLOCK KEY PKWY, Apt/Unit:102, WINDSOR GARDEN APTS - 1100 BLOCK KEY PKWY",,,No Match
"1100 BLOCK KEY PKWY, Apt/Unit:301, WINDSOR GARDEN APTS - 1100 BLOCK KEY PKWY",,,No Match
"1100 BLOCK KEY PKWY, WINDSOR GARDEN APTS - 1100 BLOCK KEY PKWY",,,No Match
1100 BLOCK LAKIN DR,39.473325432798,-77.436738686315,Match
1100 BLOCK LAWLER DR,39.471044866787,-77.434864325858,Match
"1100 BLOCK LEAFY HOLLOW CIR, TWIN RIDGE ELEMENTARY SCHOOL",39.371364779038,-77.17489380033,Match
1100 BLOCK LONG FARM CIR,39.32545059437,-77.631012066883,Match
1100 BLOCK MARTHAS CT E,39.334894912342,-77.631753555351,Match
1100 BLOCK MILLER FARM DR,,,No Match
1100 BLOCK MONOCACY CROSSING PKWY,39.329983554646,-77.642047870131,Match
1100 BLOCK MOTTER AVE,39.427199424749,-77.40984039124,Match
1100 BLOCK ORCHARD TER,39.415776206001,-77.448429038717,Match
"1100 BLOCK ORCHARD TER, Apt/Unit:103",39.415776206001,-77.448429038717,Match
"1100 BLOCK ORCHARD TER, Bldg:B",39.415776206001,-77.448429038717,Match
"1100 BLOCK ORCHARD TER, Bldg:B, HILLCREST COMMONS",39.415776206001,-77.448429038717,Match
"1100 BLOCK PEACH ORCHARD LN, Apt/Unit:113, BRUNSWICK HOUSE APTS",39.323384934467,-77.625591392424,Match
"1100 BLOCK PEACH ORCHARD LN, BRUNSWICK HOUSE APTS",39.323384934467,-77.625591392424,Match
1100 BLOCK POTOMAC VIEW PKWY,,,No Match
1100 BLOCK ROCKY SPRINGS RD,39.437732173932,-77.441465201403,Match
"1100 BLOCK ROSEMONT AVE, IAO",39.423983696317,-77.42664778961,Match
1100 BLOCK SAXTON DR,39.470182572617,-77.436737874743,Match
1100 BLOCK SLEIGHILL CT,39.372083466452,-77.173777175797,Match
1100 BLOCK SUGARLOAF MOUNTAIN RD,39.260494182271,-77.38265855802,Match
"1100 BLOCK SUGARLOAF MOUNTAIN RD, SUGARLOAF MOUNTAIN - FOLGER PRATT FARM",39.260494182271,-77.38265855802,Match
"1100 BLOCK TANEY AVE, NORTHSIDE TOWNHOUSE APARTMENTS - 1100 BLOCK TANEY AVE",,,No Match
1100 BLOCK W PATRICK ST,39.417437926033,-77.445999780991,Match
"1100 BLOCK W PATRICK ST, AUTOZONE - W PATRICK ST",39.417437926033,-77.445999780991,Match
"1100 BLOCK W PATRICK ST, AUTOZONE GOLDEN MILE",39.417437926033,-77.445999780991,Match
"1100 BLOCK W PATRICK ST, Apt/Unit:H",39.417437926033,-77.445999780991,Match
"1100 BLOCK W PATRICK ST, Apt/Unit:M",39.417437926033,-77.445999780991,Match
"1100 BLOCK W PATRICK ST, Apt/Unit:STE B",39.417437926033,-77.445999780991,Match
"1100 BLOCK W PATRICK ST, Bldg:B, AT&T - GOLDEN MILE",39.417437926033,-77.445999780991,Match
"1100 BLOCK W PATRICK ST, CLAY OVEN- GOLDEN MILE",39.417437926033,-77.445999780991,Match
"1100 BLOCK W PATRICK ST, FREESTATE PETROLEUM - GOLDEN MILE",39.417437926033,-77.445999780991,Match
"1100 BLOCK W PATRICK ST, GENESIS TREATMENT SERVICES",39.417437926033,-77.445999780991,Match
"1100 BLOCK W PATRICK ST, IFO",39.417437926033,-77.445999780991,Match
"1100 BLOCK W PATRICK ST, PEP BOYS AUTOMOTIVE",39.417437926033,-77.445999780991,Match
"1100 BLOCK W SEVENTH ST, MAX KEHNE MEMORIAL PARK",39.427945905868,-77.419040267663,Match
1100 BLOCK WAYNESBORO PIKE,,,No Match
1100 BLOCK WILCOX CT,39.472956173314,-77.435354514026,Match
1100 BLOCK YOUNG PL,39.43485426296,-77.419868879908,Match
"1100 BLOCKA ORCHARD TER, Apt/Unit:102",,,No Match
"1100 BLOCKB ORCHARD TER, Apt/Unit:302B",,,No Match
11000 BLOCK BAKER RD,39.565515891483,-77.282456560346,Match
"11000 BLOCK BALTIMORE NATIONAL PIKE PIKE, Bldg:B",,,No Match
11000 BLOCK BENNIE DUNCAN RD,39.500637841261,-77.281168589589,Match
11000 BLOCK BRINK RD,39.20741891832,-77.226944406145,Match
11000 BLOCK COOK BROTHERS RD,39.330956452941,-77.279572571698,Match
11000 BLOCK COPPERMINE RD,39.527795137476,-77.278669557534,Match
11000 BLOCK CORNER STONE LN,,,No Match
11000 BLOCK COUNTRY CLUB RD,39.424618018915,-77.283526776867,Match
11000 BLOCK DAYSVILLE RD,39.487710797618,-77.282684453455,Match
11000 BLOCK EMERALD CROWN DR,39.360277248798,-77.28035678838,Match
11000 BLOCK FEN VIEW LN,,,No Match
"11000 BLOCK FINGERBOARD RD, AT&T FACILITY",39.347595836338,-77.281764306026,Match
"11000 BLOCK FINGERBOARD RD, IAO",39.347595836338,-77.281764306026,Match
11000 BLOCK HAZELNUT LN,,,No Match
11000 BLOCK HESSONG BRIDGE RD,39.535744271812,-77.414734202603,Match
11000 BLOCK HIGHLAND SCHOOL RD,39.53616941274,-77.527228178569,Match
11000 BLOCK HORSESHOE DR,39.449467646722,-77.284744924282,Match
11000 BLOCK LIBERTY RD,,,No Match
"11000 BLOCK LIBERTY RD, HAMILTONS LOUNGE",,,No Match
11000 BLOCK LOCUST DR,39.289259513863,-77.208619091777,Match
11000 BLOCK OLD FREDERICK RD,,,No Match
11000 BLOCK PARKWOOD DR,39.616222907801,-77.666979092217,Match
11000 BLOCK PLEASANT WALK RD,39.534184888824,-77.593085416398,Match
11000 BLOCK POWELL RD,39.533483982254,-77.420972108742,Match
11000 BLOCK ROCKY RIDGE RD,39.602207844249,-77.284720877332,Match
11000 BLOCK SANANDREW DR,39.424506568031,-77.283554255718,Match
"11100 BLOCK ANGLEBERGER RD, BECKLEYS CAMPING CENTER STORE",39.544505596594,-77.42576138906,Match
"11100 BLOCK ANGLEBERGER RD, SEVEN ELEVEN - LEWISTOWN",39.544505596594,-77.42576138906,Match
"11100 BLOCK ANGLEBERGER RD, SEVEN ELEVEN LEWISTOWN",39.544505596594,-77.42576138906,Match
11100 BLOCK BALDWIN RD W,,,No Match
"11100 BLOCK BALDWIN RD W, ADVENTURE PARK USA",,,No Match
11100 BLOCK BALTIMORE NATIONAL PIKE PIKE,,,No Match
"11100 BLOCK BALTIMORE NATIONAL PIKE, APPALACHIAN TRAIL PARKING AREA",,,No Match
"11100 BLOCK BENNIE DUNCAN RD, IA",39.506643464793,-77.280095023003,Match
11100 BLOCK BERLIN TPKE BRIDGE END CTR GAS STA,,,No Match
"11100 BLOCK BERLIN TPKE BRIDGE END CTR GAS STA, BRIDGE END CTR GAS STA",,,No Match
"11100 BLOCK BERLIN TPKE, BRIDGE END CTR GAS STA",,,No Match
11100 BLOCK CHURCH HILL RD,,,No Match
11100 BLOCK COPPERMINE RD,39.527306653345,-77.276836888553,Match
11100 BLOCK EAGLETRACE DR,39.425037259812,-77.277579893335,Match
11100 BLOCK EASTERDAY RD,39.536245333207,-77.577727705815,Match
11100 BLOCK FEN VIEW LN,,,No Match
11100 BLOCK HAZELNUT LN,,,No Match
11100 BLOCK HESSONG BRIDGE RD,39.537765748697,-77.41569122508,Match
"11100 BLOCK HESSONG BRIDGE RD, Apt/Unit:LEWISTOWN ELEMENTARY, LEWISTOWN ELEMENTARY SCHOOL",39.537765748697,-77.41569122508,Match
"11100 BLOCK HESSONG BRIDGE RD, LEWISTOWN ELEMENTARY SCHOOL",39.537765748697,-77.41569122508,Match
"11100 BLOCK HESSONG BRIDGE RD, STATION 22",39.537765748697,-77.41569122508,Match
11100 BLOCK INNSBROOK CT,39.314323062867,-77.285201749104,Match
"11100 BLOCK INNSBROOK WAY, Apt/Unit:LOT 406",39.314353435865,-77.27942215954,Match
11100 BLOCK KEYSVILLE RD,39.665264588151,-77.283756483578,Match
"11100 BLOCK LIBERTY RD, SHADE TREES & EVERGREENS",,,No Match
"11100 BLOCK LINCOLN AVE, STATION WC026 - VFC OF HALFWAY",39.618940503714,-77.763528437092,Match
11100 BLOCK MOUNTAIN VIEW LN,39.316814372821,-77.278434078007,Match
"11100 BLOCK PLEASANT WALK RD, IFO",39.53759777653,-77.587249791566,Match
11100 BLOCK TANEYTOWN PIKE,39.694914062815,-77.283950840002,Match
"11100 BLOCK TANEYTOWN PIKE, Apt/Unit:B",39.694914062815,-77.283950840002,Match
"11100 BLOCK TANEYTOWN PIKE, Bldg:B",39.694914062815,-77.283950840002,Match
"11100 BLOCK TANEYTOWN PIKE, Bldg:B, Apt/Unit:B",39.694914062815,-77.283950840002,Match
"11100 BLOCK TANEYTOWN PIKE, NEXT DOOR NEIGHBOR",39.694914062815,-77.283950840002,Match
"11100 BLOCK WINDSOR RD, WINDSOR KNOLLS MIDDLE SCHOOL",39.323080367601,-77.280456409048,Match
11200 BLOCK ALLIUM LN,,,No Match
11200 BLOCK ANGLEBERGER RD,39.543785053084,-77.421536640981,Match
11200 BLOCK BETHESDA CHURCH RD,39.300248813384,-77.233309222384,Match
"11200 BLOCK BROWNINGSVILLE RD, IFO",39.329784573713,-77.272211837688,Match
11200 BLOCK CASH SMITH RD,39.541308121818,-77.301968169176,Match
"11200 BLOCK COPPERMINE RD, PH2",39.526818774491,-77.275004390207,Match
11200 BLOCK COUNTRY CLUB RD,39.424927139676,-77.277570062146,Match
11200 BLOCK CREAGERSTOWN RD,39.539923310959,-77.31782295955,Match
"11200 BLOCK FINGERBOARD RD, POTOMAC EDISON SUBSTATION - MONROVIA",,,No Match
11200 BLOCK HARNEY RD,39.711693907111,-77.275271733093,Match
11200 BLOCK HAUGHS CHURCH RD,,,No Match
"11200 BLOCK HESSONG BRIDGE RD, IAO",39.540587991057,-77.416562757443,Match
11200 BLOCK HIGHLAND SCHOOL RD,39.540994990016,-77.527256993245,Match
11200 BLOCK HILL RD,39.543347401681,-77.286231047054,Match
11200 BLOCK KENT CT,39.390376644027,-77.272985917318,Match
11200 BLOCK LIBERTY RD,,,No Match
"11200 BLOCK LOOP RD, STATION FC016 - SOUTH MOUNTAIN FIRE/AMBULANCE CO",,,No Match
11200 BLOCK PANORAMA DR,39.420303087807,-77.281227158349,Match
11200 BLOCK PLEASANT WALK RD,39.539982341342,-77.586742140902,Match
11200 BLOCK PUTMAN RD,39.541453014418,-77.445545253017,Match
11200 BLOCK ROCKY RIDGE RD,39.603152836239,-77.276044866719,Match
11200 BLOCK WOLFSVILLE RD,39.62485269316,-77.559690621302,Match
11200 BLOCK YARDLEY CT,39.320792162673,-77.275454984058,Match
11200 BLOCK YARDLEY PL,39.320929165273,-77.275757816732,Match
11300 BLOCK ALTON RD,39.454669955457,-77.2716603989,Match
11300 BLOCK BAKER RD,39.568247615348,-77.27164686906,Match
"11300 BLOCK COUNTRY CLUB RD, WESTWIND GOLF COURSE",39.420791037276,-77.273631818254,Match
11300 BLOCK CREAGERSTOWN RD,39.540258007747,-77.318090553492,Match
11300 BLOCK DAYSVILLE RD,39.486301072336,-77.272419486445,Match
11300 BLOCK DUTCHMANS CREEK RD,,,No Match
11300 BLOCK GREENRIDGE DR,,,No Match
11300 BLOCK HARP HILL RD,39.543554844069,-77.546826488913,Match
11300 BLOCK HIGHLAND SCHOOL RD,39.543190828482,-77.525653434875,Match
11300 BLOCK KEYMAR RD,39.546476774001,-77.237775214091,Match
"11300 BLOCK LIBERTY RD, DOLLAR GENERAL",,,No Match
"11300 BLOCK LIBERTY RD, DOLLAR GENERAL - LIBERTYTOWN SHOPPING CENTER",,,No Match
11300 BLOCK NEVETS PL,39.351264675898,-77.270236534809,Match
"11300 BLOCK NEVETS PL, NEVETS PL / RT75",39.351264675898,-77.270236534809,Match
11300 BLOCK RENNER RD,39.546459027041,-77.257959848564,Match
11300 BLOCK RUSSELL RD,,,No Match
11300 BLOCK SCENIC VIEW CT,39.363417746106,-77.271065162353,Match
11300 BLOCK WINDSOR RD,39.320518905556,-77.272187223432,Match
11300 BLOCK WOLFSVILLE RD,,,No Match
"11300 BLOCK WOODLAND WAY RD, Apt/Unit:B",39.542950097789,-77.567990177387,Match
11300 BLOCK(11300) BLK LIBERTY RD,,,No Match
11300 BLOCKC HIGHLAND SCHOOL RD,,,No Match
11400 BLOCK BATHESDA CHURCH RD,,,No Match
11400 BLOCK BETHESDA CHURCH RD,,,No Match
11400 BLOCK CARDINAL LN,39.324887647684,-77.266117156216,Match
11400 BLOCK CREAGERSTOWN RD,,,No Match
11400 BLOCK CRICKENBERGER RD,39.404410032331,-77.268142254384,Match
11400 BLOCK DRUMMERS PASS,39.317753879635,-77.267662206389,Match
11400 BLOCK HESSONG BRIDGE RD,39.546393156481,-77.418549474863,Match
11400 BLOCK HOUCK RD,39.546660467303,-77.191666845686,Match
11400 BLOCK KEYMAR RD,39.547097374493,-77.238406992104,Match
11400 BLOCK LIBERTY RD,39.477678946012,-77.263928788409,Match
11400 BLOCK MOUNTAIN VIEW RD,39.283272288304,-77.236351281183,Match
11400 BLOCK POTOMAC HEIGHTS LN,,,No Match
11400 BLOCK SIMMONS RD,39.680345775145,-77.271392825547,Match
"11400 BLOCK SIMMONS RD, BRIDGEPORT SALT DOME",39.680345775145,-77.271392825547,Match
11400 BLOCK WELLER RD,39.359895550739,-77.267680324212,Match
11400 BLOCK WOLFSVILLE RD,,,No Match
11400 BLOCK WOODLAND WAY RD,39.545845049829,-77.564946450006,Match
11500 BLOCK ANGLEBERGER RD,39.548091538011,-77.406565434333,Match
"11500 BLOCK ANGLEBERGER RD, ANGLEBERGER RD / RT15",39.548091538011,-77.406565434333,Match
"11500 BLOCK BALDWIN RD, PARK N RIDE NEW MARKET",,,No Match
11500 BLOCK DOGWOOD HILLS DR,39.229027464006,-77.238738359619,Match
11500 BLOCK DUTCHMANS CREEK RD,,,No Match
11500 BLOCK HARNEY RD,39.712028579495,-77.261206047506,Match
11500 BLOCK HARP HILL RD,39.547365933299,-77.547674002451,Match
"11500 BLOCK HARP HILL RD, PH 2",39.547365933299,-77.547674002451,Match
11500 BLOCK HOUCK RD,39.551403475691,-77.195069361523,Match
11500 BLOCK LIBERTY OAK DR,39.492670406959,-77.26745109891,Match
11500 BLOCK MICA PL,,,No Match
11500 BLOCK MOUNTAIN VIEW RD,39.28386594118,-77.238418232624,Match
11500 BLOCK NOR-RAY CIR,39.328268110914,-77.267849489308,Match
11500 BLOCK OLD ANNAPOLIS RD,39.442933918244,-77.269989288316,Match
"11500 BLOCK OLD ANNAPOLIS RD, IFO",39.442933918244,-77.269989288316,Match
11500 BLOCK OLD FREDERICK RD,39.320335635179,-76.911126989797,Match
11500 BLOCK RENNER RD,39.553985194004,-77.266265873692,Match
11500 BLOCK TANEYTOWN PIKE,39.689046246642,-77.26846193596,Match
11500 BLOCKA LIBERTY RD,,,No Match
11600 BLOCK BROWNINGSVILLE RD,39.32396579426,-77.261465024393,Match
11600 BLOCK FINGERBOARD RD,39.344671217011,-77.262030539525,Match
"11600 BLOCK FINGERBOARD RD, GREEN VALLEY GARAGE",39.344671217011,-77.262030539525,Match
11600 BLOCK GAS HOUSE PIKE,39.423286923001,-77.263068468701,Match
11600 BLOCK GREEN VALLEY RD,39.544286592461,-77.215038187504,Match
11600 BLOCK HARP HILL RD,39.550323410054,-77.549369725683,Match
11600 BLOCK HARPERS FERRY RD,,,No Match
"11600 BLOCK HARPERS FERRY RD SWEET RUN STATE PARK, SWEET RUN STATE PARK",,,No Match
"11600 BLOCK HARPERS FERRY RD, SWEET RUN STATE PARK",,,No Match
"11600 BLOCK HUNT CLUB RD, THURMONT SPORTSMANS CLUB",39.556511445419,-77.363560295685,Match
11600 BLOCK IRONWOOD DR,,,No Match
11600 BLOCK KEYMAR RD,39.550459129373,-77.240051113832,Match
11600 BLOCK MATHEWS RD,,,No Match
11600 BLOCK MICA PL,,,No Match
11600 BLOCK MICA PLACE,,,No Match
11600 BLOCK OLD ANNAPOLIS RD,39.439128401867,-77.26186468194,Match
"11600 BLOCK OLD NATIONAL PIKE, ASIAN BISTRO",39.383598270997,-77.263074321046,Match
"11600 BLOCK OLD NATIONAL PIKE, Apt/Unit:101, AMBER HILL PHYSICAL THERAPY",39.383598270997,-77.263074321046,Match
"11600 BLOCK OLD NATIONAL PIKE, BURGER KING",39.383598270997,-77.263074321046,Match
11600 BLOCK ROPP LN,,,No Match
11600 BLOCK WILHIDE RD,39.55061934266,-77.387248550282,Match
11600 BLOCK WOODLEA DR,,,No Match
11600 BLOCK WOODSBORO PIKE,39.552741333474,-77.306835202387,Match
11600 BLOCKB S BAUGHER RD,,,No Match
"11700 BLOCK ANGLEBERGER RD, Apt/Unit:A",,,No Match
11700 BLOCK BARNSWALLOW PL,39.387266828269,-77.256745096455,Match
11700 BLOCK BROWNINGSVILLE RD,39.320402689827,-77.260487527385,Match
11700 BLOCK COPPERMINE RD,39.5159224519,-77.259230921372,Match
11700 BLOCK DELWOOD DR,,,No Match
"11700 BLOCK FINGERBOARD RD, BP STATION - GREEN VALLEY PLAZA",39.343580192831,-77.258037331436,Match
"11700 BLOCK FINGERBOARD RD, Bldg:3, GREEN VALLEY PLAZA",39.343580192831,-77.258037331436,Match
11700 BLOCK FOLLY LN,,,No Match
11700 BLOCK GLENWOOD CT,39.322961936867,-77.256410167178,Match
11700 BLOCK HUNT CLUB RD,39.552997210841,-77.362096745942,Match
11700 BLOCK LEGORE BRIDGE RD,,,No Match
"11700 BLOCK MORNING GATE LN, MCDONALDS - NEW MARKET",,,No Match
"11700 BLOCK OLD ANNAPOLIS RD, IAO",39.437214883052,-77.256857076957,Match
11700 BLOCK OLD FREDERICK RD,39.322030523011,-76.91749522627,Match
"11700 BLOCK OLD NATIONAL PIKE, HIGHS",,,No Match
"11700 BLOCK OLD NATIONAL PIKE, LINGANORE VET CLINIC - NEW MARKET CENTER",,,No Match
"11700 BLOCK OLD NATIONAL PIKE, NEW MARKET CENTER",,,No Match
"11700 BLOCK OLD NATIONAL PIKE, NEW MARKET HIGHS",,,No Match
"11700 BLOCK OLD NATIONAL PIKE, NEW MARKET SHELL",,,No Match
11700 BLOCK RIDGEWAY CT,39.369298066818,-77.253508004924,Match
11700 BLOCK ROWE CT,39.351519143101,-77.256215057234,Match
11700 BLOCK THOMAS SPRING RD,39.34744830366,-77.260462023424,Match
11700 BLOCK WARNER RD,39.554075060912,-77.26620878471,Match
11700 BLOCK WOODLAND WAY RD,39.551279487117,-77.55832457124,Match
11700 BLOCK WOODSBORO PIKE,39.555747378532,-77.303878280877,Match
"11800 BLOCK AUBURN RD, SPRINGFIELD MANOR WINERY",39.558091030573,-77.431077103705,Match
11800 BLOCK BARLEY CT,39.338652457651,-77.252612380827,Match
11800 BLOCK BROWNINGSVILLE RD,39.317168744915,-77.252772640014,Match
"11800 BLOCK BROWNINGSVILLE RD, IFO",39.317168744915,-77.252772640014,Match
"11800 BLOCK BUFFINGTON RD, AT SHARP CURVE",39.547990578382,-77.255973515378,Match
11800 BLOCK CREAGERSTOWN RD,,,No Match
"11800 BLOCK CREAGERSTOWN RD, CLASSIC LANDSCAPING",,,No Match
"11800 BLOCK FINGERBOARD RD, SEVEN ELEVEN - GREEN VALLEY SHOPPING CENTER",39.344163015982,-77.25363693778,Match
11800 BLOCK GREEN VALLEY RD,39.541945009976,-77.203175839236,Match
11800 BLOCK HARNEY RD,,,No Match
11800 BLOCK HARP HILL RD,39.557626383636,-77.549491658325,Match
11800 BLOCK HARPERS FERRY RD,,,No Match
11800 BLOCK HART GLEN CT,39.391039798191,-77.250134608294,Match
"11800 BLOCK LIBERTY RD, Apt/Unit:LIBERTY ELEMENTARY, LIBERTY ELEMENTARY SCHOOL",39.48210016833,-77.254886525046,Match
"11800 BLOCK LIBERTY RD, LIBERTY ELEMENTARY SCHOOL",39.48210016833,-77.254886525046,Match
11800 BLOCK LOY WOLFE RD,39.5588839766,-77.581152165157,Match
11800 BLOCK NATIONAL PIKE,,,No Match
11800 BLOCK NICHOLSON RD,39.586636976042,-77.254784361513,Match
11800 BLOCK OLD ANNAPOLIS RD,39.436216086701,-77.253462768938,Match
"11800 BLOCK OLD NATIONAL PIKE, FOOD LION - NEW MARKET",,,No Match
"11800 BLOCK OLD NATIONAL PIKE, FOOD LION - NEW MARKET//",,,No Match
11800 BLOCK PINE TREE CT,39.349010006577,-77.250985694587,Match
11800 BLOCK PURCELL RD,,,No Match
11800 BLOCK RENNER RD,39.550491972546,-77.277252798064,Match
11800 BLOCK RIDGEWAY DR,39.364646332597,-77.252706944198,Match
11800 BLOCK ROPP LN,,,No Match
11800 BLOCK VINEYARD PATH,39.389255055328,-77.25268597734,Match
11800 BLOCK WELLER HILL DR,39.359686865554,-77.254541143526,Match
11900 BLOCK ARLINGTON MILL RD,39.466661999916,-77.253673116121,Match
11900 BLOCK AUBURN RD,39.561121717182,-77.431148039599,Match
"11900 BLOCK AUBURN RD, IFO",39.561121717182,-77.431148039599,Match
11900 BLOCK BEAVER DAM RD,39.559983709354,-77.211364892971,Match
11900 BLOCK BERLIN TPKE,,,No Match
11900 BLOCK BETHESDA CHURCH RD,39.311330436869,-77.2458583791,Match
"11900 BLOCK COPPERMINE RD, IAO",,,No Match
11900 BLOCK FINGERBOARD RD,39.344538299978,-77.251769899599,Match
11900 BLOCK GEORGE FARM DR,,,No Match
11900 BLOCK GLADHILL BROTHERS RD,39.327429384859,-77.249913375887,Match
11900 BLOCK GREEN VALLEY RD,39.542199837284,-77.200307508089,Match
11900 BLOCK KALBS MILL CT,,,No Match
11900 BLOCK LOOKINGBILL RD,39.560342985731,-77.2528843294,Match
11900 BLOCK LYNN CREST RD,39.36538059405,-77.250226449619,Match
11900 BLOCK MAIN ST,39.484520214432,-77.249480159841,Match
"11900 BLOCK MAIN ST, Apt/Unit:105A, LIBERTY GARDEN APTS",39.484520214432,-77.249480159841,Match
"11900 BLOCK MAIN ST, Bldg:B, LIBERTY ANTIQUES & COLLECTABLES",39.484520214432,-77.249480159841,Match
"11900 BLOCK MAIN ST, SEVEN ELEVEN - LIBERTYTOWN",39.484520214432,-77.249480159841,Match
11900 BLOCK MID COUNTY DR,39.365283908041,-77.250196016564,Match
11900 BLOCK ROPP LN,,,No Match
11900 BLOCK SOUTH ST,,,No Match
11900 BLOCK STONEHOUSE VIEW CT,,,No Match
11900 BLOCK TANEYTOWN PIKE,39.683429912879,-77.25207987117,Match
11900 BLOCK WARNER RD,39.5600759437,-77.266247256667,Match
11900 BLOCK WOLFSVILLE RD,,,No Match
11900 BLOCK WOODLAND WAY RD,39.558363244417,-77.554725363332,Match
11900 BLOCKA AUBURN RD,,,No Match
"1200 BLOCK ALBAN CT, Apt/Unit:TA, THE GROVE AT ALBAN - 1200 BLOCK ALBAN CT",39.415601637509,-77.449037446552,Match
1200 BLOCK APOLLO DR,,,No Match
"1200 BLOCK ARDMORE CT, THE GROVE AT ALBAN - 1200 BLOCK ARDMORE CT",39.416080422099,-77.448769224746,Match
1200 BLOCK ARNOLDTOWN RD,39.412891587186,-77.627503166104,Match
"1200 BLOCK AYNSLEY CT 1B, Apt/Unit:1B",,,No Match
"1200 BLOCK AYNSLEY CT, Apt/Unit:CD, THE GROVE AT ALBAN",39.416530422006,-77.448698708698,Match
"1200 BLOCK AYNSLEY CT, Apt/Unit:PA, THE GROVE AT ALBAN - 1200 BLOCK AYNSLEY CT",39.416530422006,-77.448698708698,Match
"1200 BLOCK AYNSLEY CT, Apt/Unit:PB, THE GROVE AT ALBAN",39.416530422006,-77.448698708698,Match
"1200 BLOCK AYNSLEY CT, Apt/Unit:TA, THE GROVE AT ALBAN - 1200 BLOCK AYNSLEY CT",39.416530422006,-77.448698708698,Match
"1200 BLOCK AYNSLEY CT, THE GROVE AT ALBAN - 1200 BLOCK AYNSLEY CT",39.416530422006,-77.448698708698,Match
"1200 BLOCK BAKER PL S, Apt/Unit:11, RESIDENCES AT THE MANOR - 1200 BLOCK BAKER PL",39.422955759996,-77.45522356975,Match
"1200 BLOCK BAKER PL S, Apt/Unit:12, RESIDENCES AT THE MANOR - 1200 BLOCK BAKER PL",39.422955759996,-77.45522356975,Match
"1200 BLOCK BAKER PL S, Apt/Unit:22, RESIDENCES AT THE MANOR - 1200 BLOCK BAKER PL",39.422955759996,-77.45522356975,Match
"1200 BLOCK BAKER PL S, Apt/Unit:24, RESIDENCES AT THE MANOR - 1200 BLOCK BAKER PL",39.422955759996,-77.45522356975,Match
"1200 BLOCK BAKER PL S, Apt/Unit:31, RESIDENCES AT THE MANOR - 1200 BLOCK BAKER PL",39.422955759996,-77.45522356975,Match
"1200 BLOCK BAKER PL S, Apt/Unit:33, MANOR APTS",39.422955759996,-77.45522356975,Match
"1200 BLOCK BAKER PL S, Apt/Unit:44, RESIDENCES AT THE MANOR - 1200 BLOCK BAKER PL",39.422955759996,-77.45522356975,Match
"1200 BLOCK BAKER PL S, RESIDENCES AT THE MANOR",39.422955759996,-77.45522356975,Match
"1200 BLOCK BAKER PL S, RESIDENCES AT THE MANOR - 1200 BLOCK BAKER PL",39.422955759996,-77.45522356975,Match
1200 BLOCK BASE RD,38.272117784713,-76.431824761799,Match
1200 BLOCK BEECHWOOD DR,39.43072104323,-77.41245292354,Match
1200 BLOCK BROWN RD,,,No Match
1200 BLOCK BUCKEYSTOWN PIKE,39.267409452326,-77.46538455493,Match
1200 BLOCK DAHLIA LN,39.411423170294,-77.448559318587,Match
1200 BLOCK DANIELLE DR,39.414782318671,-77.451753493449,Match
1200 BLOCK DAPHNE WAY,38.191386849287,-75.699718723418,Match
1200 BLOCK DELLA RD,39.264049695161,-77.431476679878,Match
"1200 BLOCK DUTCHMANS CREEK DR, Apt/Unit:F, WEIS MARKET BRUNSWICK",,,No Match
"1200 BLOCK DUTCHMANS CREEK DR, WEIS MARKET - BRUNSWICK CROSSING",,,No Match
"1200 BLOCK DUTCHMANS CREEK DR, WEIS MARKET BRUNSWICK",,,No Match
"1200 BLOCK E PATRICK ST, 2A GUNS AND AMMO",39.408401961869,-77.390187693864,Match
"1200 BLOCK E PATRICK ST, Apt/Unit:13C",39.408401961869,-77.390187693864,Match
"1200 BLOCK E PATRICK ST, BELLES PIT BEEF HOUSE - EASTGATE CENTER",39.408401961869,-77.390187693864,Match
1200 BLOCK ENFIELD FARM LN,,,No Match
1200 BLOCK FURGESON LN,,,No Match
1200 BLOCK FUTURITY ST,,,No Match
"1200 BLOCK HILLCREST DR, HILLCREST ELEMENTARY SCHOOL",39.411358323833,-77.453904669161,Match
1200 BLOCK KATAHDIN DR,,,No Match
"1200 BLOCK KATAHDIN DR, BEHIND",,,No Match
1200 BLOCK KEY PKWY,39.276730525091,-76.606355380448,Match
1200 BLOCK LAWLER DR,39.47105885909,-77.436530972011,Match
1200 BLOCK LEAFY HOLLOW CIR,39.371707755761,-77.175833383395,Match
"1200 BLOCK MAPLE TERRACE LN, Bldg:500, MAPLE TERRACE APTS",,,No Match
"1200 BLOCK MAPLE TERRACE LN, MAPLE TERRACE APTS",,,No Match
1200 BLOCK MARSALIS PL,,,No Match
1200 BLOCK MOORE SPRING CT,39.327967933936,-77.63328581033,Match
1200 BLOCK MOUNTAIN CHURCH RD,39.412764744608,-77.632777562325,Match
"1200 BLOCK N EAST ST, Bldg:A",39.434973972356,-77.402663556228,Match
1200 BLOCK N MARKET ST,39.429026682031,-77.406490673966,Match
1200 BLOCK OAK VIEW DR,,,No Match
1200 BLOCK OAKWOOD DR,39.430905032676,-77.411274527089,Match
1200 BLOCK PALLADIAN WAY,39.427856439857,-77.451702721715,Match
"1200 BLOCK RISING RIDGE RD, WILLARD AGRI SERVICES - RISING RIDGE RD",,,No Match
"1200 BLOCK RIVERBEND WAY, IFO",39.446050067633,-77.389070869556,Match
"1200 BLOCK RIVERBEND WAY, RIVERSIDE LIQUORS - RIVERSIDE CENTER",39.446050067633,-77.389070869556,Match
"1200 BLOCK RIVERWALK PL, Apt/Unit:3100, FAIRWAY VISTA CLUBHOUSE & POOL",,,No Match
"1200 BLOCK RIVERWALK PL, FAIRWAY VISTA CLUBHOUSE & POOL",,,No Match
1200 BLOCK ROHRERSVILLE RD,39.347568919647,-77.681336612188,Match
1200 BLOCK ROSEMONT DR,39.331596519071,-77.629292600824,Match
"1200 BLOCK RUTLEDGE PL, Apt/Unit:DB, THE GROVE AT ALBAN",39.414706883001,-77.448844240288,Match
1200 BLOCK SHENANDOAH SQ S,39.333102577024,-77.642607146612,Match
1200 BLOCK SHENANDOAH VIEW PKWY,39.330859609065,-77.640402590959,Match
1200 BLOCK STALEY AVE,39.428039072838,-77.405693623802,Match
"1200 BLOCK STALEY AVE, STALEY FIELD",39.428039072838,-77.405693623802,Match
"1200 BLOCK STILLMEADOW PL, Apt/Unit:1C, THE GROVE AT ALBAN - 1200 BLOCK STILLMEADOW PL",39.413872119414,-77.448613989477,Match
"1200 BLOCK STILLMEADOW PL, THE GROVE AT ALBAN",39.413872119414,-77.448613989477,Match
1200 BLOCK TANEY AVE,,,No Match
1200 BLOCK VERITAS LN,,,No Match
1200 BLOCK VILLAGE GREEN WAY,,,No Match
1200 BLOCK VOLUNTEER DR,39.327408526933,-77.635064224189,Match
1200 BLOCK W OLD LIBERTY RD,39.44301418078,-77.044529297038,Match
1200 BLOCK W PATRICK ST,39.418154206592,-77.450996057106,Match
"1200 BLOCK W PATRICK ST, ARBYS - WILLOWDALE",39.418154206592,-77.450996057106,Match
"1200 BLOCK W PATRICK ST, DENNYS RESTAURANT - GOLDEN MARKET MARKETPLACE",39.418154206592,-77.450996057106,Match
"1200 BLOCK W PATRICK ST, DOLLAR GENERAL - FREDERICK SHOPPERS WORLD",39.418154206592,-77.450996057106,Match
"1200 BLOCK W PATRICK ST, DOLLAR GENERAL FREDERICK SHOPPERS WORLD",39.418154206592,-77.450996057106,Match
"1200 BLOCK W PATRICK ST, DUNKIN DONUTS - GOLDEN MILE",39.418154206592,-77.450996057106,Match
"1200 BLOCK W PATRICK ST, FREDERICK SUNOCO - GOLDEN MILE",39.418154206592,-77.450996057106,Match
"1200 BLOCK W PATRICK ST, GIANT EAGLE - FREDERICK SHOPPERS WORLD",39.418154206592,-77.450996057106,Match
"1200 BLOCK W PATRICK ST, LANTERN SUSHI",39.418154206592,-77.450996057106,Match
"1200 BLOCK W PATRICK ST, MCDONALDS - FREDERICK SHOPPERS WORLD",39.418154206592,-77.450996057106,Match
"1200 BLOCK W PATRICK ST, PETCO - FREDERICK SHOPPERS WORLD",39.418154206592,-77.450996057106,Match
"1200 BLOCK W PATRICK ST, PIZZA HUT - GOLDEN MILE",39.418154206592,-77.450996057106,Match
"1200 BLOCK W PATRICK ST, ROY ROGERS - HILLCREST",39.418154206592,-77.450996057106,Match
"1200 BLOCK W PATRICK ST, WENDYS - GOLDEN MILE",39.418154206592,-77.450996057106,Match
1200 BLOCK W SEVENTH ST,39.42887644259,-77.419816101468,Match
1200 BLOCK YOUNKINS DR,,,No Match
12000 BLOCK BETHESDA CHURCH RD,39.313442394519,-77.246791001273,Match
12000 BLOCK COPPERMINE RD,39.514992034721,-77.255194881675,Match
12000 BLOCK FINGERBOARD RD,39.343390699532,-77.245797640416,Match
12000 BLOCK GLISSANS MILL RD,,,No Match
12000 BLOCK HARPERS FERRY RD,,,No Match
12000 BLOCK JAMES MONROE HWY,,,No Match
12000 BLOCK LIME PLANT RD,39.419627483074,-77.246714197512,Match
12000 BLOCK LOY WOLFE RD,39.562028346067,-77.581098386159,Match
12000 BLOCK MAIN ST,39.484692069768,-77.246605954594,Match
"12000 BLOCK MAIN ST, Apt/Unit:3",39.484692069768,-77.246605954594,Match
12000 BLOCK MUTH RD,,,No Match
"12000 BLOCK NORTH ST, STATION 17",39.485674394696,-77.246675545393,Match
"12000 BLOCK OLD ANNAPOLIS RD, Apt/Unit:LINGANORE HIGH, LINGANORE HIGH SCHOOL",39.434041026925,-77.246480016051,Match
"12000 BLOCK OLD ANNAPOLIS RD, LINGANORE HIGH SCHOOL",39.434041026925,-77.246480016051,Match
12000 BLOCK OLD FREDERICK RD,,,No Match
12000 BLOCK OLD NATIONAL PIKE,39.381848481969,-77.248925046602,Match
"12000 BLOCK PENTERRA MANOR LN, CREAGERSTOWN PARK",,,No Match
"12000 BLOCK S270 X13 TO X11 HWY S270F MIDDLBROOK RD - WATKINS MILL RD, S270F MIDDLBROOK RD - WATKINS MILL RD",,,No Match
"12000 BLOCK SOUTH ST, CHIARAMONTE ARTISAN SHOP",,,No Match
"12000 BLOCK SOUTH ST, STATION 17",,,No Match
12000 BLOCK STANSBURY DR,39.360836995036,-77.247733009047,Match
12000 BLOCK WELLER RD,39.353427419933,-77.245262623922,Match
12000 BLOCK WILDCAT RD,39.560515131114,-77.543126600807,Match
12000 BLOCK WOLFSVILLE RD,,,No Match
"12000 BLOCK WOODSBORO PIKE, STATION 9",39.563802773202,-77.296367791147,Match
12100 BLOCK BRIDGEPORT RD,,,No Match
12100 BLOCK BUCHANAN TRL E,,,No Match
12100 BLOCK CLYDE YOUNG RD,39.565274575579,-77.320557003587,Match
12100 BLOCK COPPERMINE RD,39.514558394733,-77.245152572457,Match
"12100 BLOCK DARNESTOWN RD, STATION MC731 - ROCKVILLE",39.116886362048,-77.250055214411,Match
12100 BLOCK FINGERBOARD RD,39.342205114248,-77.243270986291,Match
12100 BLOCK HARNEY RD,39.710969609847,-77.246330583391,Match
12100 BLOCK LOY WOLFE RD,39.564983727587,-77.579145305825,Match
12100 BLOCK MAIN ST,39.485104706183,-77.240416413643,Match
"12100 BLOCK PEN-MAR RD, STATION FC004 - BLUE RIDGE SUMMIT FIRE & RESCUE STATION 2",,,No Match
12100 BLOCK ROSSWOOD DR,39.375153758633,-77.244609465789,Match
12100 BLOCK TAYLORSTOWN RD,,,No Match
12100 BLOCK TOWER RD,,,No Match
12100 BLOCK WILDCAT RD,39.562293378218,-77.542829065747,Match
12100 BLOCK WOODSBORO PIKE,39.565026768888,-77.294800320218,Match
"12200 BLOCK BALTIMORE NATIONAL PIKE, NEW MARKET WEIGH STATION I70EB",,,No Match
"12200 BLOCK BAUGHER RD, Bldg:B, SHUFFS MEAT MARKET",39.5692396781,-77.435460851062,Match
12200 BLOCK COPPERMINE RD,39.515688568526,-77.237617185812,Match
"12200 BLOCK ELM FOREST CT ELMS AT CLARKSBURG APTS, ELMS AT CLARKSBURG APTS",,,No Match
12200 BLOCK PLEASENT VALLEY RD,39.649028740678,-77.528495606113,Match
12200 BLOCK S DEBKAY CT,39.363301089038,-77.24024893897,Match
12200 BLOCK WOODSBORO PIKE,39.568396743571,-77.288260939092,Match
"12200 BLOCK WOODSBORO PIKE, NEW MIDWAY ELEMENTARY SCHOOL",39.568396743571,-77.288260939092,Match
12300 BLOCK AUBURN RD,39.56914067153,-77.433222450059,Match
"12300 BLOCK BERLIN PK, STATION LC612 - LOVETTSVILLE VOLUNTEER FIRE & RESCUE",,,No Match
12300 BLOCK CLYDE YOUNG RD,39.56931880758,-77.305177245431,Match
12300 BLOCK HUNGERFORD MANOR CT,39.365033844545,-77.233916340161,Match
12300 BLOCK LEGORE RD,39.573234446644,-77.297551642441,Match
12300 BLOCK LIBERTY EAST TER,39.484571395331,-77.234127542258,Match
12300 BLOCK OAK HILL RD,39.565846617851,-77.334668050174,Match
12300 BLOCK RENNER RD,39.555606293548,-77.287064982734,Match
12300 BLOCK SHERWOOD FOREST DR,,,No Match
12300 BLOCK TANEYTOWN PIKE,39.679271050245,-77.236845487723,Match
12300 BLOCK WHITE ROCK RD,,,No Match
"12300 BLOCK WHITE ROCK RD AT&T TWR, AT&T TWR",,,No Match
12300 BLOCK WOODSBORO PIKE,39.569586737921,-77.284745042234,Match
12400 BLOCK CREAGERSTOWN RD,39.574367843355,-77.364302042373,Match
12400 BLOCK FINGERBOARD RD,39.339257432922,-77.231744980797,Match
12400 BLOCK GLISSANS MILL RD,39.441832982236,-77.234707064986,Match
12400 BLOCK HANFORD CT,39.328225131416,-77.233834152734,Match
12400 BLOCK HILL CT,39.398867207806,-77.234577210205,Match
12400 BLOCK JESSE SMITH RD,39.379240277057,-77.234994729795,Match
12400 BLOCK LIME PLANT RD,39.414347433049,-77.235161241747,Match
12400 BLOCK LINGANORE WOODS CIR,39.370327733074,-77.232030807259,Match
12400 BLOCK OLD ANNAPOLIS RD,39.428834977009,-77.235460694837,Match
12400 BLOCK OLD NATIONAL PIKE,39.376717167907,-77.230620903031,Match
"12400 BLOCK OLD NATIONAL PIKE, OLD NATIONAL PIKE DISTRICT PARK",39.376717167907,-77.230620903031,Match
12400 BLOCK SPRUCE RUN RD,39.573542404151,-77.532470329722,Match
"12400 BLOCK WOLFSVILLE RD, STATION 21",39.572982751437,-77.547163988044,Match
12400 BLOCK WOODSBORO PIKE,39.574556191648,-77.271654373164,Match
"12400 BLOCK WOODSBORO PIKE, EASTERN MOBILITY",39.574556191648,-77.271654373164,Match
"12400 BLOCK WOODSBORO PIKE, NORTH GLADE FEED & SUPPLY CO INC",39.574556191648,-77.271654373164,Match
12400 BLOCKA RENNER RD,,,No Match
12500 BLOCK BILLS CT,39.361816009145,-77.229335249342,Match
12500 BLOCK CATOCTIN FURNACE RD,39.576089004017,-77.432839994194,Match
12500 BLOCK FIELDS LN,39.348165550279,-77.230248082116,Match
12500 BLOCK FINGERBOARD RD,39.336060201452,-77.226495912261,Match
12500 BLOCK HARNEY RD,39.713094841397,-77.230969433123,Match
12500 BLOCK HARPERS FERRY RD,,,No Match
"12500 BLOCK HESSONG BRIDGE RD, IAO",39.577425941752,-77.408984703273,Match
12500 BLOCK LEE HILL DR,39.371222250093,-77.229736947263,Match
"12500 BLOCK LEE HILL DR, BTWN 12500 BLOCK AND 12507",39.371222250093,-77.229736947263,Match
12500 BLOCK LEGORE RD,39.577654169789,-77.302635736511,Match
12500 BLOCK NEW WINDSOR RD,39.483990134198,-77.233041540397,Match
"12500 BLOCK OLD FREDERICK RD, STATION HC003 - WEST FRIENDSHIP",39.318904630578,-76.945486260976,Match
12500 BLOCK OLD NATIONAL PIKE,39.375906376958,-77.227879005973,Match
12500 BLOCK RENNER RD,39.561382306653,-77.291834497338,Match
12500 BLOCK SANDRA LEE CT,39.33621525622,-77.228948018447,Match
12500 BLOCK SPRUCE RUN RD,39.57580257283,-77.531425708177,Match
12500 BLOCK STONE CREST CIR,,,No Match
12500 BLOCK STOTTLEMYER RD,39.575544368084,-77.543354271781,Match
12500 BLOCK WOLFSVILLE RD,39.574476777947,-77.551565348693,Match
12500 BLOCK WOODBROOK CT,39.342266382916,-77.231248537189,Match
12500 BLOCK WOODSBORO PIKE,39.576272937213,-77.265738267619,Match
12500 BLOCK(12920) BLK CREAGERSTOWN RD,,,No Match
12600 BLOCK CATOCTIN FURNACE RD,39.578056406081,-77.433341385185,Match
12600 BLOCK COPPERMINE RD,39.515109049207,-77.226451812904,Match
"12600 BLOCK COPPERMINE RD, IFO",39.515109049207,-77.226451812904,Match
12600 BLOCK CREAGERSTOWN RD,39.578948723904,-77.365638645674,Match
"12600 BLOCK GLISSANS MILL RD, Bldg:A",39.440453042646,-77.224921836505,Match
12600 BLOCK JAMES MONROE HWY,,,No Match
12600 BLOCK LAYMAN RD,,,No Match
12600 BLOCK MOLESWORTH DR,39.348786722869,-77.226840639557,Match
12600 BLOCK PRICES DISTILLERY RD,39.28539361378,-77.261158218415,Match
12600 BLOCK WEST OAK DR,,,No Match
12700 BLOCK BARNETT DR,39.404892395525,-77.219597302325,Match
"12700 BLOCK BRANDENBURG HOLLOW RD, WOLFSVILLE RURITAN",39.580670250119,-77.54895291417,Match
12700 BLOCK BUCHANAN TRL E,,,No Match
12700 BLOCK BUNKER HILL RD,39.555619022355,-77.220336879551,Match
12700 BLOCK CATOCTIN HOLLOW RD,39.58515034029,-77.437364766566,Match
"12700 BLOCK CATOCTIN HOLLOW RD, IFO",39.58515034029,-77.437364766566,Match
12700 BLOCK COPPERMINE RD,39.514562256024,-77.222572715141,Match
12700 BLOCK DAVIS CT,39.353646422201,-77.221225175458,Match
12700 BLOCK DOWNEY MILL RD,,,No Match
12700 BLOCK FINGERBOARD RD,39.331910638018,-77.220834333922,Match
12700 BLOCK JAMES MONROE HIGHWAY,,,No Match
12700 BLOCK JAMES MONROE HWY,,,No Match
"12700 BLOCK JAMES MONROE HWY SUNOCO GAS MART CIGARETTE OUTLET, SUNOCO GAS MART CIGARETTE OUTLET",,,No Match
12700 BLOCK JESSE SMITH RD,39.390896456171,-77.224411854167,Match
12700 BLOCK MARTIN RD,,,No Match
12700 BLOCK NEW WINDSOR RD,39.489125494547,-77.218278816964,Match
12700 BLOCK ROUGHTON DR,39.355375155411,-77.220964987546,Match
12700 BLOCK TOWER RD,39.580066011651,-77.498981627023,Match
12700 BLOCK WASHINGTON TOWNSHIP BLVD,,,No Match
"12700 BLOCK WASHINGTON TOWNSHIP BLVD, WALMART",,,No Match
12700 BLOCK WOODSBORO PIKE,39.581154515398,-77.25761383014,Match
12800 BLOCK BEEBE CT,,,No Match
"12800 BLOCK BERLIN TPKE FS612 NEW LOVETTSVILLE VFD STATION SITE, FS612 NEW LOVETTSVILLE VFD STATION SITE",,,No Match
12800 BLOCK BOOTH RD,,,No Match
12800 BLOCK BOXWOOD CT,39.483684335856,-77.220358152293,Match
12800 BLOCK BUNKER HILL RD,39.562197461679,-77.217484999431,Match
12800 BLOCK CATOCTIN FURNACE RD,39.583052857113,-77.434019038683,Match
"12800 BLOCK CATOCTIN FURNACE RD, IN AREA OF//",39.583052857113,-77.434019038683,Match
12800 BLOCK CLARKSBURG SQUARE RD,39.246481991464,-77.26913135118,Match
12800 BLOCK JAMES MONROE HWY,,,No Match
12800 BLOCK JESSE SMITH RD,39.391772247535,-77.22029386282,Match
12800 BLOCK LOY WOLFE RD,39.584574558731,-77.571942556218,Match
12800 BLOCK MENTZER GAP RD,,,No Match
"12800 BLOCK MINK FARM RD, Bldg:A, THORPEWOOD",39.586762515737,-77.492924088513,Match
12800 BLOCK MOLASSES RD,39.533516830623,-77.218120563,Match
12800 BLOCK MOUNTAIN RD,,,No Match
"12800 BLOCK OLD NATIONAL PIKE, DAMASCUS ROAD COMMUNITY CHURCH",39.371819228367,-77.220406374426,Match
12800 BLOCK PICNIC WOODS RD,,,No Match
12800 BLOCKA MINK FARM RD,,,No Match
"12800 BLOCKA MINK FARM RD, THORPWOOD LODGE LLC",,,No Match
12900 BLOCK BRADBERRY AVE,39.669472893654,-77.569328752793,Match
"12900 BLOCK CATOCTIN FURNACE RD, MIKES AUTO BODY",39.586140428226,-77.434070359977,Match
12900 BLOCK FALLING WATER CIRCLE,39.185836399871,-77.265918184137,Match
12900 BLOCK GRIFFIN CIR,,,No Match
12900 BLOCK MILLTOWN RD,,,No Match
12900 BLOCK MOXTON DR,39.355597176043,-77.21611926874,Match
12900 BLOCK OLD ANNAPOLIS RD,39.42310685963,-77.217663126794,Match
12900 BLOCK SLATER RD,,,No Match
12900 BLOCK SPRUCE RUN RD,39.59919344666,-77.522883209266,Match
12900 BLOCK WOODSBORO PIKE,39.586410025121,-77.249423921894,Match
"1300 BLOCK BAKER PL E, Apt/Unit:32, RESIDENCES AT THE MANOR - 1300 BLOCK BAKER PL",39.423190077641,-77.453923104602,Match
"1300 BLOCK BAKER PL E, Apt/Unit:41, RESIDENCES AT THE MANOR - 1300 BLOCK BAKER PL",39.423190077641,-77.453923104602,Match
"1300 BLOCK BAKER PL E, RESIDENCES AT THE MANOR",39.423190077641,-77.453923104602,Match
1300 BLOCK BOUNDARY PEAK TER,,,No Match
1300 BLOCK BUCKEYSTOWN PIKE,39.269636337545,-77.465366920102,Match
1300 BLOCK BUTTERFLY LN,,,No Match
1300 BLOCK CROPS WAY,38.926528945104,-76.471927887541,Match
1300 BLOCK DANBERRY DR,39.41231470972,-77.450949056318,Match
1300 BLOCK DAVID LN,39.414811958149,-77.451961046546,Match
"1300 BLOCK E PATRICK ST, Apt/Unit:OFC STORE, SHEETZ EASTGATE",39.407412045098,-77.38818020837,Match
"1300 BLOCK E PATRICK ST, BURGER KING - E PATRICK ST",39.407412045098,-77.38818020837,Match
"1300 BLOCK E PATRICK ST, MARKS EQUIPMENT - AIRPORT INDUSTRIAL PARK",39.407412045098,-77.38818020837,Match
"1300 BLOCK E PATRICK ST, SHEETZ - EASTGATE",39.407412045098,-77.38818020837,Match
"1300 BLOCK E PATRICK ST, TACO BELL - E PATRICK ST",39.407412045098,-77.38818020837,Match
"1300 BLOCK E PATRICK ST, TRUIST",39.407412045098,-77.38818020837,Match
1300 BLOCK FOX RUN CT,39.410776378665,-77.458517522284,Match
1300 BLOCK HAMPSHIRE DR,39.425663840309,-77.454275419112,Match
1300 BLOCK HILLCREST DR,,,No Match
1300 BLOCK HOFFMAN HOME RD,,,No Match
"1300 BLOCK HOLLING PL, Apt/Unit:202, EAST OF MARKET APARTMENTS - 1300 BLOCK HOLLING PL",39.43083914595,-77.402331470566,Match
"1300 BLOCK HOLLING PL, Apt/Unit:304, EAST OF MARKET APARTMENTS - 1300 BLOCK HOLLING PL",39.43083914595,-77.402331470566,Match
"1300 BLOCK HOLLING PL, Apt/Unit:307, EAST OF MARKET APARTMENTS - 1300 BLOCK HOLLING PL",39.43083914595,-77.402331470566,Match
"1300 BLOCK HOLLING PL, EAST OF MARKET APARTMENTS - 1300 BLOCK HOLLING PL",39.43083914595,-77.402331470566,Match
1300 BLOCK HOPE FARM CT,39.329673143902,-77.637159248255,Match
1300 BLOCK HUGHES FORD RD,39.415714401639,-77.383861302,Match
"1300 BLOCK HUGHES FORD RD, Apt/Unit:102, H L HARTZ COMPANY",39.415714401639,-77.383861302,Match
"1300 BLOCK HUGHES FORD RD, Apt/Unit:102, S AND V PARTNERSHIP",39.415714401639,-77.383861302,Match
"1300 BLOCK HUGHES FORD RD, Apt/Unit:102, S N V PARTNER SHIP",39.415714401639,-77.383861302,Match
"1300 BLOCK HUGHES FORD RD, Apt/Unit:102, S V PARTNERSHIP",39.415714401639,-77.383861302,Match
"1300 BLOCK HUGHES FORD RD, Apt/Unit:102, S&D PARTNERSHIP",39.415714401639,-77.383861302,Match
"1300 BLOCK HUGHES FORD RD, Apt/Unit:102, S&V PARTNERSHIP",39.415714401639,-77.383861302,Match
"1300 BLOCK HUGHES FORD RD, Apt/Unit:102, SV PARTNERSHIP",39.415714401639,-77.383861302,Match
"1300 BLOCK HUGHES FORD RD, Bldg:102",39.415714401639,-77.383861302,Match
"1300 BLOCK HUGHES FORD RD, GARAGE",39.415714401639,-77.383861302,Match
"1300 BLOCK HUGHES FORD RD, H L HARTZ COMPANY",39.415714401639,-77.383861302,Match
"1300 BLOCK HUGHES FORD RD, S & V PARTNERSHIP",39.415714401639,-77.383861302,Match
"1300 BLOCK HUGHES FORD RD, S&V PARTNERSHIP",39.415714401639,-77.383861302,Match
1300 BLOCK HUNTLEY CIR,39.711010359236,-77.333224541407,Match
1300 BLOCK LANDER CREEK DR,39.335256047647,-77.641369742339,Match
1300 BLOCK LEES LN,,,No Match
1300 BLOCK MONOCACY CROSSING PKWY,39.330961734511,-77.643376698588,Match
"1300 BLOCK MOTTER AVE 81, Apt/Unit:81",,,No Match
"1300 BLOCK MOTTER AVE, Apt/Unit:109, FREDERICK GREENES APTS",39.431228461419,-77.410135252043,Match
"1300 BLOCK MOTTER AVE, Apt/Unit:7, FREDERICK GREENES APTS",39.431228461419,-77.410135252043,Match
"1300 BLOCK MOTTER AVE, Apt/Unit:81, FREDERICK GREENES APTS",39.431228461419,-77.410135252043,Match
"1300 BLOCK MOTTER AVE, Apt/Unit:87, FREDERICK GREENES APTS",39.431228461419,-77.410135252043,Match
1300 BLOCK MOUNTAIN CHURCH RD,,,No Match
1300 BLOCK MULBERRY CT,39.412480215631,-77.453823910965,Match
1300 BLOCK N EAST ST,39.651470040453,-75.953327981602,Match
"1300 BLOCK N MAPLE AVE, PNC BANK - BRUNSWICK",39.324725420838,-77.622054079167,Match
1300 BLOCK N MARKET ST,39.430053349715,-77.4060140853,Match
"1300 BLOCK N MARKET ST, FREDERICK CHURCH OF CHRIST",39.430053349715,-77.4060140853,Match
"1300 BLOCK OLD WAYNESBORO RD, STATION AC003 - FOUNTAINDALE VFC",,,No Match
1300 BLOCK ORCHARD WAY,39.415154222574,-77.454063769092,Match
1300 BLOCK PEACHTREE CT,,,No Match
1300 BLOCK PEDIGREE ST,39.462203011895,-77.439886373337,Match
1300 BLOCK PINEWOOD DR,39.432645783871,-77.412789646923,Match
1300 BLOCK RICKETTS RD,,,No Match
1300 BLOCK ROCKY SPRINGS RD,39.446373077509,-77.451220700416,Match
1300 BLOCK ROSEMONT DR,39.330480249153,-77.625657090533,Match
1300 BLOCK S MAIN ST,,,No Match
"1300 BLOCK S MAIN ST, FOOD LION - RIDGEVILLE SHOPPING CENTER",,,No Match
"1300 BLOCK S MAIN ST, MAIN STREET PLAZA",,,No Match
1300 BLOCK SAINT MICHAELS RD,39.334911974628,-77.109196283686,Match
"1300 BLOCK SCHAFFER DR, LAKE COVENTRY PARK",,,No Match
1300 BLOCK SHENANDOAH VIEW PKWY,39.331961155152,-77.640244000808,Match
"1300 BLOCK SOUTH MAIN ST, Apt/Unit:105, SPORTS CLIPS",,,No Match
1300 BLOCK SPLIT RAIL LN,39.411655828061,-77.45533042802,Match
1300 BLOCK TANEY AVE,,,No Match
"1300 BLOCK TANEY AVE, Apt/Unit:201, POTOMAC COMMONS APTS - 1300 BLOCK TANEY AVE",,,No Match
"1300 BLOCK TANEY AVE, Apt/Unit:203, POTOMAC COMMONS APTS",,,No Match
"1300 BLOCK TANEY AVE, POTOMAC COMMONS APTS",,,No Match
"1300 BLOCK TANEY AVE, POTOMAC COMMONS APTS - 1300 BLOCK TANEY AVE",,,No Match
1300 BLOCK THURSTON RD,39.268398338479,-77.352978208178,Match
1300 BLOCK VOLUNTEER DR,39.329204650462,-77.635138556318,Match
"1300 BLOCK W OLD LIBERTY RD, STATION CC014 - WINFIELD COMMUNITY VFD",39.443115290323,-77.044868371175,Match
1300 BLOCK W PATRICK ST,39.418483660498,-77.453535103474,Match
"1300 BLOCK W PATRICK ST, Apt/Unit:HTTPS://A91.IO/38MSJ, TRUIST- GOLDEN MILE MARKET PLACE",39.418483660498,-77.453535103474,Match
"1300 BLOCK W PATRICK ST, BOSCOV",39.418483660498,-77.453535103474,Match
"1300 BLOCK W PATRICK ST, BOSCOVS",39.418483660498,-77.453535103474,Match
"1300 BLOCK W PATRICK ST, BOSCOVS - FREDERICK TOWNE MALL / DISTRICT 40",39.418483660498,-77.453535103474,Match
"1300 BLOCK W PATRICK ST, CASA RICO RESTAURANT - FREDERICK TOWNE MALL / DISTRICT 40",39.418483660498,-77.453535103474,Match
"1300 BLOCK W PATRICK ST, FREDERICK TOWNE MALL",39.418483660498,-77.453535103474,Match
"1300 BLOCK W PATRICK ST, FREDERICK TOWNE MALL / DISTRICT 40",39.418483660498,-77.453535103474,Match
"1300 BLOCK W PATRICK ST, GOLDEN MILE EXXON",39.418483660498,-77.453535103474,Match
"1300 BLOCK W PATRICK ST, M&T BANK - GOLDEN MILE MARKET PLACE",39.418483660498,-77.453535103474,Match
"1300 BLOCK W PATRICK ST, MOUNTAIN VIEW DINER - GOLDEN MILE MARKET PLACE",39.418483660498,-77.453535103474,Match
"1300 BLOCK W PATRICK ST, MR TIRE",39.418483660498,-77.453535103474,Match
"1300 BLOCK W PATRICK ST, MR TIRE - FREDERICK TOWNE MALL / DISTRICT 40",39.418483660498,-77.453535103474,Match
"1300 BLOCK W PATRICK ST, STERLING OPTICAL - FREDERICK TOWNE MALL / DISTRICT 40",39.418483660498,-77.453535103474,Match
"1300 BLOCK W PATRICK ST, TOBACCO HUT - GOLDEN MILE MARKET PLACE",39.418483660498,-77.453535103474,Match
"1300 BLOCK W PATRICK ST, TRUIST- GOLDEN MILE MARKET PLACE",39.418483660498,-77.453535103474,Match
"1300 BLOCK W PATRICK ST, WEST FREDERICK CENTER",39.418483660498,-77.453535103474,Match
"1300 BLOCK W SEVENTH ST, Apt/Unit:RM MAIN FLR 1, GETGO - SEVENTH STREET SHOPPING CENTER",39.429378702966,-77.420284366429,Match
"1300 BLOCK W SEVENTH ST, COLLEGE ESTATES POST OFFICE",39.429378702966,-77.420284366429,Match
"1300 BLOCK W SEVENTH ST, GETGO - SEVENTH STREET SHOPPING CENTER",39.429378702966,-77.420284366429,Match
"1300 BLOCK W SEVENTH ST, GLORY DAYS GRILL - SEVENTH STREET SHOPPING CENTER",39.429378702966,-77.420284366429,Match
"1300 BLOCK W SEVENTH ST, MCDONALDS - SEVENTH STREET SHOPPING CENTER",39.429378702966,-77.420284366429,Match
"1300 BLOCK W SEVENTH ST, STAPLES - SEVENTH STREET SHOPPING CENTER",39.429378702966,-77.420284366429,Match
1300 BLOCK WEAVERTON RD,39.350759666959,-77.679162446792,Match
1300 BLOCK WILLOW OAK DR,39.434484723119,-77.385463006711,Match
1300 BLOCK(1396) BLK JACKS MOUNTAIN RD,,,No Match
1300 BLOCKBLK MCCOYS FERRY RD,,,No Match
13000 BLOCK BRICE RD,39.589240278749,-77.424212916321,Match
"13000 BLOCK CATOCTIN FURNACE RD, Bldg:IAO, CATOCTIN WILDLIFE PRESERVE & ZOO",39.589224542536,-77.432973202729,Match
13000 BLOCK CLARKSBURG SQUARE RD,39.244582125925,-77.273137835687,Match
13000 BLOCK DETOUR RD,39.590629248788,-77.277341798713,Match
"13000 BLOCK GRACEHAM RD, Apt/Unit:B",,,No Match
13000 BLOCK HINEY RD,39.591018227918,-77.294561717426,Match
"13000 BLOCK MARTIN RD, Bldg:B",,,No Match
13000 BLOCK MOLASSES RD,39.533768851838,-77.210672838546,Match
"13000 BLOCK MONTEREY LANE, FRANKIN CO 4",,,No Match
13000 BLOCK MONTEREY LN,,,No Match
"13000 BLOCK MONTEREY LN, STATION FC004 - BLUE RIDGE SUMMIT FIRE & RESCUE",,,No Match
13000 BLOCK MURDOCK MOUNTAIN LN,39.585362342498,-77.51578659464,Match
13000 BLOCK MYERS RD,39.591026264295,-77.313759732672,Match
13000 BLOCK OLD ANNAPOLIS RD,39.415628408487,-77.209206086634,Match
13000 BLOCK PENN SHOP RD,39.334418977797,-77.213612277207,Match
13000 BLOCK PENNERSVILLE RD,,,No Match
13000 BLOCK PRICES DISTILLERY RD,39.292930445831,-77.267595116055,Match
13000 BLOCK TAYLORSTOWN RD,,,No Match
13000 BLOCK WASHINGTON TWNSHIP BLVD,,,No Match
"13000 BLOCK WASHINGTON TWP BLVD, SHEETZ",,,No Match
13000 BLOCK WOODSBORO PIKE,,,No Match
13100 BLOCK BRANDENBURG HOLLOW RD,39.591978361368,-77.541027207767,Match
13100 BLOCK HESSONG BRIDGE RD,39.594190838564,-77.396542882654,Match
13100 BLOCK LEGORE BRIDGE RD,39.591896339981,-77.314344808333,Match
13100 BLOCK MILLTOWN RD,,,No Match
13100 BLOCK MINK FARM RD,39.593628626705,-77.487592618764,Match
"13100 BLOCK MOUNTAIN RD, STONE MANOR VINEYARD & ORCHARD",,,No Match
13100 BLOCK NEW WINDSOR RD,39.49128357565,-77.208887791813,Match
"13100 BLOCK OLD ANNAPOLIS RD, Bldg:A",39.413057778803,-77.206224650379,Match
13100 BLOCK OLD NATIONAL PIKE,39.371577329729,-77.209382558481,Match
"13100 BLOCK OLD NATIONAL PIKE, IAO OF AUTOMOTIVE CENTER",39.371577329729,-77.209382558481,Match
13100 BLOCK PENN SHOP RD,39.338604548225,-77.207960766385,Match
"13100 BLOCK PENN SHOP RD, IAO",39.338604548225,-77.207960766385,Match
13100 BLOCK PRICES DISTILLERY RD,39.295250415874,-77.269847725369,Match
13100 BLOCK SPRUCE RUN RD,39.591701275497,-77.522314318712,Match
13100 BLOCK TAYLORSTOWN RD,,,No Match
13100 BLOCK WOLFSVILLE RD,39.591763710806,-77.55889365762,Match
13200 BLOCK CATOCTIN HOLLOW RD,39.590052701165,-77.470915542165,Match
"13200 BLOCK COPPERMINE RD, COUNTY HIGHWAY DEPOT - LIBERTYTOWN",39.508638742065,-77.20768800966,Match
13200 BLOCK CREAGERSTOWN RD,39.595928275321,-77.389308930358,Match
13200 BLOCK GLISSANS MILL RD,39.439518899563,-77.204841556224,Match
13200 BLOCK JAMES MONROE HWY,,,No Match
"13200 BLOCK JAMES MONROE HWY VALERO POINT OF ROCKS, VALERO POINT OF ROCKS",,,No Match
13200 BLOCK JESSE SMITH RD,39.391824000754,-77.203369166202,Match
13200 BLOCK LARSON CT,39.347538835038,-77.205487215783,Match
13200 BLOCK LOYALTY RD,,,No Match
13200 BLOCK MANOR DR S,39.339798780576,-77.206365917241,Match
"13200 BLOCK MANOR DR S, Apt/Unit:HTTPS://A91.IO/YWG20",39.339798780576,-77.206365917241,Match
13200 BLOCK MOLASSES RD,39.52839769843,-77.204845170801,Match
13200 BLOCK NITTANY CT,39.483814897973,-77.203340508576,Match
13200 BLOCK OLD ANNAPOLIS RD,39.408973284035,-77.204637077452,Match
13200 BLOCK PENN SHOP RD,39.339853308876,-77.206493675363,Match
13200 BLOCK TOWER RD,39.596174176869,-77.503389193933,Match
13300 BLOCK DOWNEY MILL RD,,,No Match
13300 BLOCK GAMBRILL PARK RD,,,No Match
13300 BLOCK GLISSANS MILL RD,39.437943387052,-77.201382234373,Match
"13300 BLOCK GLISSANS MILL RD, LOCUST GROVE BRETHREN",39.437943387052,-77.201382234373,Match
13300 BLOCK HARPERS FERRY RD,,,No Match
13300 BLOCK JIMTOWN RD,39.59909618704,-77.393558501578,Match
13300 BLOCK MOSER RD,39.599101878906,-77.393690205093,Match
13300 BLOCK OLD ANNAPOLIS RD,39.40489098442,-77.199040860695,Match
13300 BLOCK OLD NATIONAL PIKE,39.368413678248,-77.19836414006,Match
13300 BLOCK SAGLE RD,,,No Match
13300 BLOCK(111855) BLK HARPERS FERRY RD,,,No Match
13400 BLOCK ARCADIAN DR,,,No Match
"13400 BLOCK BOTTOM RD, ACROSS FROM",,,No Match
13400 BLOCK EAGLES REST DR,,,No Match
13400 BLOCK GREENSBURG RD,39.683488194602,-77.567080533288,Match
13400 BLOCK JIMTOWN RD,39.601868925775,-77.392950728314,Match
"13400 BLOCK LIBERTY RD, ACROSS FROM",39.478557626353,-77.1977472635,Match
13400 BLOCK PENN SHOP RD,39.344551756908,-77.196445138369,Match
13400 BLOCK REED RD,39.599707844307,-77.422986723778,Match
13400 BLOCK WILT STORE RD,,,No Match
13400 BLOCK WOLFSVILLE RD,39.600497557384,-77.557138213149,Match
13500 BLOCK ARCADIAN DR,,,No Match
13500 BLOCK AUTUMN CREST DR S,39.354886380864,-77.196535085056,Match
13500 BLOCK CATOCTIN HOLLOW RD,39.604681944235,-77.480175231203,Match
13500 BLOCK COPPERMINE RD,39.497316999388,-77.195723390883,Match
13500 BLOCK DEER BROOK CT,39.359751232478,-77.192998626358,Match
13500 BLOCK GLISSANS MILL RD,39.431450170497,-77.194729221278,Match
"13500 BLOCK GRACEHAM RD, IAO",39.604571778812,-77.379062123069,Match
"13500 BLOCK GRACEHAM RD, IFO",39.604571778812,-77.379062123069,Match
13500 BLOCK HIDDENHOLLOW LN,,,No Match
13500 BLOCK JIMTOWN RD,39.60458376521,-77.391979282989,Match
13500 BLOCK LATROBE LN,39.235042165638,-77.278505307872,Match
13500 BLOCK LEWISDALE RD,39.286951268136,-77.281136457891,Match
13500 BLOCK LIBERTY RD,39.47812292468,-77.195826457589,Match
13500 BLOCK LOY WOLFE RD,39.605873606312,-77.567225838702,Match
13500 BLOCK MOTTERS STATION RD,39.605364934605,-77.318919950623,Match
"13500 BLOCK MOTTERS STATION RD, Apt/Unit:A",39.605364934605,-77.318919950623,Match
"13500 BLOCK MOTTERS STATION RD, ROCKY RIDGE POST OFFICE",39.605364934605,-77.318919950623,Match
"13500 BLOCK MOTTERS STATION RD, STATION 13",39.605364934605,-77.318919950623,Match
13500 BLOCK OLD FREDERICK RD,,,No Match
"13500 BLOCK OLD FREDERICK RD, LOYS STATION PARK",,,No Match
13500 BLOCK PENN SHOP RD,39.34477963687,-77.19254555488,Match
"13500 BLOCK PENN SHOP RD, RATTLEWOOD GOLF COURSE",39.34477963687,-77.19254555488,Match
13500 BLOCK PRICES DISTILLERY RD,39.298815008969,-77.280268324741,Match
13500 BLOCK VILLAGE GREEN DR,,,No Match
13500 BLOCK WOLFSVILLE RD,39.603790733013,-77.55681358398,Match
13500 BLOCKA OLD NATIONAL PIKE,,,No Match
13600 BLOCK AMBASSADOR DR,39.191218335163,-77.283250593503,Match
"13600 BLOCK BALTIMORE NATIONAL PIKE, MOUNT AIRY TRUCK REST AREA I70EB",39.659435293279,-77.898881384724,Match
"13600 BLOCK GLISSANS MILL RD, LINGANORE WINE CELLARS & BERRYWINE PLANTATIONS",39.427617203709,-77.189510919169,Match
"13600 BLOCK HARBAUGH CHURCH RD, LOT 29",,,No Match
13600 BLOCK MONTEREY LN,,,No Match
"13600 BLOCK MOTTERS STATION RD, MOUNT TABOR PARK",39.607899512098,-77.318629895622,Match
13600 BLOCK PICNIC WOOD RD,,,No Match
13600 BLOCK PRICES DISTILLERY RD,39.299219776275,-77.282305656612,Match
13600 BLOCK PRIMAVERA DR,39.363197223161,-77.191665620869,Match
13600 BLOCK WOLFSVILLE RD,39.606774874934,-77.55655668184,Match
13600 BLOCKA MOSER RD,,,No Match
13700 BLOCK BLYTHEDALE DR,39.389877493876,-77.186220812645,Match
13700 BLOCK BOTTOM RD,39.415388484798,-77.187866681791,Match
13700 BLOCK CATOCTIN FURNACE RD,39.609026115161,-77.419935952134,Match
"13700 BLOCK HILLSIDE AVE, IAO",39.609450034104,-77.420552233901,Match
13700 BLOCK JOHN CLINE RD,39.602069422183,-77.548340219499,Match
13700 BLOCK LITTLE SENECA PKWY,,,No Match
"13700 BLOCK MAUGANSVILLE RD, WASHINGTON COUNTY STATION 13",39.688023521066,-77.745619930648,Match
"13700 BLOCK MAUGANVILLE RD, STATION WC013 - MAUGANSVILLE GOODWILL VOL. FC.",39.688023521066,-77.745619930648,Match
13700 BLOCK MOTTERS STATION RD,39.610430379091,-77.319086952665,Match
13700 BLOCK PRYOR RD,39.609681480478,-77.429358848376,Match
"13700 BLOCK STRAFFORD DR, THURMONT AMBULANCE EVENT COMPLEX",39.610088426476,-77.393556915834,Match
13700 BLOCK UNIONVILLE RD,39.475202831557,-77.186220667283,Match
13800 BLOCK FOGGY BOTTOM CT,39.356946833242,-77.186648480391,Match
13800 BLOCK GLISSANS MILL RD,39.425651205656,-77.185079537894,Match
13800 BLOCK GRACEHAM RD,39.611375235781,-77.380984076948,Match
13800 BLOCK LIBERTY RD,39.478105937049,-77.185192962308,Match
13800 BLOCK LOYALTY RD,,,No Match
13800 BLOCK MOTTERS STATION RD,39.612980477077,-77.319397741454,Match
13800 BLOCK PRYOR RD,39.612057278028,-77.429322992346,Match
13800 BLOCK TAYLORSTOWN RD,,,No Match
13900 BLOCK FOGGY BOTTOM DR,39.359191423179,-77.18090402819,Match
13900 BLOCK GARDNER AVE,39.718300405553,-78.780171289817,Match
13900 BLOCK GRACEHAM RD,39.614656984625,-77.381778599939,Match
13900 BLOCK JIMTOWN RD,39.612919483482,-77.394467491381,Match
13900 BLOCK LEGION CT,,,No Match
13900 BLOCK PENN SHOP RD,39.35052347147,-77.178105952355,Match
"13900 BLOCK PENN SHOP RD, IFO",39.35052347147,-77.178105952355,Match
13900 BLOCK PROSPECT RD,,,No Match
"13900 BLOCK UNIONVILLE RD, SECOND WIND FARM",39.471553423881,-77.179339013333,Match
"1400 BLOCK ARNOLDTOWN RD, MOUNTAINSCAPE ANGUS FARM",39.412342777882,-77.62003315942,Match
"1400 BLOCK BAKER PL W 12, Apt/Unit:12, RESIDENCES AT THE MANOR",,,No Match
"1400 BLOCK BAKER PL W, Apt/Unit:11, RESIDENCES AT THE MANOR - 1400 BLOCK BAKER PL",39.423817673512,-77.454984759134,Match
"1400 BLOCK BAKER PL W, Apt/Unit:12, RESIDENCES AT THE MANOR - 1400 BLOCK BAKER PL",39.423817673512,-77.454984759134,Match
"1400 BLOCK BAKER PL W, Apt/Unit:12, RESIDENCES AT THE MANOR - 1404 BAKER PL",39.423817673512,-77.454984759134,Match
"1400 BLOCK BAKER PL W, Apt/Unit:12, RESIDENCES AT THE MANOR - 1408 BAKER PL",39.423817673512,-77.454984759134,Match
"1400 BLOCK BAKER PL W, Apt/Unit:13, RESIDENCES AT THE MANOR",39.423817673512,-77.454984759134,Match
"1400 BLOCK BAKER PL W, Apt/Unit:22, RESIDENCES AT THE MANOR - 1400 BLOCK BAKER PL",39.423817673512,-77.454984759134,Match
"1400 BLOCK BAKER PL W, Apt/Unit:33, RESIDENCES AT THE MANOR - 1400 BLOCK BAKER PL",39.423817673512,-77.454984759134,Match
"1400 BLOCK BAKER PL W, Apt/Unit:42, RESIDENCES AT THE MANOR - 1400 BLOCK BAKER PL",39.423817673512,-77.454984759134,Match
"1400 BLOCK BAKER PL W, Apt/Unit:44, RESIDENCES AT THE MANOR - 1400 BLOCK BAKER PL",39.423817673512,-77.454984759134,Match
"1400 BLOCK BAKER PL W, Bldg:1400 BLOCK",39.423817673512,-77.454984759134,Match
"1400 BLOCK BAKER PL W, Bldg:2, RESIDENCES AT THE MANOR - 1400 BLOCK BAKER PL",39.423817673512,-77.454984759134,Match
"1400 BLOCK BAKER PL W, RESIDENCES AT THE MANOR",39.423817673512,-77.454984759134,Match
"1400 BLOCK BAKER PL W, RESIDENCES AT THE MANOR - 1400 BLOCK BAKER PL",39.423817673512,-77.454984759134,Match
1400 BLOCK BRENTLAND RD,39.350362747703,-77.62278629175,Match
1400 BLOCK CAMPUS DR,,,No Match
"1400 BLOCK CAMPUS DR, Apt/Unit:MAIN_ENTR",,,No Match
1400 BLOCK CLINGMANS DOME DR,,,No Match
1400 BLOCK CRESCENT SPOT LN,39.411148096103,-77.466726533014,Match
1400 BLOCK DAGERWING PL,39.409692330841,-77.46804004226,Match
1400 BLOCK DAVID LN,39.414829678861,-77.453556059702,Match
1400 BLOCK DOCKSIDE CT,39.430351786156,-77.40078600719,Match
1400 BLOCK DOGWOOD DR,39.432309771568,-77.393528086328,Match
1400 BLOCK EDEN DR,39.434187555411,-77.390544424726,Match
1400 BLOCK ELFIN CT,39.409592039256,-77.464602392476,Match
1400 BLOCK GREENFIELD RD,39.272275350614,-77.447708279961,Match
1400 BLOCK GROUSE CT,39.412435233094,-77.461355241772,Match
"1400 BLOCK GROUSE CT, IAO",39.412435233094,-77.461355241772,Match
1400 BLOCK HAMPSHIRE DR,39.425990372151,-77.457549719289,Match
1400 BLOCK HEATHER RIDGE CT,39.436256685312,-77.414900732828,Match
1400 BLOCK HOFFMASTER RD,39.353388298027,-77.72266664907,Match
1400 BLOCK HOPE FARM CT,39.331167179065,-77.636524485984,Match
"1400 BLOCK HUGHES FORD RD, ALTEC INDUSTRIAL",,,No Match
"1400 BLOCK KEY PKWY, Apt/Unit:101, WOODLAWN VILLAGE APTS - 1400 BLOCK KEY PKWY",39.424586474124,-77.463955572826,Match
"1400 BLOCK KEY PKWY, Apt/Unit:102, WOODLAWN VILLAGE APTS - 1400 BLOCK KEY PKWY",39.424586474124,-77.463955572826,Match
"1400 BLOCK KEY PKWY, Apt/Unit:201, WOODLAWN VILLAGE APTS - 1400 BLOCK KEY PKWY",39.424586474124,-77.463955572826,Match
"1400 BLOCK KEY PKWY, Apt/Unit:202A, KEY PARKWAY CONDOS - 1400 BLOCK KEY PKWY",39.424586474124,-77.463955572826,Match
"1400 BLOCK KEY PKWY, Apt/Unit:301, WOODLAWN VILLAGE APTS - 1400 BLOCK KEY PKWY",39.424586474124,-77.463955572826,Match
"1400 BLOCK KEY PKWY, Apt/Unit:B1, HICKORY HILL APTS - 1400 BLOCK KEY PKWY",39.424586474124,-77.463955572826,Match
"1400 BLOCK KEY PKWY, Apt/Unit:B3, HUNTERS GLEN APTS - 1400 BLOCK KEY PKWY",39.424586474124,-77.463955572826,Match
"1400 BLOCK KEY PKWY, Apt/Unit:B6, HICKORY HILL APTS - 1400 BLOCK KEY PKWY",39.424586474124,-77.463955572826,Match
"1400 BLOCK KEY PKWY, Apt/Unit:C2, HUNTERS GLEN APTS - 1400 BLOCK KEY PKWY",39.424586474124,-77.463955572826,Match
"1400 BLOCK KEY PKWY, Apt/Unit:C4, HUNTERS GLEN APTS - 1400 BLOCK KEY PKWY",39.424586474124,-77.463955572826,Match
"1400 BLOCK KEY PKWY, Apt/Unit:C6, HICKORY HILL APTS - 1431C KEY PKWY",39.424586474124,-77.463955572826,Match
"1400 BLOCK KEY PKWY, Apt/Unit:C6, HUNTERS GLEN APTS - 1400 BLOCK KEY PKWY",39.424586474124,-77.463955572826,Match
"1400 BLOCK KEY PKWY, Bldg:B, Apt/Unit:202, KEY PARKWAY CONDOS - 1400 BLOCK KEY PKWY",39.424586474124,-77.463955572826,Match
"1400 BLOCK KEY PKWY, Bldg:B, Apt/Unit:304, KEY PARKWAY CONDOS - 1400 BLOCK KEY PKWY",39.424586474124,-77.463955572826,Match
"1400 BLOCK KEY PKWY, Bldg:B, Apt/Unit:B1, HICKORY HILL APTS - 1400 BLOCK KEY PKWY",39.424586474124,-77.463955572826,Match
"1400 BLOCK KEY PKWY, Bldg:B, Apt/Unit:D, HUNTERS GLEN APTS",39.424586474124,-77.463955572826,Match
"1400 BLOCK KEY PKWY, Bldg:B, HICKORY HILL APTS - 1400 BLOCK KEY PKWY",39.424586474124,-77.463955572826,Match
"1400 BLOCK KEY PKWY, Bldg:B, KEY PARKWAY CONDOS - 1400 BLOCK KEY PKWY",39.424586474124,-77.463955572826,Match
"1400 BLOCK KEY PKWY, Bldg:C, Apt/Unit:303, KEY PARKWAY CONDOS - 1400 BLOCK KEY PKWY",39.424586474124,-77.463955572826,Match
"1400 BLOCK KEY PKWY, Bldg:C, Apt/Unit:C5, HUNTERS GLEN APTS - 1400 BLOCK KEY PKWY",39.424586474124,-77.463955572826,Match
"1400 BLOCK KEY PKWY, Bldg:C, HUNTERS GLEN APTS - 1400 BLOCK KEY PKWY",39.424586474124,-77.463955572826,Match
"1400 BLOCK KEY PKWY, Bldg:C, KEY PARKWAY CONDOS",39.424586474124,-77.463955572826,Match
"1400 BLOCK KEY PKWY, Bldg:LL, ELMWOOD TERRACE SWIMMING POOL",39.424586474124,-77.463955572826,Match
"1400 BLOCK KEY PKWY, HICKORY HILL APTS",39.424586474124,-77.463955572826,Match
"1400 BLOCK KEY PKWY, HUNTERS GLEN APTS",39.424586474124,-77.463955572826,Match
"1400 BLOCK KEY PKWY, WOODLAWN VILLAGE APTS - 1400 BLOCK KEY PKWY",39.424586474124,-77.463955572826,Match
"1400 BLOCK KEY PKWY, WOODLAWN VILLAGE APTS OFFICE",39.424586474124,-77.463955572826,Match
1400 BLOCK LAUREL WOOD WAY,39.447476497942,-77.381856653315,Match
1400 BLOCK MILLBANK CT,39.413882438558,-77.458687069033,Match
1400 BLOCK MOBLEY CT,39.43042551758,-77.39942949105,Match
1400 BLOCK MUSGROVE ALY,39.330700778129,-77.636929255381,Match
1400 BLOCK N EAST ST,39.656517007627,-75.953202470759,Match
1400 BLOCK ORANGETIP CT,39.412771799141,-77.46932330561,Match
1400 BLOCK PLEASANT VIEW RD,39.271726125567,-77.495451060482,Match
"1400 BLOCK PORTER ST, FORT DETRICK - BLDG 1400 BLOCK - MINI MALL",39.440038055723,-77.419785176643,Match
"1400 BLOCK PORTER ST, FORT DETRICK - HEALTH CLINIC",39.440038055723,-77.419785176643,Match
"1400 BLOCK PORTER ST, FORT DETRICK - POST EXCHANGE - FORT DETRICK MINI MALL",39.440038055723,-77.419785176643,Match
1400 BLOCK RAMBLEWOOD DR,39.712022900981,-77.332917204869,Match
"1400 BLOCK RAMBLEWOOD DR, Apt/Unit:LT43",39.712022900981,-77.332917204869,Match
"1400 BLOCK RANDALL ST, FORTH DETRIC LAB USMRIID",39.439113485896,-77.426114362685,Match
1400 BLOCK RISING RIDGE RD,,,No Match
"1400 BLOCK RIVERWALK PL, Apt/Unit:242, FAIRWAY VISTA APTS - 1400 BLOCK RIVERWALK PL",,,No Match
"1400 BLOCK SULTAN DR, Apt/Unit:MAIN_ENTR",,,No Match
1400 BLOCK TANEY AVE,39.434372419038,-77.416034568558,Match
"1400 BLOCK TANEY AVE, AMBER RIDGE MEDICAL CENTER",39.434372419038,-77.416034568558,Match
"1400 BLOCK TANEY AVE, AMERICAN LEGION - FREDERICK",39.434372419038,-77.416034568558,Match
"1400 BLOCK TANEY AVE, APPLEGATE APTS",39.434372419038,-77.416034568558,Match
"1400 BLOCK TANEY AVE, Apt/Unit:420, TANEY VILLAGE APTS - HEATHER RIDGE",39.434372419038,-77.416034568558,Match
"1400 BLOCK TANEY AVE, Apt/Unit:427, TANEY VILLAGE APTS",39.434372419038,-77.416034568558,Match
"1400 BLOCK TANEY AVE, Bldg:A, APPLEGATE APTS",39.434372419038,-77.416034568558,Match
"1400 BLOCK TANEY AVE, Bldg:B, APPLEGATE APTS - BLDG B",39.434372419038,-77.416034568558,Match
"1400 BLOCK TANEY AVE, Bldg:C, APPLEGATE APTS",39.434372419038,-77.416034568558,Match
"1400 BLOCK TANEY AVE, Bldg:G, Apt/Unit:G201, APPLEGATE APTS",39.434372419038,-77.416034568558,Match
"1400 BLOCK TANEY AVE, Bldg:J, Apt/Unit:101, APPLEGATE APTS",39.434372419038,-77.416034568558,Match
"1400 BLOCK TANEY AVE, Bldg:J, LAUNDRY MAT 1ST FLOOR",39.434372419038,-77.416034568558,Match
"1400 BLOCK TANEY AVE, FREDERICK SENIOR CENTER",39.434372419038,-77.416034568558,Match
"1400 BLOCK TANEY AVE, TANEY VILLAGE APTS - HEATHER RIDGE",39.434372419038,-77.416034568558,Match
1400 BLOCK THURSTON RD,39.270669856143,-77.357155092002,Match
1400 BLOCK TILCO DR,39.400746375552,-77.390807423094,Match
1400 BLOCK TIMBERWOLF DR,39.407969154589,-77.46079158586,Match
1400 BLOCK TRAFALGAR LN,39.44750243482,-77.380952451775,Match
1400 BLOCK VILLAGE GREEN WAY,,,No Match
"1400 BLOCK VOLUNTEER DR, BRUNSWICK RESERVOIR",39.331353839717,-77.634834588858,Match
1400 BLOCK W ELEVENTH ST,39.43285802122,-77.419059406481,Match
"1400 BLOCK W PATRICK ST, BURGER KING - WEST POINTE",39.419774709878,-77.462275873293,Match
"1400 BLOCK W PATRICK ST, Bldg:B, MD TIRE AND AUTO",39.419774709878,-77.462275873293,Match
"1400 BLOCK W PATRICK ST, NATIONWIDE INSURANCE - W PATRICK ST",39.419774709878,-77.462275873293,Match
"1400 BLOCK W PATRICK ST, POPEYES",39.419774709878,-77.462275873293,Match
"1400 BLOCK W PATRICK ST, WEST POINTE PLAZA",39.419774709878,-77.462275873293,Match
"1400 BLOCK W SEVENTH ST, GOOD SHEPHERD LUTHERAN CHURCH",39.430143133527,-77.421011619112,Match
1400 BLOCK W TWELFTH ST,39.433160443931,-77.41822760744,Match
1400 BLOCK WHEYFIELD DR,39.448093041997,-77.381192463717,Match
"1400 BLOCK WHEYFIELD DR, IAO",39.448093041997,-77.381192463717,Match
1400 BLOCK WILLOW OAK DR,39.434137357644,-77.3871188606,Match
"1400 BLOCKB KEY PKWY, Apt/Unit:103",,,No Match
"1400 BLOCKB KEY PKWY, Apt/Unit:304",,,No Match
"1400 BLOCKB KEY PKWY, Bldg:B",,,No Match
1400 BLOCKB SOUDER RD,,,No Match
"1400 BLOCKC KEY PKWY, Apt/Unit:2",,,No Match
"1400 BLOCKC KEY PKWY, Apt/Unit:C6",,,No Match
"1400 BLOCKC KEY PKWY, HUNTERS GLEN APTS - 1400 BLOCK KEY PKWY",,,No Match
"1400 BLOCKJ TANEY AVE, Apt/Unit:302",,,No Match
"14000 BLOCK CATOCTIN HOLLOW RD, PARK OFFICE",39.627309545996,-77.455347101459,Match
"14000 BLOCK CATOCTIN HOLLOW RD, PARK OFFICE - CUNNINGHAM FALLS STATE PARK",39.627309545996,-77.455347101459,Match
14000 BLOCK HARRISVILLE RD,39.436744407572,-77.17652895466,Match
14000 BLOCK MOTTERS STATION RD,39.616439267217,-77.31936727161,Match
"14000 BLOCK MOTTERS STATION RD, Bldg:A",39.616439267217,-77.31936727161,Match
14000 BLOCK OLD FREDERICK RD,,,No Match
14000 BLOCK TOWER RD,,,No Match
14100 BLOCK BUCHANAN TRL E,,,No Match
14100 BLOCK CATOCTIN CIR,39.703340818779,-77.501948568246,Match
14100 BLOCK CUSHMAN AVE,39.703453347572,-77.501914137574,Match
14100 BLOCK FOUR COUNTY DR,39.353266591203,-77.173745928325,Match
14100 BLOCK GRACEHAM RD,39.618304029693,-77.382895551284,Match
"14100 BLOCK GRACEHAM RD, NVR BUILDING PRODUCTS",39.618304029693,-77.382895551284,Match
14100 BLOCK HOOVERS MILL RD,39.619984304874,-77.370474452253,Match
14100 BLOCK LOY WOLFE RD,39.617829784598,-77.561479471739,Match
14100 BLOCK OLD FREDERICK RD,,,No Match
"14100 BLOCK PLEASANT VALLEY RD, WOLFES ORCHARD",39.615952386286,-77.546983378571,Match
14100 BLOCK UNIONVILLE RD,39.469427299798,-77.167425591456,Match
14200 BLOCK CABERNET PL,,,No Match
14200 BLOCK LEWISDALE RD,39.289487366611,-77.295504501441,Match
14200 BLOCK MOTTERS STATION RD,39.624107000826,-77.320929617101,Match
14200 BLOCK RIDENOUR RD,39.620651739788,-77.511951013243,Match
14200 BLOCK SHIRLEY BOHN RD,39.413583124145,-77.167569808734,Match
14300 BLOCK BROWN RD,39.625143333153,-77.529283946178,Match
14300 BLOCK BUCHANAN TRL E,,,No Match
14300 BLOCK CARROSMAR FARM RD,,,No Match
14300 BLOCK NEW WINDSOR RD,39.492361885936,-77.165285266573,Match
14300 BLOCK OLD FREDERICK RD,,,No Match
"14300 BLOCK STOTTLEMYER RD, IFO",39.624750280737,-77.505785077657,Match
14300 BLOCK(14012) BLK BUCHANAN TRL E,,,No Match
14400 BLOCK BLACK ANKLE RD,39.463722760279,-77.161302790758,Match
14400 BLOCK LEWISDALE RD,39.2918899983,-77.298801509486,Match
14400 BLOCK SHIRLEY BOHN RD,39.411419701156,-77.161339361602,Match
14500 BLOCK BLACK ANKLE RD,39.461151664885,-77.160032443827,Match
14500 BLOCK HOLSTEIN CT,39.631944545132,-77.395537062728,Match
14500 BLOCK LIBERTY RD,39.469723210995,-77.152397546377,Match
"14500 BLOCK PENNERSVILLE RD, CASCADE ELEM SCHOOL",39.713571737936,-77.493250097322,Match
14500 BLOCK RODDY RD,39.630382045423,-77.397046780619,Match
14500 BLOCK STOTTLEMYER RD,39.630970360128,-77.49991413952,Match
14500 BLOCK TOWER RD,39.630675369764,-77.489897319494,Match
14500 BLOCK WATER COMPANY RD,39.714490830032,-77.476419947797,Match
"14600 BLOCK CARS MILL RD, STATION HC013 - GLENWOOD",39.302537212318,-77.02096023369,Match
14600 BLOCK MOTTERS STATION RD,39.635417761211,-77.32253938769,Match
14600 BLOCK NINA CT,,,No Match
14600 BLOCK OAK ORCHARD RD,39.491790295556,-77.154453527871,Match
14600 BLOCK PEN MAR HIGHROCK RD,39.71582856993,-77.50753207814,Match
14600 BLOCK RODDY RD,39.634831114225,-77.396999514267,Match
14600 BLOCK SIXES RD,39.635689220758,-77.284470864117,Match
14700 BLOCK CHAPEL LN,,,No Match
14700 BLOCK CHARMIAN RD,,,No Match
"14700 BLOCK CHARMIAN RD, HAWLEY MEMORIAL PRESBYTERIAN CHURCH",,,No Match
14700 BLOCK FOXVILLE DEERFIELD RD,39.636302763558,-77.497085573963,Match
14700 BLOCK HARRISVILLE RD,39.429951747214,-77.150555444863,Match
14700 BLOCK LIBERTY RD,39.469595246164,-77.151789955598,Match
14700 BLOCK MOTTERS STATION RD,39.637569162728,-77.323468152693,Match
14700 BLOCK NEW WINDSOR RD,39.492705462406,-77.152033493419,Match
14700 BLOCK OAK ORCHARD RD,39.491196379545,-77.151660064001,Match
14700 BLOCK OLD FREDERICK RD,,,No Match
"14700 BLOCK PARK CENTRAL RD, VISITOR CENTER - CATOCTIN MOUNTAIN PARK",39.635631436561,-77.449623580432,Match
"14700 BLOCK SABILLASVILLE RD, CATOCTIN HIGH SCHOOL",39.637470263265,-77.410715861047,Match
14700 BLOCK WILLIAMSPORT PIKE,,,No Match
14700 BLOCK(14000) BLK PARK CENTRAL RD,,,No Match
"14800 BLOCK BLACK ANKLE RD, IAO",39.454101024279,-77.15063194471,Match
14800 BLOCK INGALLS CT,,,No Match
"14800 BLOCK MANAHAN RD, CAMP ROUND MEADOW - CATOCTIN MOUNTAIN PARK",39.642336988873,-77.487179231694,Match
"14800 BLOCK MANAHAN RD, CATOCTIN BLDG 261, QUARTERS 8",39.642336988873,-77.487179231694,Match
"14800 BLOCK N FRANKLINVILLE RD, GATEWAY FARM MARKET",39.640841623432,-77.401722751313,Match
14800 BLOCK SABILLASVILLE RD,39.64124704216,-77.413509431891,Match
14900 BLOCK BOLLINGER RD,39.640059965037,-77.315777653901,Match
14900 BLOCK HEMP AVE,39.499757826423,-77.143903223621,Match
14900 BLOCK KELBAUGH RD,39.644282728619,-77.412850664779,Match
14900 BLOCK LIBERTY RD,39.467805673851,-77.145035213231,Match
"14900 BLOCK N FRANKLINVILLE RD, IAO",39.644783732189,-77.401687970132,Match
14900 BLOCK OLD CAMP AIRY RD,39.643491136491,-77.424398740897,Match
"14900 BLOCK OLD CAMP AIRY RD, BUNKHOUSE BLDG",39.643491136491,-77.424398740897,Match
14900 BLOCK QUIRAUK SCHOOL RD,39.640968437559,-77.513847564967,Match
14900 BLOCK SABILLASVILLE RD,39.643807650296,-77.414430968622,Match
"14900 BLOCK SABILLASVILLE RD, CAMP AIRY",39.643807650296,-77.414430968622,Match
14900 BLOCK SIXES BRIDGE RD,39.642342415378,-77.29731497973,Match
1500 BLOCK ANDOVER LN,39.424712280447,-77.465975390326,Match
1500 BLOCK BLOOM RD,39.471982306919,-77.051842912868,Match
"1500 BLOCK BOWMANS FARM RD, JUG MEMORIAL PARK",,,No Match
1500 BLOCK CAREY PL,39.432094777252,-77.399303989926,Match
1500 BLOCK CRAMPTON ST,,,No Match
1500 BLOCK DOCKSIDE DR,39.43095714794,-77.399703731796,Match
"1500 BLOCK DWIGHT D EISENHOWER HWY, SOUTH MOUNTAIN REST AREA I70EB",,,No Match
"1500 BLOCK FREEDMAN DR, Apt/Unit:MAIN_ENTR, FORT DETRICK - BLDG 1500 BLOCK",,,No Match
"1500 BLOCK FREEDMAN DR, FORT DETRICK - BLDG 1500 BLOCK",,,No Match
"1500 BLOCK FREEDMAN DR, FORT DETRICK BLDG 1500 BLOCK",,,No Match
"1500 BLOCK GARRETT DR, FREDERICKTOWN AUTO SPA - WEST POINTE PLAZA",,,No Match
"1500 BLOCK GARRETT DR, MCDONALDS - WEST POINTE PLAZA",,,No Match
1500 BLOCK HAVILLAND PL,39.427216459468,-77.465848469897,Match
1500 BLOCK HOFFMASTER ROAD,39.354829978498,-77.721136376091,Match
1500 BLOCK HOLLAND PARK LN,,,No Match
1500 BLOCK LAUREL WOOD WAY,39.448164350204,-77.38122001403,Match
1500 BLOCK MARKER RD,39.427271745892,-77.618748068679,Match
1500 BLOCK MOUNTAIN CHURCH RD,39.413994280686,-77.632287956609,Match
"1500 BLOCK N EAST ST, Apt/Unit:16, WARWICK APTS",39.654095588883,-75.952680190533,Match
"1500 BLOCK N EAST ST, Apt/Unit:UNIT 19, WARWICK APTS",39.654095588883,-75.952680190533,Match
"1500 BLOCK N EAST ST, WARWICK APTS",39.654095588883,-75.952680190533,Match
1500 BLOCK N MARKET ST,39.432743928852,-77.40478982112,Match
"1500 BLOCK N MARKET ST, THOMAS JOHNSON HIGH SCHOOL",39.432743928852,-77.40478982112,Match
1500 BLOCK NEW DESIGN RD,39.276762926371,-77.471944900411,Match
1500 BLOCK OPOSSUMTOWN PIKE,,,No Match
"1500 BLOCK OPOSSUMTOWN PIKE, ANTIETAM EXXON",,,No Match
"1500 BLOCK OPOSSUMTOWN PIKE, DUNKIN DONUTS",,,No Match
"1500 BLOCK OPOSSUMTOWN PIKE, HAMPTON INN",,,No Match
"1500 BLOCK OPOSSUMTOWN PIKE, HAMPTON INN - OPOSSUMTOWN PIKE",,,No Match
"1500 BLOCK OPOSSUMTOWN PIKE, IFO",,,No Match
"1500 BLOCK OPOSSUMTOWN PIKE, JAMES M STOCKMAN CANCER INSTITUTE",,,No Match
"1500 BLOCK OPOSSUMTOWN PIKE, OPOSSUMTOWN PIKE VET - NORTH AMBER BUSINESS PARK",,,No Match
"1500 BLOCK OPOSSUMTOWN PIKE, PNC BANK",,,No Match
"1500 BLOCK OPOSSUMTOWN PIKE, WALGREENS - OPOSSUMTOWN PIKE",,,No Match
1500 BLOCK PEARRE RD,39.639633369995,-78.33051167444,Match
1500 BLOCK PORTER ST,39.437733809964,-77.422354647813,Match
"1500 BLOCK PORTER ST, Apt/Unit:MAIN_ENTR, FORT DETRICK - BLDG 1500 BLOCK - COF BLDG",39.437733809964,-77.422354647813,Match
"1500 BLOCK PORTER ST, FORT DETRICK - BLDG 1500 BLOCK - COMMISSARY",39.437733809964,-77.422354647813,Match
1500 BLOCK POTOMAC VIEW PKWY,39.333593260833,-77.640019731172,Match
1500 BLOCK RICKETTS RD,,,No Match
1500 BLOCK SAINT LAWRENCE CT,39.435147846775,-77.390683363505,Match
1500 BLOCK SCOTTS CHASE,39.431556063464,-77.465779907086,Match
1500 BLOCK SEARCHLIGHT WAY,,,No Match
1500 BLOCK TILCO DR,39.401331238855,-77.388229309686,Match
"1500 BLOCK TILCO DR, Apt/Unit:114",39.401331238855,-77.388229309686,Match
"1500 BLOCK TILCO DR, Apt/Unit:124",39.401331238855,-77.388229309686,Match
"1500 BLOCK TILCO DR, Apt/Unit:B1",39.401331238855,-77.388229309686,Match
"1500 BLOCK TILCO DR, COUNTY WAREHOUSE - 1500 BLOCKB TILCO DR",39.401331238855,-77.388229309686,Match
"1500 BLOCK TILCO DR, MARYLAND VEHICLE EMISSIONS INSPECTION STATION",39.401331238855,-77.388229309686,Match
"1500 BLOCK TILCO DR, STULZ AIR TECHNOLOGY SYSTEMS",39.401331238855,-77.388229309686,Match
"1500 BLOCK TILCO DR, WONDER BOOK & VIDEO",39.401331238855,-77.388229309686,Match
1500 BLOCK TRAFALGAR LN,39.448761580814,-77.379761782932,Match
"1500 BLOCK VILLAGE GREEN WAY, Apt/Unit:412, HOLIDAY INN EXPRESS",,,No Match
"1500 BLOCK VILLAGE GREEN WAY, HOLIDAY INN EXPRESS",,,No Match
"1500 BLOCK VOLUNTEER DR, STATION 5",39.331449266987,-77.634759099163,Match
1500 BLOCK W EIGHTH ST,39.432363267145,-77.421876348987,Match
1500 BLOCK W PATRICK ST,39.423030366127,-77.468582123184,Match
"1500 BLOCK W PATRICK ST, Apt/Unit:STE 5, THE BIG EASY - VIENNA PLAZA",39.423030366127,-77.468582123184,Match
"1500 BLOCK W PATRICK ST, IAO",39.423030366127,-77.468582123184,Match
"1500 BLOCK W PATRICK ST, SEVEN ELEVEN OLD CAMP",39.423030366127,-77.468582123184,Match
1500 BLOCK W SEVENTH ST,39.431914510848,-77.42253754969,Match
1500 BLOCK WILMER PARK LN,,,No Match
1500 BLOCK(610) BLK TANEYTOWN RD,,,No Match
15000 BLOCK CLOVER HILL RD,,,No Match
"15000 BLOCK N FRANKLINVILLE RD, CATOCTIN MOUNTAIN ORCHARD - 15000 BLOCK N FRANKLINVILLE RD",39.648286269454,-77.398009207043,Match
15000 BLOCK NEW WINDSOR RD,39.499855627295,-77.144055558048,Match
15000 BLOCK OAK ORCHARD RD,39.49329746583,-77.140680071364,Match
"15000 BLOCK PARK CENTRAL RD, CAMP GREENTOP CATOCTIN MOUNTAIN PARK",,,No Match
15000 BLOCK RODDY RD,39.642034201541,-77.391040598824,Match
"15000 BLOCK RODDY RD, IAO",39.642034201541,-77.391040598824,Match
15000 BLOCK SABILLASVILLE RD,39.649287857599,-77.427354356188,Match
"15000 BLOCK SABILLASVILLE RD, IAO",39.649287857599,-77.427354356188,Match
15000 BLOCKB SABILLASVILLE RD,,,No Match
15100 BLOCK BLACK ANKLE RD,39.452174987864,-77.137041097975,Match
15100 BLOCK CLOVER HILL RD,,,No Match
"15100 BLOCK FOXVILLE DEERFIELD RD, FOXVILLE RANGER STATION",39.650801518909,-77.491839094561,Match
15100 BLOCK KELBAUGH RD,39.64864935424,-77.406180934181,Match
15100 BLOCK LAUREL HILL CT,,,No Match
"15100 BLOCK LIBERTY RD, ELK RUN VINEYARDS",39.464837980504,-77.135755401603,Match
15100 BLOCK NEW WINDSOR RD,39.50548103753,-77.141241949125,Match
15100 BLOCK RODDY RD,39.649519294038,-77.386240688984,Match
15100 BLOCK SABILLASVILLE RD,39.649349253376,-77.431227295018,Match
15200 BLOCK BLACK ANKLE RD,39.449763376725,-77.134521106821,Match
15200 BLOCK BOLLINGER RD,39.650338565695,-77.314166956983,Match
15200 BLOCK CIDER MILL RD,,,No Match
15200 BLOCK MOTTERS STATION RD,39.652751129984,-77.330188158585,Match
15200 BLOCK NEW WINDSOR RD,39.505786462628,-77.136437393436,Match
15200 BLOCK SABILLASVILLE RD,39.649333261367,-77.431189828034,Match
15200 BLOCK SHANNON DALE RD,,,No Match
15300 BLOCK LIBERTY RD,39.464171545703,-77.132172542677,Match
15300 BLOCK PARK CENTRAL RD,,,No Match
15300 BLOCK SABILLASVILLE RD,39.651274793272,-77.435118356483,Match
"15300 BLOCK SABILLASVILLE RD, IAO",39.651274793272,-77.435118356483,Match
"15300 BLOCK SIXES BRIDGE RD, IAO",39.654467901981,-77.302243091652,Match
15400 BLOCK E GRIMES RD,39.656789451733,-77.282301925104,Match
15400 BLOCK KELBAUGH RD,39.658187412049,-77.394626826605,Match
15400 BLOCK LIBERTY RD,39.463090953537,-77.126924614864,Match
15400 BLOCK MOTTERS STATION RD,39.656321610667,-77.330433949868,Match
15500 BLOCK BUSHY TAIL RUN,39.311456747463,-77.048232888,Match
15500 BLOCK KELBAUGH RD,39.660235281052,-77.394027162609,Match
15500 BLOCK SABILLASVILLE RD,39.672149959302,-77.453904983831,Match
15500 BLOCK SMITH RD,39.65843581496,-77.378500639025,Match
15600 BLOCK BARNES RD N,39.478721047542,-77.118873104039,Match
"15600 BLOCK CATOCTIN MOUNTAIN HWY, CATOCTIN VIEW SEVENTH DAY ADVENTIST CHURCH",,,No Match
15600 BLOCK KELBAUGH RD,39.662014787191,-77.39233704739,Match
15600 BLOCK OLD FREDERICK RD,,,No Match
15700 BLOCK BERKHAMSTEAD PL,,,No Match
15700 BLOCK KELBAUGH RD,39.664808681155,-77.38653347684,Match
"15800 BLOCK EYLERS VALLEY RD, EYLERS VALLEY FISHERIES",39.668100778167,-77.381207983036,Match
15800 BLOCK OLD FREDERICK RD,39.346522249428,-77.061969412058,Match
"15800 BLOCK OLD FREDERICK RD, IAO",39.346522249428,-77.061969412058,Match
15800 BLOCK SAINT ANTHONY RD,39.667770796011,-77.367107188955,Match
15900 BLOCK FOXVILLE DEERFIELD RD,39.669066337048,-77.478023627006,Match
15900 BLOCK SAINT ANTHONY RD,39.672282829364,-77.362225022093,Match
15900 BLOCK THREE SPRINGS RD,39.67111237026,-77.396506953054,Match
1600 BLOCK ANDOVER LN,39.429557390654,-77.467183518432,Match
1600 BLOCK ARNOLDTOWN RD,39.41112904055,-77.615616052003,Match
1600 BLOCK BALLENGER CREEK PIKE,39.275893293222,-77.539693634641,Match
"1600 BLOCK BALLENGER CREEK PIKE, POINT OF ROCKS PARK",39.275893293222,-77.539693634641,Match
1600 BLOCK BERRY ROSE CT,39.436776972883,-77.391932899769,Match
"1600 BLOCK BERRY ROSE CT, Apt/Unit:2A",39.436776972883,-77.391932899769,Match
"1600 BLOCK BERRY ROSE CT, Apt/Unit:G",39.436776972883,-77.391932899769,Match
"1600 BLOCK BERRY ROSE CT, Apt/Unit:J",39.436776972883,-77.391932899769,Match
1600 BLOCK BLACKSMITH WAY,,,No Match
"1600 BLOCK BLACKSMITH WAY, ACROSS",,,No Match
1600 BLOCK BOWMANS FARM RD,39.40447778778,-77.38147875449,Match
"1600 BLOCK BOWMANS FARM RD, MARYLAND MOTOR VEHICLE ADMINISTRATION",39.40447778778,-77.38147875449,Match
"1600 BLOCK BOWMANS FARM RD, MONOCACY CENTER EAST",39.40447778778,-77.38147875449,Match
1600 BLOCK BROADFORD PARK ST,,,No Match
"1600 BLOCK BUCKEYSTOWN PIKE, THANKSGIVING FARMS",39.276850291595,-77.465248856068,Match
1600 BLOCK COLONIAL WAY,39.427847890026,-77.435372302351,Match
1600 BLOCK CONRADS FERRY DR,39.279867260711,-77.524623244357,Match
1600 BLOCK COOPERS WAY,39.447981991884,-77.376082977132,Match
1600 BLOCK CORN CRIB PL,,,No Match
1600 BLOCK DOUBLE BANK RD,,,No Match
"1600 BLOCK DWIGHT D EISENHOWER HWY, SOUTH MOUNTAIN REST AREA I70WB",,,No Match
1600 BLOCK DYRHAM PARK DR,39.425935666483,-77.457418246996,Match
1600 BLOCK GIBBONS RD,39.276003072155,-77.530063490884,Match
1600 BLOCK HARPERS FERRY RD,39.35687571563,-77.733957584914,Match
1600 BLOCK JEFFERSON PIKE,39.346241045977,-77.614102379747,Match
1600 BLOCK JENNINGS CT,39.427396036536,-77.435950333761,Match
1600 BLOCK KNOXLYN RD,,,No Match
1600 BLOCK MISTY MEADOW CIR,39.429204144195,-77.458845317178,Match
"1600 BLOCK MISTY MEADOW CIR, Apt/Unit:302",39.429204144195,-77.458845317178,Match
"1600 BLOCK MISTY MEADOW CIR, Bldg:3",39.429204144195,-77.458845317178,Match
"1600 BLOCK MISTY MEADOW CIR, THE FRED APARTMENTS",39.429204144195,-77.458845317178,Match
"1600 BLOCK MISTY MEADOW CIR, THE FRED APARTMENTS - 1600 BLOCK MISTY MEADOW CIR",39.429204144195,-77.458845317178,Match
1600 BLOCK MONUMENT RD,39.502299024861,-77.614534845557,Match
1600 BLOCK N MARKET ST,39.433841851784,-77.40428127247,Match
1600 BLOCK NALLIN FARM POND RD,39.446147063413,-77.414712582271,Match
1600 BLOCK NELSON ST,39.43690459067,-77.429365510167,Match
"1600 BLOCK NELSON ST, Apt/Unit:MAIN_ENTR, FT DIETRICK",39.43690459067,-77.429365510167,Match
"1600 BLOCK OPOSSUMTOWN PIKE, FREDERICK ALLIANCE CHURCH",,,No Match
"1600 BLOCK OPOSSUMTOWN PIKE, STAUFFER FUNERAL HOME - FREDERICK",,,No Match
1600 BLOCK PINDER ST,,,No Match
"1600 BLOCK PINDER ST, Apt/Unit:105",,,No Match
"1600 BLOCK PINDER ST, Apt/Unit:116",,,No Match
"1600 BLOCK PINDER ST, Apt/Unit:126",,,No Match
"1600 BLOCK PINDER ST, Apt/Unit:216",,,No Match
"1600 BLOCK PINDER ST, Apt/Unit:231",,,No Match
"1600 BLOCK PINDER ST, Apt/Unit:301",,,No Match
"1600 BLOCK PORTER ST, FORT DETRICK BLDG 1600 BLOCK",,,No Match
"1600 BLOCK PORTER ST, WIDE BAND SATELLITE OPERATIONS CTR",,,No Match
1600 BLOCK ROSEMONT AVE,39.426829132716,-77.430859660209,Match
"1600 BLOCK ROSEMONT AVE, SHEETZ",39.426829132716,-77.430859660209,Match
"1600 BLOCK ROSEMONT AVE, SHEETZ - ROSEMONT",39.426829132716,-77.430859660209,Match
"1600 BLOCK ROSEMONT AVE, SHEETZ ROSEMONT",39.426829132716,-77.430859660209,Match
"1600 BLOCK ROSEMONT AVE, TRUIST",39.426829132716,-77.430859660209,Match
1600 BLOCK SHOOKSTOWN RD,39.426128509785,-77.436345211587,Match
1600 BLOCK TROTTER ST,39.461663272312,-77.441844482722,Match
1600 BLOCK TYDINGS PARK RD,,,No Match
1600 BLOCK WAYNESBORO PIKE,,,No Match
1600 BLOCK WHEYFIELD DR,39.449845637991,-77.376163353501,Match
1600 BLOCK WISE RD,,,No Match
1600 BLOCKA JEFFERSON PIKE,,,No Match
16000 BLOCK IRISHTOWN RD,,,No Match
16000 BLOCK JONELLA FARM DR,,,No Match
16000 BLOCK SAINT ANTHONY RD,39.673029629983,-77.361321927616,Match
16000 BLOCKA OLD FREDERICK RD,,,No Match
16100 BLOCK ELLIOTT PARKWAY,39.616748932084,-77.810963936191,Match
"16100 BLOCK EYLERS VALLEY RD, EAST OF",39.673064602973,-77.39797626329,Match
"16100 BLOCK FREDERICK RD, HOWARD STATION 4",,,No Match
"16100 BLOCK FREDERICK RD, STATION HC004 - LISBON",,,No Match
16100 BLOCK GARRILAND DR,,,No Match
16100 BLOCK HAMILTON STATION RD,,,No Match
16100 BLOCK KELBAUGH RD,39.672436584433,-77.368363695609,Match
16100 BLOCK SABILLASVILLE RD,39.674027876534,-77.454856425401,Match
16100 BLOCK SAINT ANTHONY RD,39.674970793871,-77.359358197415,Match
"16100 BLOCK SAINT ANTHONY RD, SAINT ANTHONYS SHRINE PARISH CATHOLIC CHURCH",39.674970793871,-77.359358197415,Match
16200 BLOCK SABILLASVILLE RD,39.679030965941,-77.454322508382,Match
"16200 BLOCK SABILLASVILLE RD, Bldg:B, SABILLASVILLE ENVIRONMENTAL SCHOOL",39.679030965941,-77.454322508382,Match
"16200 BLOCK SABILLASVILLE RD, SCENIC VIEW ORCHARDS - SABILLASVILLE RD",39.679030965941,-77.454322508382,Match
"16300 BLOCK DUBOIS TER, MSMU - THE TERRACE",,,No Match
"16300 BLOCK GROTTO RD, NATIONAL SHRINE GROTTO OF OUR LADY OF LOURDES",39.681676508782,-77.355962229732,Match
"16300 BLOCK JOHN WALSH WAY, MSMU - PALMIERI ACTIVITIES CENTER",39.680803052131,-77.35012311922,Match
"16300 BLOCK OLD EMMITSBURG RD, MCCAFERY HALL",39.683592968514,-77.348875175047,Match
"16300 BLOCK UNIVERSITY WAY, MOUNT SAINT MARYS SECURITY OFFICE",39.68068965455,-77.350212217503,Match
"16300 BLOCK UNIVERSITY WAY, MSMU - PANGBORN HALL",39.68068965455,-77.350212217503,Match
"16300 BLOCK UNIVERSITY WAY, MSMU KNOTT ACADEMIC CENTER",39.68068965455,-77.350212217503,Match
16400 BLOCK ANNANDALE RD,39.683717780581,-77.350583975157,Match
"16400 BLOCK ANNANDALE RD, MSMU - POWELL HALL",39.683717780581,-77.350583975157,Match
16400 BLOCK OLD EMMITSBURG RD,39.684302967787,-77.34868808251,Match
"16400 BLOCK OLD EMMITSBURG RD, MOUNT SAINT MARYS ALUMNI COURT",39.684302967787,-77.34868808251,Match
16500 BLOCK BUCK LANTZ RD,39.684665000607,-77.47394193477,Match
16500 BLOCK OLD EMMITSBURG RD,39.686545097249,-77.346560037056,Match
16600 BLOCK S SETON AVE,,,No Match
"16600 BLOCK S SETON AVE, VALERO - EMMITSBURG",,,No Match
16600 BLOCK WHITES FERRY RD,39.128415067122,-77.34448188679,Match
16700 BLOCK FREDERICK ROAD,39.343625678833,-77.096389188719,Match
16700 BLOCK RAVEN ROCK RD,39.691736318931,-77.490055482419,Match
16700 BLOCK THURSTON RD,39.265397011759,-77.349070180091,Match
16800 BLOCK RAVEN ROCK RD,39.694297947045,-77.48739323252,Match
"16800 BLOCK S SETON AVE, Bldg:C, Apt/Unit:319, NATIONAL FIRE ACADEMY - BLDG C",39.697929825956,-77.329815252003,Match
"16800 BLOCK S SETON AVE, Bldg:C, NATIONAL EMERGENCY TRAINING CENTER",39.697929825956,-77.329815252003,Match
"16800 BLOCK S SETON AVE, Bldg:C, NATIONAL FIRE ACADEMY - BLDG C",39.697929825956,-77.329815252003,Match
"16800 BLOCK S SETON AVE, Bldg:D, Apt/Unit:004, NATIONAL FIRE ACADEMY - BLDG D",39.697929825956,-77.329815252003,Match
"16800 BLOCK S SETON AVE, Bldg:U, BLDG U",39.697929825956,-77.329815252003,Match
"16800 BLOCK S SETON AVE, NATIONAL EMERGENCY TRAINING CENTER",39.697929825956,-77.329815252003,Match
16800 BLOCK SCOTT RD,39.693983492261,-77.345260822359,Match
16900 BLOCK ANNANDALE RD,39.696228762577,-77.351145986156,Match
16900 BLOCK EYLERS VALLEY RD,39.699378653674,-77.419999338167,Match
16900 BLOCK WHITE GROUND RD,39.132359401559,-77.346551295144,Match
1700 BLOCK ALGONQUIN RD,39.44735957655,-77.374096322644,Match
1700 BLOCK ATLAS DR,,,No Match
1700 BLOCK AURORA WAY,,,No Match
1700 BLOCK BALLENGER CREEK PIKE,39.279942399277,-77.537152282223,Match
"1700 BLOCK BALLENGER CREEK PIKE, IFO",39.279942399277,-77.537152282223,Match
"1700 BLOCK BARTGIS PL, Bldg:A, Apt/Unit:B, FORT DETRICK - BLDG 1700 BLOCK",39.439561416717,-77.430113859912,Match
1700 BLOCK BLACKSMITH WAY,,,No Match
1700 BLOCK BRONCO CIR,,,No Match
1700 BLOCK BROOKSHIRE RUN,39.278621837534,-77.534664587896,Match
1700 BLOCK BUCKEYSTOWN PIKE,39.282134276283,-77.462614919979,Match
1700 BLOCK CANAL CLIPPER CT,39.281954712199,-77.526351740971,Match
1700 BLOCK CANAL RUN DR,39.27888403544,-77.527368207254,Match
1700 BLOCK CARRIAGE CT,,,No Match
1700 BLOCK CARRIAGE WAY,39.446098755649,-77.408126655936,Match
1700 BLOCK CARROLLS TRACT RD,,,No Match
1700 BLOCK CASTLE ROCK RD,39.449656606605,-77.369442407786,Match
"1700 BLOCK CASTLE ROCK RD, BEHIND IN THE WOODS",39.449656606605,-77.369442407786,Match
1700 BLOCK CONRADS FERRY DR,39.279811604478,-77.52475436177,Match
1700 BLOCK COUNTRY CT,39.447675772502,-77.409400423447,Match
1700 BLOCK DEARBOUGHT CT,39.446354734811,-77.373788405609,Match
1700 BLOCK DEARBOUGHT DR,39.449607394599,-77.369578915808,Match
1700 BLOCK DERRS SQ W,39.447697413026,-77.376077867492,Match
"1700 BLOCK DITTO AVE, Apt/Unit:MAIN_ENTR, CYS",,,No Match
"1700 BLOCK DITTO AVE, FORT DETRICK - CHAPEL",,,No Match
1700 BLOCK DOGWOOD DR,39.433724544246,-77.396114981923,Match
1700 BLOCK DYRHAM PARK DR,39.425620990425,-77.45835741382,Match
1700 BLOCK EAGLE ROCK LN,39.441128911836,-77.44243813608,Match
1700 BLOCK EMORY ST,39.447705521459,-77.377089230083,Match
1700 BLOCK EVANSBERRY DR,,,No Match
1700 BLOCK FLETCHERS DR,39.282538965609,-77.525457192591,Match
1700 BLOCK GREENFIELD RD,39.278373548664,-77.45530245441,Match
1700 BLOCK HARVEST DR,39.448281990485,-77.4074287158,Match
1700 BLOCK HEATHER LN,39.446164997406,-77.409527855491,Match
1700 BLOCK HILLMEADE SQ,39.452320101618,-77.405625209462,Match
1700 BLOCK HUNTERSTOWN RD,,,No Match
"1700 BLOCK KINGFISHER DR, Apt/Unit:STE 4, PALM BEACH TAN",39.449199249048,-77.384293516968,Match
"1700 BLOCK KINGFISHER DR, Bldg:A, THE SHOPS AT MONOCACY",39.449199249048,-77.384293516968,Match
"1700 BLOCK KINGFISHER DR, Bldg:C, ALL ABOUT MEN - THE SHOPS AT MONOCACY",39.449199249048,-77.384293516968,Match
"1700 BLOCK KINGFISHER DR, Bldg:C, GIANT FOOD - THE SHOPS AT MONOCACY",39.449199249048,-77.384293516968,Match
"1700 BLOCK MONOCACY BLVD, BAKERY DE FRANCE - RIVERSIDE CORPORATE PARK",39.434705733692,-77.376853118156,Match
"1700 BLOCK MONOCACY BLVD, GOODWILL",39.434705733692,-77.376853118156,Match
"1700 BLOCK MONOCACY BLVD, RIVERMIST PARK",39.434705733692,-77.376853118156,Match
"1700 BLOCK MONOCACY BLVD, RUTTERS - RIVERSIDE CORPORATE PARK",39.434705733692,-77.376853118156,Match
1700 BLOCK MOUNT EPHRAIM RD,,,No Match
1700 BLOCK N MARKET ST,39.437192019111,-77.401283928124,Match
"1700 BLOCK N MARKET ST, Apt/Unit:205",39.437192019111,-77.401283928124,Match
"1700 BLOCK N MARKET ST, CUGINO FORNO",39.437192019111,-77.401283928124,Match
"1700 BLOCK N MARKET ST, IFO CUGINO FORNO",39.437192019111,-77.401283928124,Match
"1700 BLOCK N MARKET ST, MONOCACY BREWING COMPANY - WORMANS MILL INDUSTRIAL PARK",39.437192019111,-77.401283928124,Match
"1700 BLOCK N MARKET ST, OLD BANNER SCHOOL",39.437192019111,-77.401283928124,Match
"1700 BLOCK N MARKET ST, THE BANNER SCHOOL",39.437192019111,-77.401283928124,Match
"1700 BLOCK N MARKET ST, THE BOTTLING PLANT",39.437192019111,-77.401283928124,Match
"1700 BLOCK NICKEL PL, Apt/Unit:C, FORT DETRICK - BLDG 1700 BLOCK",39.439915100842,-77.4319210994,Match
1700 BLOCK PINE RD,,,No Match
"1700 BLOCK RIVERWALK PL, FAIRWAY VISTA APTS - 1700 BLOCK RIVERWALK PL",39.433853798611,-77.369310989772,Match
1700 BLOCK SAMS CREEK RD,39.459320787825,-77.056945957807,Match
"1700 BLOCK SCHIFFERSTADT BLVD, THOMAS JOHNSON MIDDLE SCHOOL",,,No Match
1700 BLOCK SHOOKSTOWN RD,39.430342066388,-77.448631896215,Match
1700 BLOCK SPRINGFIELD LN,39.45298794011,-77.403670968913,Match
1700 BLOCK SPRINGHOUSE CT,39.447638583967,-77.408400090169,Match
1700 BLOCK TRESTLE ST,39.368543165042,-77.133233072762,Match
1700 BLOCK WATER ST,39.330935317146,-77.612628607719,Match
1700 BLOCK WHEYFIELD DR,39.449944550471,-77.372192886795,Match
1700 BLOCK WOODRUFF WAY,,,No Match
1700 BLOCKA WHEYFIELD DR,,,No Match
17000 BLOCK BOLLINGER SCHOOL RD,39.699246590092,-77.263698130845,Match
17000 BLOCK EYLERS VALLEY RD,39.701808798475,-77.421318815608,Match
"17000 BLOCK N270 X16 TO X18 HWY N270T RT27 - RT121, N270T RT27 - RT121",,,No Match
"17000 BLOCK SABILLASVILLE RD, Apt/Unit:B",39.700273288777,-77.456316569548,Match
17100 BLOCK BULLFROG RD,39.703459761372,-77.251185908308,Match
17100 BLOCK CREEKSIDE GREEN PL,,,No Match
17100 BLOCK RAVEN ROCK RD,39.702489444652,-77.485739441486,Match
17200 BLOCK ANNANDALE RD,39.704049058823,-77.344072780328,Match
"17200 BLOCK ANNANDALE RD, IAO",39.704049058823,-77.344072780328,Match
17200 BLOCK BOLLINGER SCHOOL RD,39.699137366675,-77.257653116868,Match
17200 BLOCK MOUNTAIN VIEW RD,39.706518049303,-77.335723318333,Match
17200 BLOCK SHRIVER RD,,,No Match
17200 BLOCK STRATHALLEN CT,,,No Match
17300 BLOCK ANNANDALE RD,39.704940239801,-77.341501970258,Match
"17300 BLOCK CATOCTIN MOUNTAIN HWY, Apt/Unit:DES BLDG MASON DIXON, MARYLAND WELCOME CENTER RT15SB",,,No Match
"17300 BLOCK CATOCTIN MOUNTAIN HWY, MARYLAND WELCOME CENTER RT15SB",,,No Match
17300 BLOCK DOWDEN WAY,39.139255157577,-77.399875272597,Match
17300 BLOCK N SETON AVE,,,No Match
"17300 BLOCK N SETON AVE, RUBES CRAB SHACK",,,No Match
17400 BLOCK IRISHTOWN RD,39.709960529197,-77.328964768289,Match
17400 BLOCK N SETON AVE,,,No Match
17400 BLOCK NAYLOR RD,39.712054884697,-77.462059338162,Match
"17400 BLOCK NAYLOR RD, RT550 / CULLEN DR",39.712054884697,-77.462059338162,Match
"17500 BLOCK BLK OLD GETTYSBURG RD, IAO",,,No Match
"17500 BLOCK OLD GETTYSBURG RD, Bldg:E",,,No Match
17500 BLOCK TRACT RD,39.713836287316,-77.339838737926,Match
17600 BLOCK MOUNTAIN VIEW RD,39.715768900375,-77.348263000656,Match
17600 BLOCK OLD GETTYSBURG RD,39.716126110188,-77.307973213293,Match
"17600 BLOCK OLD GETTYSBURG RD, IAO",39.716126110188,-77.307973213293,Match
"17600 BLOCK OLD GETTYSBURG RD, MOUNTAIN LIQUORS",39.716126110188,-77.307973213293,Match
17600 BLOCK TRACT RD,39.715634544816,-77.339729848186,Match
17700 BLOCK HUNT MASTER CT,39.299375442233,-77.129383844903,Match
"17800 BLOCK ELGIN RD MEMORIAL UNITED METHODIST CHURCH, MEMORIAL UNITED METHODIST CHURCH",,,No Match
17900 BLOCK ELMER SCHOOL RD,39.14604191091,-77.484522110863,Match
1800 BLOCK BACK RD,39.362962557633,-77.740085812809,Match
"1800 BLOCK BALLENGER CREEK PIKE, STATION 28",39.281490228107,-77.534695964286,Match
1800 BLOCK BEAVER CREEK LN,39.449816859044,-77.409554921229,Match
1800 BLOCK BIRCH BAY CT,39.449122599496,-77.443121933568,Match
1800 BLOCK BIRD RUN,,,No Match
"1800 BLOCK BROOKFIELD CT, EXTRA SPACE STORAGE",39.441959543782,-77.400105032822,Match
1800 BLOCK COLT LN,,,No Match
1800 BLOCK COPPER DR,39.470264464424,-77.436556863973,Match
1800 BLOCK COUNTRY RUN WAY,39.444189113808,-77.442779552372,Match
"1800 BLOCK COUNTRY RUN WAY, IRO ON TUSCANNEY DR",39.444189113808,-77.442779552372,Match
1800 BLOCK CYRIL CT,39.44464869298,-77.371000446707,Match
1800 BLOCK DERRS CT,39.445072251918,-77.372159773815,Match
1800 BLOCK FAIRWAY LN,39.470145850108,-77.435542202642,Match
1800 BLOCK FRANCES SCOTT KEY HWY,39.626028595376,-77.222474223507,Match
1800 BLOCK GETTYSBURG VILLAGE DR,,,No Match
"1800 BLOCK GETTYSBURG VILLAGE DR, OUTLETS",,,No Match
"1800 BLOCK GLICK PL, Apt/Unit:A, FORT DETRICK - BLDG 1800 BLOCK",39.441853852668,-77.431710984711,Match
"1800 BLOCK GLICK PL, Apt/Unit:B, FORT DETRICK - BLDG 1800 BLOCK",39.441853852668,-77.431710984711,Match
1800 BLOCK GRANBY WAY,39.44980634129,-77.443696956466,Match
1800 BLOCK GREENLEESE DR N,39.44872525346,-77.372339132392,Match
1800 BLOCK GREENSPRING PL,39.444298893634,-77.440853626468,Match
"1800 BLOCK GREENSPRING PL, Apt/Unit:202",39.444298893634,-77.440853626468,Match
"1800 BLOCK GREENSPRING PL, Apt/Unit:401",39.444298893634,-77.440853626468,Match
"1800 BLOCK GREENSPRING PL, Apt/Unit:404",39.444298893634,-77.440853626468,Match
"1800 BLOCK GREENSPRING PL, Apt/Unit:APT 102",39.444298893634,-77.440853626468,Match
"1800 BLOCK GREENSPRING PL, BEHIND",39.444298893634,-77.440853626468,Match
"1800 BLOCK GREENSPRING PL, Bldg:2, Apt/Unit:103",39.444298893634,-77.440853626468,Match
1800 BLOCK JAMESON DR,,,No Match
1800 BLOCK JEFFERSON PIKE,39.348113499577,-77.606278423295,Match
"1800 BLOCK KING PL, FORT DETRICK - BLDG 1800 BLOCK",39.442366190545,-77.430627240622,Match
1800 BLOCK KNOXLYN RD,,,No Match
"1800 BLOCK LATHAM DR, HEARTFIELDS OF FREDERICK",39.451240642383,-77.374265856606,Match
"1800 BLOCK LATHAM DR, LATTERDAY SAINTS CHURCH",39.451240642383,-77.374265856606,Match
1800 BLOCK LATIGO CT,39.449857569432,-77.443556139057,Match
1800 BLOCK LEDO LN,,,No Match
1800 BLOCK MASON-DIXON RD,,,No Match
1800 BLOCK MEADOWGROVE LN,39.451077710339,-77.40750439976,Match
1800 BLOCK MONOCACY BLVD,39.443957499441,-77.382217066919,Match
"1800 BLOCK MONOCACY BLVD, AT HOME",39.443957499441,-77.382217066919,Match
"1800 BLOCK MONOCACY BLVD, AT HOME - RIVERSIDE CENTER",39.443957499441,-77.382217066919,Match
"1800 BLOCK MONOCACY BLVD, Bldg:107, BURN BOOT CAMP",39.443957499441,-77.382217066919,Match
"1800 BLOCK MONOCACY BLVD, RIVERSIDE PARK",39.443957499441,-77.382217066919,Match
"1800 BLOCK MONOCACY BLVD, RIVERSIDE PARK - THE SHOPS AT MONOCACY",39.443957499441,-77.382217066919,Match
1800 BLOCK MONOCACY VIEW CIR,39.447280414473,-77.378458489723,Match
"1800 BLOCK MONOCACY VIEW CIR, Apt/Unit:A",39.447280414473,-77.378458489723,Match
"1800 BLOCK MONOCACY VIEW CIR, Apt/Unit:B",39.447280414473,-77.378458489723,Match
"1800 BLOCK MONOCACY VIEW CIR, Bldg:C",39.447280414473,-77.378458489723,Match
"1800 BLOCK N MARKET ST, DSS",39.441261144545,-77.397283613109,Match
"1800 BLOCK N MARKET ST, WASHINGTON GAS",39.441261144545,-77.397283613109,Match
1800 BLOCK PLEASANT VIEW RD,39.282281979905,-77.494118865849,Match
1800 BLOCK POINT OF ROCKS RD,39.320074608228,-77.607180587381,Match
1800 BLOCK RAINBOW FALLS CT,39.44219657429,-77.442559116395,Match
1800 BLOCK REED ROAD,39.364271555969,-77.698607397054,Match
1800 BLOCK REGIMENT WAY,39.469722347322,-77.442518295958,Match
1800 BLOCK RILEYS CT N,39.285097195802,-77.526822001927,Match
1800 BLOCK ROHRERSVILLE RD,39.363992455346,-77.672920025279,Match
1800 BLOCK ROSEMONT AVE,39.428481979818,-77.43226491637,Match
"1800 BLOCK ROSEMONT AVE, ANIMAL CONTROL",39.428481979818,-77.43226491637,Match
"1800 BLOCK ROSEMONT AVE, CALLAHANS RESTAURANT",39.428481979818,-77.43226491637,Match
"1800 BLOCK ROSEMONT AVE, MARYLAND ANIMAL HEALTH LABORATORY",39.428481979818,-77.43226491637,Match
"1800 BLOCK ROSEMONT AVE, SOUTH STREET AUTO SALES",39.428481979818,-77.43226491637,Match
1800 BLOCK S MAIN ST,,,No Match
1800 BLOCK SHOOKSTOWN RD,,,No Match
"1800 BLOCK SHOOKSTOWN RD, EST",,,No Match
1800 BLOCK SPRUCE PEAK WAY,39.444110945854,-77.442595813101,Match
"1800 BLOCK URBANA PIKE, Apt/Unit:23, DAMASCUS COMMUNITY BANK - HYATT CENTER",39.286534943969,-77.313877601569,Match
"1800 BLOCK URBANA PIKE, HYATT CENTER",39.286534943969,-77.313877601569,Match
1800 BLOCK WAYNESBORO PIKE,,,No Match
1800 BLOCK WEYBRIDGE RD,39.447376614704,-77.442552751317,Match
1800 BLOCK WHEYFIELD DR,39.447706413069,-77.377238762184,Match
"1800 BLOCK WHEYFIELD DR, Apt/Unit:B",39.447706413069,-77.377238762184,Match
1800 BLOCK WHISPERING MEADOW CT,39.443918768571,-77.444068291235,Match
1800 BLOCK WILLOW CREEK CT,39.452894864256,-77.405663644971,Match
1800 BLOCKB MONOCACY VIEW CIR,,,No Match
18000 BLOCK ELMER SCHOOL RD,,,No Match
18100 BLOCK MORGAN PINE RD,39.338203145811,-77.737927168725,Match
18400 BLOCK BEALLSVILLE RD,39.158198216667,-77.418964013333,Match
18500 BLOCK MATLOCK HILL RD,,,No Match
18600 BLOCK BURNSIDE BRIDGE RD,39.441813979693,-77.720295072292,Match
"18600 BLOCK MT LOCKHILL, BYPASSED TO: STATION 5,1500 VOLUNTEER DR,BRUNSWICK",39.383704088273,-77.721891592901,Match
18600 BLOCK SANDY HOOK RD,39.323932556701,-77.722909459555,Match
18800 BLOCK SANDYHOOK RD,39.325265251645,-77.714494746177,Match
"18900 BLOCK BEALLSVILLE RD ACROSS FROM THIS LOCATION 1ST DRIVEWAY ON RIGHT, ACROSS FROM THIS LOCATION 1ST DRIVEWAY ON RIGHT",,,No Match
"18900 BLOCK BEALLSVILLE RD MULDOONS FARM, MULDOONS FARM",,,No Match
"1900 BLOCK BALLENGER CREEK PIKE, SAINT PAULS EPISCOPAL CHURCH",39.281664213147,-77.534383334921,Match
1900 BLOCK BELFORD DR,39.46500459168,-77.416149488334,Match
"1900 BLOCK BUCKEYSTOWN PIKE, BLUE BIRD MANSION",39.286872005743,-77.459589641098,Match
1900 BLOCK CRESTONE DR,39.46319083155,-77.425232255119,Match
1900 BLOCK CROSSING STONE CT,39.463293737653,-77.411026651329,Match
1900 BLOCK FAUNA DR,,,No Match
1900 BLOCK FIELDSTONE WAY,39.461456525074,-77.40874502201,Match
1900 BLOCK GETTYSBURG VILLAGE DR,,,No Match
1900 BLOCK GILLIS FALLS RD,39.388839261986,-77.063770839365,Match
1900 BLOCK HARPERS CT,39.46198465633,-77.410549613961,Match
1900 BLOCK JEFFERSON PIKE,39.34960041426,-77.602256927964,Match
"1900 BLOCK JEFFERSON PIKE, OTHELLO PARK",39.34960041426,-77.602256927964,Match
"1900 BLOCK LOCKHOUSE DR, POINT OF ROCKS SURGERY CENTER",39.315469633599,-77.142888915375,Match
"1900 BLOCK LOCKHOUSE DR, POINT OF ROCKS SURGERY CENTER - CANAL RUN",39.315469633599,-77.142888915375,Match
1900 BLOCK MONOCACY BLVD,39.447441928949,-77.385258738203,Match
"1900 BLOCK MONOCACY BLVD, EXXON - RIVERSIDE CENTER",39.447441928949,-77.385258738203,Match
"1900 BLOCK N MARKET ST, Bldg:1162",39.443785168285,-77.394758203738,Match
"1900 BLOCK N MARKET ST, Bldg:1162, FORT DETRICK - BLDG 1120",39.443785168285,-77.394758203738,Match
"1900 BLOCK N MARKET ST, Bldg:1162, FORT DETRICK - BLDG 1162",39.443785168285,-77.394758203738,Match
"1900 BLOCK N MARKET ST, Bldg:1162, FORT DETRICK BLDG 1120",39.443785168285,-77.394758203738,Match
"1900 BLOCK N MARKET ST, Bldg:1162, FORT DETRICK WATER PLANT",39.443785168285,-77.394758203738,Match
"1900 BLOCK N MARKET ST, FITZGERALD AUTO MALL WAREHOUSE",39.443785168285,-77.394758203738,Match
1900 BLOCK PLEASANT VIEW RD,39.286413001472,-77.488969445102,Match
1900 BLOCK QUEBEC SCHOOL RD,,,No Match
1900 BLOCK REGIMENT WAY,39.468750060319,-77.443839083979,Match
"1900 BLOCK RIVERSIDE WAY, ROY ROGERS - RIVERSIDE CENTER",39.447202455182,-77.386571316098,Match
"1900 BLOCK RIVERWALK PL, Apt/Unit:242, FAIRWAY VISTA APTS - 1900 BLOCK RIVERWALK PL",,,No Match
1900 BLOCK ROCKY WAY,39.444770798183,-77.441007125922,Match
"1900 BLOCK ROCKY WAY, Apt/Unit:207",39.444770798183,-77.441007125922,Match
1900 BLOCK ROSEMONT AVE,39.434412552644,-77.435856793786,Match
"1900 BLOCK ROSEMONT AVE, CITIZENS CARE & REHAB",39.434412552644,-77.435856793786,Match
1900 BLOCK S KEYSVILLE RD,39.625687889572,-77.263684619799,Match
1900 BLOCK THURSTON RD,,,No Match
1900 BLOCK TIMBER GROVE RD,39.461486481635,-77.41298805073,Match
1900 BLOCK WASHBURN CT,39.464936412888,-77.422019701221,Match
1900 BLOCK WETTERHORN CT,39.464945610832,-77.422023419687,Match
1900 BLOCK WINDOM CT,39.462890721121,-77.423687415016,Match
19000 BLOCK SANDY HOOK RD,39.3262690146,-77.706188450428,Match
19100 BLOCK SANDY HOOK RD,39.326459945423,-77.702295014555,Match
19100 BLOCK SANDYHOOK RD,39.326459945423,-77.702295014555,Match
19200 BLOCK BURNSIDE BRIDGE RD,39.435898972455,-77.701383807501,Match
19200 BLOCK WASCHE RD,39.171477476487,-77.446232166028,Match
19300 BLOCK BARNESVILLE RD,39.226073324359,-77.402253101345,Match
"19300 BLOCK CIRCLE GATE DR SENECA PLACE APTS, SENECA PLACE APTS",,,No Match
"19300 BLOCK LONGMEADOW RD, STATION WC027 - LONGMEADOW VFC",39.684127378787,-77.699924497864,Match
19500 BLOCK GARRETS MILL RD,39.352848513798,-77.688658612451,Match
19600 BLOCK KEEP TRYST ROAD,39.327889448805,-77.686935639081,Match
19600 BLOCK WESTERLY AVE,39.137634329021,-77.409228390777,Match
19700 BLOCK FROG EYE RD,39.361282723296,-77.685003403041,Match
19700 BLOCK YARROWSBURG RD,39.374002516338,-77.680050104657,Match
19800 BLOCK BEALLSVILLE RD,39.180918854826,-77.411316322332,Match
"19800 BLOCK BEALLSVILLE RD STATION 714, STATION 714",,,No Match
"19800 BLOCK BEALLSVILLE RD, STATION MC714 - UPPER MONTGOMERY",39.180918854826,-77.411316322332,Match
19800 BLOCK MARTINSBURG RD,39.179146455491,-77.466271171852,Match
19800 BLOCK SHEPERDSTOWN PIKE,39.497983679733,-77.681213894332,Match
19800 BLOCK WASCHE RD,39.182203108113,-77.445044929383,Match
19800 BLOCK WESTERLY AVE,39.137595397784,-77.413570809338,Match
19900 BLOCK BRIGHTWELL CROSSING LN,39.155115605316,-77.413168469564,Match
19900 BLOCK LYNDENWOOD AVE,39.16961574017,-77.415718345186,Match
"200 BLOCK ABRECHT PL, SHEPARD PRATT",39.414386200561,-77.415142688606,Match
"200 BLOCK AMBER DR, AMBER MEADOWS PARK",39.448649631852,-77.411662611196,Match
"200 BLOCK APPLETON PL, Apt/Unit:1C, THE GROVE AT ALBAN - 200 BLOCK APPLETON PL",39.415675282222,-77.450162879325,Match
"200 BLOCK APPLETON PL, Apt/Unit:2B, THE GROVE AT ALBAN - 200 BLOCK APPLETON PL",39.415675282222,-77.450162879325,Match
"200 BLOCK APPLETON PL, THE GROVE AT ALBAN - 200 BLOCK APPLETON PL",39.415675282222,-77.450162879325,Match
200 BLOCK ARMENIAN OAK DR,,,No Match
"200 BLOCK BEASLEY DR, Bldg:200 BLOCK, FORT DETRICK BLDG 200 BLOCK",,,No Match
"200 BLOCK BEASLEY DR, FORT DETRICK BLDG 200 BLOCK",,,No Match
200 BLOCK BEL AIRE LN,,,No Match
200 BLOCK BICTON COMMONS DR,39.425224918858,-77.45973370556,Match
200 BLOCK BISHOPS GLEN DR,39.426226387996,-77.453290805444,Match
200 BLOCK BOYLE RD,,,No Match
200 BLOCK BRAEBURN DR,,,No Match
"200 BLOCK BROADWAY ST, WEINBERG HOUSE",39.410723996368,-77.412556821517,Match
200 BLOCK BURLINGTON AVE,39.493427017765,-77.33606657349,Match
200 BLOCK CANFIELD TER,39.442389823936,-77.408716247164,Match
200 BLOCK CENTER ST,,,No Match
200 BLOCK CHALLEDON DR,39.481322170793,-77.33857713872,Match
"200 BLOCK CHAPEL CT, Apt/Unit:322, GLADETOWN CONDOS - 200 BLOCK CHAPEL CT",39.484012979032,-77.341836698716,Match
200 BLOCK CHAPEL RD,39.484012979032,-77.341836698716,Match
200 BLOCK CHIEFTAN LN,39.499854377005,-77.666171424383,Match
"200 BLOCK CITIZENS WAY, STATION JC002 - CITIZENS FC",,,No Match
200 BLOCK COBBLE WAY,39.490121623068,-77.343112187131,Match
"200 BLOCK CONTROLLER CT, AIRPORT CONTROL TOWER",,,No Match
"200 BLOCK CONTROLLER CT, Apt/Unit:FIRST, AIRPORT CONTROL TOWER - FREDERICK REGIONAL AIRPORT",,,No Match
200 BLOCK CORNELL DR,39.527723943478,-77.314673488457,Match
200 BLOCK CRAMER AVE,39.49266976245,-77.336317595396,Match
200 BLOCK DEER RUN DR,39.488761650462,-77.332831630704,Match
200 BLOCK DIAMOND DR,39.488634502801,-77.342755526645,Match
200 BLOCK DILL AVE,39.41917313881,-77.413139272979,Match
"200 BLOCK DILL AVE, BANNER SCHOOL",39.41917313881,-77.413139272979,Match
200 BLOCK DORSEYS CHANCE,39.389904888686,-77.270491566815,Match
"200 BLOCK E A ST, BRUNSWICK RESERVOIR",39.312831001338,-77.624144086619,Match
200 BLOCK E BALTIMORE ST,,,No Match
200 BLOCK E CHURCH ST,,,No Match
"200 BLOCK E CHURCH ST, FREDERICK VISITATION ACADEMY",,,No Match
"200 BLOCK E CHURCH ST, O2J VISITATION HOTEL",,,No Match
"200 BLOCK E CHURCH ST, S CARROLL ST WATER TOWER",,,No Match
"200 BLOCK E CHURCH ST, VISITATION HOTEL",,,No Match
200 BLOCK E EIGHTH ST,39.424043458391,-77.406238509281,Match
200 BLOCK E F ST,39.317465564419,-77.621679071238,Match
"200 BLOCK E FIFTH ST, BEHIND",39.420074536284,-77.406805396337,Match
"200 BLOCK E FIFTH ST, VERNON AVE WATER TOWER",39.420074536284,-77.406805396337,Match
200 BLOCK E FOURTH ST,,,No Match
"200 BLOCK E FOURTH ST, Apt/Unit:100",,,No Match
"200 BLOCK E FOURTH ST, CAFE BUENO",,,No Match
"200 BLOCK E FOURTH ST, THE GLASS FACTORY",,,No Match
"200 BLOCK E GREEN ST, MIDDLETOWN ELEMENTARY SCHOOL",,,No Match
200 BLOCK E K ST,39.321759929111,-77.618854672863,Match
"200 BLOCK E LINCOLN AVE, SETON CENTER",38.355427952495,-75.594746558114,Match
200 BLOCK E MAIN ST,,,No Match
"200 BLOCK E MAIN ST, IAO",,,No Match
"200 BLOCK E MAIN ST, VALLEY ONE STOP",,,No Match
200 BLOCK E PATRICK ST,39.41391868385,-77.407642181612,Match
"200 BLOCK E PATRICK ST, EAGLES CLUB",39.41391868385,-77.407642181612,Match
"200 BLOCK E PATRICK ST, EVENT VENU",39.41391868385,-77.407642181612,Match
"200 BLOCK E PATRICK ST, FREDERICK POST OFFICE - E PATRICK ST",39.41391868385,-77.407642181612,Match
200 BLOCK E SECOND ST,39.416320434108,-77.40734710625,Match
"200 BLOCK E SECOND ST, EXTENDED STAY",39.416320434108,-77.40734710625,Match
"200 BLOCK E SECOND ST, FREDERICK VISITATION ACADEMY",39.416320434108,-77.40734710625,Match
"200 BLOCK E SECOND ST, VISITATION EXTENDED STAY",39.416320434108,-77.40734710625,Match
"200 BLOCK E SEVENTH ST, DAIRY MAID DAIRY - 200 BLOCK E SEVENTH ST",39.422494366724,-77.406465204914,Match
200 BLOCK E SIXTEENTH ST,39.433312104156,-77.402358433168,Match
"200 BLOCK E SIXTEENTH ST, NORTHAMPTON MANOR",39.433312104156,-77.402358433168,Match
200 BLOCK E SIXTH ST,39.421282859726,-77.40664452644,Match
"200 BLOCK E SIXTH ST, IN THE ALLY BEHIND THIS ADDRESS",39.421282859726,-77.40664452644,Match
"200 BLOCK E SIXTH ST, UP THE ALY",39.421282859726,-77.40664452644,Match
200 BLOCK E THIRD ST,,,No Match
"200 BLOCK E THIRD ST, Apt/Unit:A",,,No Match
200 BLOCK EDWIN RD,,,No Match
200 BLOCK ENSEMBLE WAY,,,No Match
"200 BLOCK EVERGREEN PL, SALVATION ARMY RECREATION CENTER",39.072131051012,-76.550507167799,Match
"200 BLOCK EYLER RD, IFO",39.631169839427,-77.402523598038,Match
200 BLOCK FAIRVIEW AVE,39.421279123232,-77.426221823474,Match
"200 BLOCK FAIRVIEW AVE, FREDERICK CHURCH OF THE BRETHREN",39.421279123232,-77.426221823474,Match
200 BLOCK FIFTH AVE,,,No Match
"200 BLOCK FREDERICK RD, HIGHS STORE - THURMONT",,,No Match
"200 BLOCK FREDERICK RD, MCDONALDS THURMONT",,,No Match
200 BLOCK GALYN DR,39.325014866267,-77.610399304904,Match
200 BLOCK GLADE BLVD,39.482338715648,-77.339472905997,Match
"200 BLOCK GLENBROOK DR, RICHLAND GOLF MAINTENANCE BLDG - CROSS STONE COMMONS",39.582431337286,-77.032699875903,Match
200 BLOCK GROVE BLVD,39.419156439166,-77.425206016588,Match
200 BLOCK HERITAGE CT,39.48777316717,-77.342673969282,Match
200 BLOCK HERITAGE FARM DR,39.377462494494,-77.162971147932,Match
200 BLOCK HOPE CIR,,,No Match
200 BLOCK INGALLS DR,,,No Match
200 BLOCK INTERSTATE CIR,39.401433803688,-77.388167048629,Match
"200 BLOCK INTERSTATE CIR, FURGESON ENTERPRISES",39.401433803688,-77.388167048629,Match
200 BLOCK JEFFERSON PIKE,39.327409161707,-77.665081245062,Match
200 BLOCK KERCHNER RD,38.997982660764,-76.536748875968,Match
200 BLOCK KEY PKWY,39.424313472107,-77.457660066605,Match
200 BLOCK KNOTTY ALDER CT,39.537405915068,-77.300813663989,Match
200 BLOCK KNOXVILLE RD,39.327244245401,-77.665096869771,Match
"200 BLOCK KNOXVILLE RD, IFO",39.327244245401,-77.665096869771,Match
200 BLOCK LOCUST ST,,,No Match
200 BLOCK LOOKOUT AVE,39.374803984399,-77.153014089127,Match
200 BLOCK MADISON ST,39.408542817334,-77.415733318802,Match
"200 BLOCK MADISON ST, Bldg:1, Apt/Unit:88, CARVER APTS BUILDING 1",39.408542817334,-77.415733318802,Match
"200 BLOCK MADISON ST, Bldg:1, CARVER APTS BUILDING 1",39.408542817334,-77.415733318802,Match
"200 BLOCK MADISON ST, Bldg:3, Apt/Unit:APT 48 CARVER APTS, CARVER APTS BUILDING 3",39.408542817334,-77.415733318802,Match
"200 BLOCK MADISON ST, Bldg:4, Apt/Unit:72, CARVER APTS BUILDING 4",39.408542817334,-77.415733318802,Match
"200 BLOCK MADISON ST, Bldg:6, Apt/Unit:120, CARVER APTS BUILDING 6",39.408542817334,-77.415733318802,Match
"200 BLOCK MADISON ST, FCPS LINLCOLN A SUCCESS",39.408542817334,-77.415733318802,Match
"200 BLOCK MADISON ST, LINCOLN ELEMENTARY SCHOOL",39.408542817334,-77.415733318802,Match
"200 BLOCK MADISON ST, S CARROLL ST WATER TOWER",39.408542817334,-77.415733318802,Match
"200 BLOCK MADISON ST, SUCCESS SCHOOL",39.408542817334,-77.415733318802,Match
200 BLOCK MAIN ST,,,No Match
200 BLOCK MAPLE AVE,,,No Match
200 BLOCK MARLEY ST,39.383304830191,-77.265229232835,Match
"200 BLOCK MARLEY ST, IAO",39.383304830191,-77.265229232835,Match
200 BLOCK MILL POND RD,39.448134664632,-77.396134132012,Match
200 BLOCK MILLERSTOWN RD,,,No Match
200 BLOCK MINA DR,39.44544029028,-77.521435025432,Match
200 BLOCK MISSION RD,39.10917989697,-76.576237712074,Match
"200 BLOCK MONROE AVE, R W WARNER INC",39.411812231778,-77.391636379295,Match
"200 BLOCK MONROE AVE, R W WARNER INC - MONROE AVE",39.411812231778,-77.391636379295,Match
"200 BLOCK MONROE AVE, RUPPERT PROPERTIES",39.411812231778,-77.391636379295,Match
200 BLOCK MONTEVUE LN,39.431771222023,-77.442448521734,Match
"200 BLOCK MONTEVUE LN, 40 WEST AUTO CARE & TOWING",39.431771222023,-77.442448521734,Match
"200 BLOCK MONTEVUE LN, IAO",39.431771222023,-77.442448521734,Match
200 BLOCK MOUNTAIN TER,39.505524295811,-77.569246093295,Match
200 BLOCK N CARROLL ST,39.625669067709,-77.399229412778,Match
"200 BLOCK N CARROLL ST, Apt/Unit:1",39.625669067709,-77.399229412778,Match
200 BLOCK N CHURCH ST,,,No Match
"200 BLOCK N CHURCH ST, ADVANCED DEVELOPMENT",,,No Match
"200 BLOCK N CHURCH ST, Apt/Unit:D, DOMINOS PIZZA",,,No Match
"200 BLOCK N CHURCH ST, CVS PHARMACY",,,No Match
"200 BLOCK N CHURCH ST, DOLLAR GENERAL - THURMONT",,,No Match
"200 BLOCK N CHURCH ST, THURMONT AUTO SALES",,,No Match
"200 BLOCK N CHURCH ST, THURMONT LIBERTY",,,No Match
"200 BLOCK N CHURCH ST, THURMONT PLAZA",,,No Match
200 BLOCK N DELAWARE AVE,39.314939256059,-77.630280531549,Match
200 BLOCK N MAPLE AVE,39.31419694411,-77.626363671115,Match
200 BLOCK N MARKET ST,39.416667533839,-77.410611939646,Match
"200 BLOCK N MARKET ST, BLOOM ASIAN HAUS",39.416667533839,-77.410611939646,Match
"200 BLOCK N MARKET ST, BUSHWALLERS",39.416667533839,-77.410611939646,Match
"200 BLOCK N MARKET ST, CREME DE LA CREME",39.416667533839,-77.410611939646,Match
"200 BLOCK N MARKET ST, EDGEWORKS",39.416667533839,-77.410611939646,Match
"200 BLOCK N MARKET ST, THE ORDINARY HEN",39.416667533839,-77.410611939646,Match
"200 BLOCK N MARKET ST, WHITESELLS PHARMACY",39.416667533839,-77.410611939646,Match
200 BLOCK N SETON AVE,39.703032957235,-77.327587277316,Match
200 BLOCK OLD OAK PL,,,No Match
"200 BLOCK PETERSVILLE RD, BRUNSWICK GROOMING SPA",39.31495553666,-77.628072133845,Match
200 BLOCK PHEBUS AVE,39.412476468509,-77.416005480156,Match
200 BLOCK PICKETT ST,39.042366834102,-76.499980835375,Match
200 BLOCK PINOAK DR,39.402885789771,-77.418623185219,Match
200 BLOCK POLARIS DR,39.490567413613,-77.348719673932,Match
200 BLOCK S CARROLL ST,39.410425587776,-77.408147871853,Match
"200 BLOCK S CHURCH ST, LEE DELAUTER & SONS - MIDDLETOWN",,,No Match
200 BLOCK S JEFFERSON ST,,,No Match
"200 BLOCK S JEFFERSON ST, Apt/Unit:A, MCCURDY FIELD",,,No Match
"200 BLOCK S JEFFERSON ST, CALVARY CHAPEL FREDERICK",,,No Match
"200 BLOCK S JEFFERSON ST, FREDERICK COUNTY MENTAL HEALTH DEPARTMENT",,,No Match
200 BLOCK S MAIN ST,,,No Match
200 BLOCK S MAPLE AVE,,,No Match
"200 BLOCK S MAPLE AVE, 84 LUMBER - BRUNSWICK",,,No Match
"200 BLOCK S MAPLE AVE, 84 LUMBER BRUNSWICK",,,No Match
"200 BLOCK S MAPLE AVE, MARC TRAIN STATION - BRUNSWICK",,,No Match
"200 BLOCK S MAPLE AVE, MARC TRAIN STATION BRUNSWICK",,,No Match
200 BLOCK S MARKET ST,39.410624418657,-77.411368586579,Match
"200 BLOCK S MARKET ST, Apt/Unit:3A",39.410624418657,-77.411368586579,Match
"200 BLOCK S MARKET ST, IL PORTO RESTAURANT",39.410624418657,-77.411368586579,Match
200 BLOCK S SETON AVE,39.703032957235,-77.327587277316,Match
200 BLOCK SACHS RD,,,No Match
200 BLOCK SANDSTONE DR,39.488752451027,-77.342742693469,Match
"200 BLOCK SCHOOLHOUSE DR, MIDDLETOWN HIGH SCHOOL",39.445395386786,-77.535659130482,Match
200 BLOCK SCHRIVER RD,,,No Match
200 BLOCK SHANNONBROOK LN,39.430972705493,-77.465752193292,Match
"200 BLOCK SHANNONBROOK LN, STONEGATE CENTER",39.430972705493,-77.465752193292,Match
"200 BLOCK SHOREBIRD ST, Apt/Unit:C",39.446784175353,-77.395640135957,Match
"200 BLOCK SHOREBIRD ST, BUFFALO WILD WINGS - MARKET SQUARE",39.446784175353,-77.395640135957,Match
"200 BLOCK SHOREBIRD ST, Bldg:A, NOODLES & COMPANY - MARKET SQUARE",39.446784175353,-77.395640135957,Match
"200 BLOCK SHOREBIRD ST, Bldg:B, BUFFALO WILD WINGS - MARKET SQUARE",39.446784175353,-77.395640135957,Match
"200 BLOCK SHOREBIRD ST, Bldg:C",39.446784175353,-77.395640135957,Match
"200 BLOCK SHOREBIRD ST, Bldg:C, CAVA - MARKET SQUARE",39.446784175353,-77.395640135957,Match
"200 BLOCK SHOREBIRD ST, Bldg:C, MARKET SQUARE AT FREDERICK",39.446784175353,-77.395640135957,Match
"200 BLOCK SHOREBIRD ST, Bldg:F",39.446784175353,-77.395640135957,Match
"200 BLOCK SHOREBIRD ST, DISTILLED - MARKET SQUARE",39.446784175353,-77.395640135957,Match
"200 BLOCK SHOREBIRD ST, MEDSTAR HEALTH URGENT CARE",39.446784175353,-77.395640135957,Match
"200 BLOCK SHOREBIRD ST, NOODLES & COMPANY",39.446784175353,-77.395640135957,Match
"200 BLOCK SHOREBIRD ST, ONELIFE FITNESS - MARKET SQUARE",39.446784175353,-77.395640135957,Match
"200 BLOCK SHOREBIRD ST, QUICKWAY - MARKET SQUARE",39.446784175353,-77.395640135957,Match
200 BLOCK SOLAR DR,39.490810493874,-77.344647346076,Match
"200 BLOCK SPRUCE CT, FIRE IS BEHIND HER HOUSE ON CENETER ST",39.405816251923,-77.417231434243,Match
200 BLOCK STAUFFER CT,39.077752626107,-76.539641163022,Match
"200 BLOCK STAUFFER CT, Bldg:D, SELF STORAGE PLUS",39.077752626107,-76.539641163022,Match
"200 BLOCK STAUFFER CT, SELF STORAGE PLUS",39.077752626107,-76.539641163022,Match
200 BLOCK STULL CT,,,No Match
200 BLOCK SUMMIT AVE,,,No Match
200 BLOCK THIRTEENTH AVE,,,No Match
200 BLOCK THOROUGHBRED LN,,,No Match
200 BLOCK TIGER WAY,39.522698610506,-77.656900148013,Match
"200 BLOCK TIPPIN DR, DOLLAR TREE - ORCHARD HILLS SHOPPING CENTER",,,No Match
"200 BLOCK TIPPIN DR, FOOD LION - ORCHARD HILLS SHOPPING CENTER",,,No Match
"200 BLOCK TRACT RD, CATHOLIC CHURCH",39.501072893867,-79.262085974066,Match
200 BLOCK VISTA GLEN RD,,,No Match
200 BLOCK W B ST,39.314557871255,-77.6292722761,Match
200 BLOCK W COLLEGE TER,39.417470968598,-77.422391040781,Match
200 BLOCK W FIFTH ST,39.420474828448,-77.412838223946,Match
"200 BLOCK W FIFTH ST, IN BACK YARD",39.420474828448,-77.412838223946,Match
"200 BLOCK W FIFTH ST, SALVATION ARMY SERVICE CENTER",39.420474828448,-77.412838223946,Match
200 BLOCK W MAIN ST,,,No Match
"200 BLOCK W MAIN ST, Apt/Unit:5",,,No Match
200 BLOCK W PATRICK ST,39.41374674669,-77.415383192657,Match
"200 BLOCK W PATRICK ST, IAO",39.41374674669,-77.415383192657,Match
"200 BLOCK W PATRICK ST, WAY STATION",39.41374674669,-77.415383192657,Match
"200 BLOCK W POTOMAC ST, SMOKETOWN BREWING STATION",,,No Match
"200 BLOCK W SECOND AVE, STATION JC004 - INDEPENDENT FC",39.393605073068,-79.375089482614,Match
200 BLOCK W SECOND ST,,,No Match
200 BLOCK W SOUTH ST,39.410868560095,-77.414901452674,Match
"200 BLOCK W SOUTH ST, IFO",39.410868560095,-77.414901452674,Match
200 BLOCK WASHINGTON ST,,,No Match
200 BLOCK WATERSVILLE RD,39.367978313189,-77.103198148174,Match
"200 BLOCK WATERSVILLE RD, PARK RIDGE ELEM",39.367978313189,-77.103198148174,Match
"200 BLOCK WAVERLEY DR, WAVERLEY ELEMENTARY SCHOOL",39.425152839477,-77.459711507291,Match
200 BLOCK WEIKERT RD,,,No Match
200 BLOCK WESTVIEW DR,39.612705869993,-77.40416856711,Match
200 BLOCK WIDE RIVER FARM DR,,,No Match
"200 BLOCK WILLOWDALE DR, ELKS LODGE",,,No Match
"200 BLOCK WILLOWDALE DR, ELKS LODGE - WILLOWDALE DR",,,No Match
200 BLOCK WINTER BROOK DR,39.492364622625,-77.350293379019,Match
200 BLOCK WINTERGREEN LN,39.311454099322,-77.610758671436,Match
200 BLOCK WYNGATE DR,39.343450372776,-76.626769107471,Match
200 BLOCK ZINNIA TER,39.482579607892,-77.361755918377,Match
200 BLOCK(250) BLK W BROADWAY,,,No Match
200 BLOCKA E SIXTH ST,,,No Match
"200 BLOCKA SHOREBIRD ST, NOODLES & COMPANY - MARKET SQUARE",,,No Match
200 BLOCKA W PATRICK ST,,,No Match
200 BLOCKB MILL POND RD,,,No Match
200 BLOCKBLK SOUTGATE DR,,,No Match
2000 BLOCK BALLENGER CREEK PIKE,39.287611152173,-77.528142433326,Match
2000 BLOCK BUELL DR,39.465197723851,-77.407288107317,Match
2000 BLOCK BURNSIDE DR,39.468180045183,-77.412647630888,Match
2000 BLOCK BUTTERFIELD OVERLOOK,39.471548865124,-77.433376192876,Match
2000 BLOCK CHAMBERLAIN DR,39.47258673819,-77.437027462399,Match
2000 BLOCK CHAPEL CT,39.448956206806,-77.446453549348,Match
2000 BLOCK COHASSET CT,39.445004120326,-77.452940420697,Match
2000 BLOCK DAHLGREN RD,39.484092121261,-77.611351712187,Match
2000 BLOCK DIXON RD,39.286355231377,-77.347723264162,Match
2000 BLOCK E GREENLEAF DR,39.446374415975,-77.446003347139,Match
2000 BLOCK FAUNA DR,,,No Match
2000 BLOCK FOUR VINES CT,,,No Match
2000 BLOCK GOOSE CREEK WAY,,,No Match
2000 BLOCK MUSTANG CT,,,No Match
"2000 BLOCK OLD NATIONAL PIKE, MOSER FARM",39.472675501008,-77.602176385158,Match
2000 BLOCK POMONA WAY,,,No Match
2000 BLOCK ROSECRANS CT,39.465332932231,-77.406591299733,Match
"2000 BLOCK ROSEMONT AVE, CVS PHARMACY - ROSEMONT AVE - FREDERICK",39.438460758751,-77.437682821288,Match
2000 BLOCK SPRING RUN CIR,39.467637607098,-77.430380663262,Match
2000 BLOCK SUMNER DR,39.466095633353,-77.407031997324,Match
"2000 BLOCK TANEYTOWN RD, STATION AC022 - BARLOW VFC",39.606780144893,-77.067686519019,Match
2000 BLOCK THURSTON RD,,,No Match
2000 BLOCK WEITZEL CT,39.464421466703,-77.406426864014,Match
"2000 BLOCK WOOD HOLLOW PL, Apt/Unit:107",39.445926979215,-77.441244895874,Match
"2000 BLOCK WOOD HOLLOW PL, Apt/Unit:206",39.445926979215,-77.441244895874,Match
"2000 BLOCK WOOD HOLLOW PL, Apt/Unit:208",39.445926979215,-77.441244895874,Match
"2000 BLOCK WOOD HOLLOW PL, THE PARK AT WALNUT RIDGE COMMUNITY POOL",39.445926979215,-77.441244895874,Match
2000 BLOCK YELLOW SPRINGS RD,39.440036740462,-77.437404876718,Match
"2000 BLOCK YELLOW SPRINGS RD, Apt/Unit:STE 103, EDIBLE ARRANGEMENTS",39.440036740462,-77.437404876718,Match
"2000 BLOCK YELLOW SPRINGS RD, FOOD LION",39.440036740462,-77.437404876718,Match
"2000 BLOCK YELLOW SPRINGS RD, MCDONALDS - ROSEMONT",39.440036740462,-77.437404876718,Match
"2000 BLOCK YELLOW SPRINGS RD, ROYAL FARMS",39.440036740462,-77.437404876718,Match
"2000 BLOCK YELLOW SPRINGS RD, ROYAL FARMS - YELLOW SPRINGS",39.440036740462,-77.437404876718,Match
20000 BLOCK COOL HOLLOW RD,39.573823399535,-77.673667131845,Match
"20000 BLOCK CTYSTAL ROCK DR, STATION MC729 - GERMANTOWN",,,No Match
20000 BLOCK MARBLE HILL CT,39.461548421713,-77.672505091742,Match
"20000 BLOCK N270 X18 TO X22 HWY N270U RT121 - RT109, N270U RT121 - RT109",,,No Match
"20000 BLOCK S270 X22 TO X18 HWY BEFORE THE WEIGH STATION, BEFORE THE WEIGH STATION",,,No Match
"20000 BLOCK S270 X22 TO X18 HWY S270A FRED CO LINE - RT109, S270A FRED CO LINE - RT109",,,No Match
20000 BLOCK S270 X22 TO X18 HWY S270B RT109 - RT121,,,No Match
"20000 BLOCK S270 X22 TO X18 HWY S270B RT109 - RT121, S270B RT109 - RT121",,,No Match
20100 BLOCK DARNESTOWN RD,,,No Match
20100 BLOCK FISHER AVE,39.146517270928,-77.420360293949,Match
20100 BLOCK WASCHE RD,39.182988009699,-77.445296998241,Match
20200 BLOCK THUNDERHEAD WAY,39.188565240443,-77.270850099692,Match
20300 BLOCK BASSWOOD LN,39.391527955946,-77.655300241172,Match
20300 BLOCK LOCUS GROVE RD,,,No Match
20300 BLOCK MARTINSBURG RD,,,No Match
20400 BLOCK TOWNSEND,39.410875193591,-77.657661355373,Match
20400 BLOCK TOWNSEND RD,39.410875193591,-77.657661355373,Match
20500 BLOCK DARNESTOWN RD,39.199439662927,-77.430091552339,Match
20500 BLOCK TOWNSEND RD,39.410071364176,-77.653692830627,Match
"20600 BLOCK BOLAND FARM RD STATION 734, STATION 734",,,No Match
"20600 BLOCK BOLAND FARM RD, STATION 734",39.193471173318,-77.248574831876,Match
"20600 BLOCK BOLAND FARM RD, STATION MC734 - GERMANTOWN/MILESTONE",39.193471173318,-77.248574831876,Match
"20600 BLOCK FREDERICK RD, STATION MC734 - GERMANTOWN/MILESTONE",39.194036950863,-77.243712548502,Match
20700 BLOCK MARTINSBURG RD DICKERSON CONSERVATION PARK PP,,,No Match
"20700 BLOCK MARTINSBURG RD DICKERSON CONSERVATION PARK PP, DICKERSON CONSERVATION PARK PP",,,No Match
20700 BLOCK MOUTH OF MONOCACY RD,39.225620832296,-77.43268350449,Match
20700 BLOCK PARK HALL RD,39.455532709084,-77.646617990328,Match
"20900 BLOCK S270 X22 TO X18 HWY WEIGH STATION S270, WEIGH STATION S270",,,No Match
20900 BLOCK SAN MAR RD,39.551687709791,-77.639399062108,Match
2100 BLOCK ARTILLERY RD,39.46800187024,-77.442762707419,Match
2100 BLOCK BALLENGER CREEK PIKE,39.289614975349,-77.521489913516,Match
2100 BLOCK BEAR CREEK CT,39.441639391469,-77.443725425109,Match
2100 BLOCK BELLEMONTE CT,39.399034051444,-77.598957549168,Match
2100 BLOCK BRECKEN DELL CT,39.443226824864,-77.43719673912,Match
2100 BLOCK BRISTOL DR,39.44428439166,-77.436024746839,Match
2100 BLOCK CHESTNUT LN,,,No Match
"2100 BLOCK CHESTNUT LN, Apt/Unit:LOT 195",,,No Match
2100 BLOCK COLLINGWOOD LN,39.444403812643,-77.437532268504,Match
2100 BLOCK DIXON RD,39.29140963162,-77.348313389982,Match
2100 BLOCK E GREENLEAF DR,39.449925566818,-77.449039496731,Match
2100 BLOCK FOXFIELD CIR,39.45058035981,-77.45063422203,Match
2100 BLOCK GARFIELD CT,39.449483877346,-77.439937434801,Match
2100 BLOCK GOOSE CREEK WAY,,,No Match
2100 BLOCK HAGERSTOWN LANE,39.633487028737,-77.244672732246,Match
2100 BLOCK INFANTRY DR,39.469481268991,-77.439899712366,Match
2100 BLOCK KINGS FORREST TRAIL,39.367088602717,-77.12182074663,Match
"2100 BLOCK OLD FARM DR, Apt/Unit:1F, YELLOW SPRINGS DENTAL",39.446253635891,-77.434885174751,Match
"2100 BLOCK OLD FARM DR, DUNKIN DONUTS",39.446253635891,-77.434885174751,Match
"2100 BLOCK OLD FARM DR, JIMMY MCGEE MEMORIAL PARK",39.446253635891,-77.434885174751,Match
"2100 BLOCK OLD FARM DR, LA PETITE ACADEMY",39.446253635891,-77.434885174751,Match
"2100 BLOCK OLD FARM DR, LA PETITE ACADEMY - OLD FARM DR",39.446253635891,-77.434885174751,Match
"2100 BLOCK OLD FARM DR, OLD FARM LIQUORS",39.446253635891,-77.434885174751,Match
2100 BLOCK OLD NATIONAL PIKE,39.470123977721,-77.598096514856,Match
2100 BLOCK PAXTON TER,39.445560221962,-77.44564472048,Match
"2100 BLOCK PLEASANT VIEW RD, Bldg:D, MIDDLE OF FEILD",39.291267178097,-77.488962348871,Match
2100 BLOCK REGINA TER,39.290434783282,-77.307984342374,Match
"2100 BLOCK RIVERWALK PL, Apt/Unit:211, FAIRWAY VISTA APTS",39.433645751701,-77.369127432895,Match
"2100 BLOCK RIVERWALK PL, Apt/Unit:UNIT 242, FAIRWAY VISTA APTS",39.433645751701,-77.369127432895,Match
2100 BLOCK SCARLETT WAY,39.367218743725,-77.12194563625,Match
2100 BLOCK THURSTON RD,,,No Match
2100 BLOCK TWIN PEAKS CT,39.442937639027,-77.444986204775,Match
"2100 BLOCK WAINWRIGHT CT, Apt/Unit:2A, OLD FARM CONDOS - 2100 BLOCK WAINWRIGHT CT",39.444442291947,-77.438962690715,Match
"2100 BLOCK WAINWRIGHT CT, Apt/Unit:2D, OLD FARM CONDOS - 2100 BLOCK WAINWRIGHT CT",39.444442291947,-77.438962690715,Match
"2100 BLOCK WAINWRIGHT CT, Apt/Unit:BD, OLD FARM CONDOS - 2100 BLOCK WAINWRIGHT CT",39.444442291947,-77.438962690715,Match
"2100 BLOCK WAINWRIGHT CT, OLD FARM CONDOS - 2100 BLOCK WAINWRIGHT CT",39.444442291947,-77.438962690715,Match
"2100 BLOCK WAYSIDE DR, Apt/Unit:3D, ECHO GLEN CONDOS - 2100 BLOCK WAYSIDE DR",39.448249376133,-77.448234162558,Match
2100 BLOCK WESTMARCH CT,39.446710209863,-77.436099861327,Match
"2100 BLOCK WHITEHALL RD, AVONDALE APTS - 2100 BLOCK WHITEHALL RD",39.44410029531,-77.436339310669,Match
"2100 BLOCK WHITEHALL RD, Apt/Unit:2C, AVONDALE APTS - 2100 BLOCK WHITEHALL RD",39.44410029531,-77.436339310669,Match
"2100 BLOCK WHITTIER DR, Bldg:A, SOMERFORD HOUSE",39.315250144583,-76.650041529672,Match
"2100 BLOCK WHITTIER DR, Bldg:A, SOMERFORD HOUSE - WHITTIER",39.315250144583,-76.650041529672,Match
"2100 BLOCK WHITTIER DR, Bldg:A, SOMERFORD PLACE",39.315250144583,-76.650041529672,Match
"2100 BLOCK WHITTIER DR, Bldg:A, SOMERFORD PLACE - WHITTIER",39.315250144583,-76.650041529672,Match
"2100 BLOCK WHITTIER DR, Bldg:B, Apt/Unit:B, SOMERFORD HOUSE - WHITTIER",39.315250144583,-76.650041529672,Match
"2100 BLOCK WHITTIER DR, Bldg:B, SOMERFORD HOUSE",39.315250144583,-76.650041529672,Match
"2100 BLOCK WHITTIER DR, Bldg:B, SOMERFORD HOUSE - WHITTIER",39.315250144583,-76.650041529672,Match
"2100 BLOCK WHITTIER DR, Bldg:B, SOMERFORD PLACE - WHITTIER",39.315250144583,-76.650041529672,Match
"2100 BLOCK WHITTIER DR, SOMERFORD PLACE",39.315250144583,-76.650041529672,Match
"2100 BLOCK YATES DR, Bldg:6, RIDGEVIEW CONDOS - 2100 BLOCK YATES DR",39.446332974382,-77.449564210289,Match
2100 BLOCKA WHITTIER DR,,,No Match
"2100 BLOCKA WHITTIER DR, SOMERFORD PLACE",,,No Match
2100 BLOCKB WHITTIER DR,,,No Match
21000 BLOCK BOONSBORO MOUNTAIN RD,39.514955413179,-77.635062195084,Match
"21000 BLOCK FREDERICK RD HOME DEPOT, HOME DEPOT",,,No Match
21100 BLOCK GREENBRIAR RD,39.551938722836,-77.634259097847,Match
21200 BLOCK MARTINSBURG RD,39.204230262505,-77.444860742602,Match
"21200 BLOCK MARTINSBURG RD DICKERSON RESOURCE RECOVERY FACILITY, DICKERSON RESOURCE RECOVERY FACILITY",,,No Match
21200 BLOCK MOUNT AETNA RD,39.607024659241,-77.632534574595,Match
21400 BLOCK BEALLSVILLE RD,39.206224164283,-77.385402418993,Match
21400 BLOCK CLARKSBURG RD,39.206713818572,-77.30164813972,Match
21400 BLOCK DICKERSON RD,39.207052193968,-77.434628798729,Match
21400 BLOCK KEADLE RD,39.528065739076,-77.627243106092,Match
"21400 BLOCK LEITER ST, STATION WC009 - LEITERSBURG VFC. INC.",39.692824974826,-77.622637975767,Match
21500 BLOCK OLD TROLLEY LANE,39.558496662968,-77.617601144779,Match
21500 BLOCK WHITES FERRY RD,39.157400158188,-77.449085668275,Match
21600 BLOCK BOONSBORO MOUNTAIN RD,39.527016340529,-77.617214628099,Match
21700 BLOCK BIG WOODS RD,39.211120172872,-77.418645699818,Match
21700 BLOCK BOONSBORO MOUNTAIN RD,,,No Match
21700 BLOCK PEACH TREE RD,39.210753226071,-77.364477774205,Match
21700 BLOCK SLIDELL RD,39.211667640005,-77.328590946702,Match
"21800 BLOCK BOONSBORO MOUNTAIN RD, IAO",39.534850780649,-77.607871530955,Match
21800 BLOCK NATIONAL; PK,39.544734758697,-77.609117401979,Match
"21800 BLOCK PEACH TREE RD BARNESVILLE SCHOOL, BARNESVILLE SCHOOL",,,No Match
2200 BLOCK BALLENGER CREEK PIKE,39.289653933416,-77.520412265213,Match
2200 BLOCK BANNER HILL RD,39.454336005431,-77.454633749901,Match
2200 BLOCK BATTERY CT,39.467317493005,-77.444089498037,Match
2200 BLOCK BEAR DEN RD,39.453731109751,-77.384273432389,Match
"2200 BLOCK BEAR DEN RD, Apt/Unit:204, PARK PLACE III WORMANS MILL",39.453731109751,-77.384273432389,Match
2200 BLOCK BULLFROG RD,,,No Match
2200 BLOCK COLD SPRINGS RD,,,No Match
2200 BLOCK DENALI DR,,,No Match
2200 BLOCK GARDEN LN,,,No Match
2200 BLOCK GREEN VALLEY RD,39.294507575993,-77.306857478603,Match
2200 BLOCK JEFFERSON PIKE,39.352330243404,-77.593325299918,Match
"2200 BLOCK JEFFERSON PIKE, FAITH BAPTIST CHURCH",39.352330243404,-77.593325299918,Match
2200 BLOCK KAETZEL RD,39.374993727604,-77.684835473842,Match
"2200 BLOCK MARCY DR, IAO",,,No Match
2200 BLOCK MOUNT EPHRAIM RD,39.295950205709,-77.407177963476,Match
2200 BLOCK PARISH LN,39.454335945302,-77.385060420215,Match
2200 BLOCK QUEBEC SCHOOL RD,39.426209621574,-77.595671648482,Match
2200 BLOCK REGINA DR,39.29417456422,-77.304551377452,Match
2200 BLOCK ROHRERSVILLE RD,39.374290020592,-77.668029868726,Match
2200 BLOCK THURSTON RD,39.299095889338,-77.36726790134,Match
2200 BLOCK VILLAGE SQUARE RD,,,No Match
2200 BLOCK W GREENLEAF DR,39.452105737619,-77.453879381303,Match
2200 BLOCK W PALACE GREEN TER,39.460328486246,-77.452972571191,Match
2200 BLOCK WALLER HOUSE CT,39.457037111852,-77.45387792107,Match
2200 BLOCK WAYNESBORO PIKE,,,No Match
2200 BLOCK WETHERBURNE WAY,39.457270958752,-77.451356885858,Match
22000 BLOCK BEAVER BROOK DRIVE,39.639206875004,-77.605246338249,Match
22000 BLOCK HOLIDAY DR,39.644329803816,-77.604801214967,Match
22000 BLOCK MOHAWK DR,39.642505901215,-77.604173301332,Match
"22100 BLOCK DICKERSON RD DICKERSON MARKET, DICKERSON MARKET",,,No Match
22300 BLOCK KENNER DR,,,No Match
22500 BLOCK GATEWAY CENTER DR,,,No Match
"22500 BLOCK N270 X22 TO FRCO HWY N270V RT109 - FRED CO LINE, N270V RT109 - FRED CO LINE",,,No Match
"22500 BLOCK S270 FRCO TO X22 HWY S270A FRED CO LINE - RT109, S270A FRED CO LINE - RT109",,,No Match
"22600 BLOCK GATEWAY CENTER DR, Apt/Unit:300, STATION MC735 - CLARKSBURG",39.231722113425,-77.280685836511,Match
"22600 BLOCK GATEWAY CENTER DR, STATION 735",39.231722113425,-77.280685836511,Match
22700 BLOCK BLUE BANNER PL,39.228186693696,-77.212605620656,Match
22700 BLOCK FREDERICK RD,39.230240041258,-77.268666097854,Match
22800 BLOCK BROADWAY AVE,39.224284027125,-77.290081624825,Match
22800 BLOCK WHELAN LANE,39.229920299107,-77.288251326296,Match
"22800 BLOCK WHELAN LN CORRECTIONAL FACILITY, CORRECTIONAL FACILITY",,,No Match
2300 BLOCK BALLENGER CREEK PIKE,39.289704103109,-77.519334559973,Match
2300 BLOCK BEAR DEN RD,,,No Match
2300 BLOCK DIXON RD,39.297767547504,-77.352812133303,Match
2300 BLOCK FIELDBOOK LN,39.400302395797,-77.148314683962,Match
2300 BLOCK MARKER RD,39.452067098718,-77.590314312442,Match
2300 BLOCK MONUMENT RD,39.51120585227,-77.590642875801,Match
2300 BLOCK NEW DESIGN RD,,,No Match
2300 BLOCK PLEASANT VIEW RD,39.295304022981,-77.489661387786,Match
"2300 BLOCK RIVERWALK PL, FAIRWAY VISTA APTS - 2300 BLOCK RIVERWALK PL",39.433903714708,-77.367989697205,Match
23100 BLOCK MISTFLOWER DR,39.233820781491,-77.24122247855,Match
23100 BLOCK WHITES FERRY RD,39.16469557923,-77.481865978044,Match
23200 BLOCK BREWERS TAVERN WAY,39.237705994171,-77.276447455199,Match
"23400 BLOCK FREDERICK DR, Apt/Unit:300, STATION MC735 - CLARKSBURG",39.240216491307,-77.281293225421,Match
"23400 BLOCK FREDERICK RD STATION 735, STATION 735",,,No Match
23500 BLOCK OLD HUNDRED RD,39.240985144184,-77.35610540297,Match
2400 BLOCK BALLENGER CREEK PIKE,39.29814719512,-77.507055873111,Match
2400 BLOCK BEAR DEN RD,39.452456798794,-77.385882477321,Match
2400 BLOCK CALLOWAY CT,,,No Match
2400 BLOCK CANADA HILL RD,39.524807532833,-77.588011079888,Match
2400 BLOCK COBBLESTONE WAY,39.453815256869,-77.451635438244,Match
"2400 BLOCK DOMINION DR, Apt/Unit:1D, LAKE TREE CONDOS - 2400 BLOCK DOMINION DR",,,No Match
"2400 BLOCK DOMINION DR, Apt/Unit:2A, LAKE TREE CONDOS - 2400 BLOCK DOMINION DR",,,No Match
"2400 BLOCK DOMINION DR, LAKE TREE CONDOS",,,No Match
2400 BLOCK DOUBS CT,39.301123807637,-77.476971147701,Match
2400 BLOCK DUNMORE CT,39.457478882333,-77.45321399132,Match
"2400 BLOCK ELLSWORTH WAY, Apt/Unit:1-C, LAKE TREE CONDOS",39.453252096386,-77.449978908216,Match
"2400 BLOCK ELLSWORTH WAY, Apt/Unit:3B, LAKE TREE CONDOS",39.453252096386,-77.449978908216,Match
2400 BLOCK FAIRFIELD RD,,,No Match
2400 BLOCK GRAYSTONE LN,39.449917125285,-77.452133075121,Match
"2400 BLOCK HIGHPOINT VIEW CT, Apt/Unit:202, VISTA VIEW CONDOS - 2400 BLOCK HIGHPOINT VIEW CT",,,No Match
"2400 BLOCK HIGHPOINT VIEW CT, Apt/Unit:403, VISTA VIEW CONDOS - 2400 BLOCK HIGHPOINT VIEW CT",,,No Match
"2400 BLOCK HIGHPOINT VIEW CT, VISTA VIEW CONDOS",,,No Match
"2400 BLOCK HIGHPOINT VIEW CT, VISTA VIEW CONDOS - 2400 BLOCK HIGHPOINT VIEW CT",,,No Match
2400 BLOCK HUNTERS CHASE CT,39.453894192125,-77.453276801869,Match
2400 BLOCK HUNTWOOD CT,39.458307293047,-77.449920714763,Match
2400 BLOCK IRON SPRINGS RD,,,No Match
2400 BLOCK LAKESIDE DR,39.457009608873,-77.450852188802,Match
2400 BLOCK MARKER RD,39.452212521652,-77.585522224314,Match
2400 BLOCK MERCHANT ST,39.453193108762,-77.384689930034,Match
"2400 BLOCK MONOCACY BLVD, AUTOZONE - MONOCACY BLVD",39.449256555482,-77.386923297743,Match
"2400 BLOCK MONOCACY BLVD, GLADE VALLEY ANIMAL HOSPITAL",39.449256555482,-77.386923297743,Match
"2400 BLOCK MONOCACY BLVD, STARBUCKS - MONOCACY BLVD",39.449256555482,-77.386923297743,Match
"2400 BLOCK MONOCACY BLVD, THE AUTO SPA EXPRESS",39.449256555482,-77.386923297743,Match
"2400 BLOCK MONOCACY BLVD, WALMART",39.449256555482,-77.386923297743,Match
"2400 BLOCK MONOCACY BLVD, WALMART - MONOCACY BLVD",39.449256555482,-77.386923297743,Match
2400 BLOCK OLD NATIONAL PIKE,,,No Match
"2400 BLOCK OLD NATIONAL PIKE, Apt/Unit:HTTPS://A91.IO/32YDK",,,No Match
2400 BLOCK OSPREY WAY,39.446178559545,-77.394672485026,Match
"2400 BLOCK OSPREY WAY, ADVANCE AUTO PARTS MARKET SQUARE",39.446178559545,-77.394672485026,Match
"2400 BLOCK OSPREY WAY, Apt/Unit:C, INDIGO PHYSIOTHERAPY",39.446178559545,-77.394672485026,Match
"2400 BLOCK OSPREY WAY, Bldg:C",39.446178559545,-77.394672485026,Match
"2400 BLOCK OSPREY WAY, HOMEGOODS",39.446178559545,-77.394672485026,Match
"2400 BLOCK OSPREY WAY, HOMEGOODS - MARKET SQUARE",39.446178559545,-77.394672485026,Match
"2400 BLOCK OSPREY WAY, IHOP RESTAURANT - MARKET SQUARE",39.446178559545,-77.394672485026,Match
"2400 BLOCK OSPREY WAY, MCDONALDS - MARKET SQUARE",39.446178559545,-77.394672485026,Match
"2400 BLOCK OSPREY WAY, MCDONALDS MARKET SQUARE",39.446178559545,-77.394672485026,Match
"2400 BLOCK OSPREY WAY, TECHY",39.446178559545,-77.394672485026,Match
2400 BLOCK PLEASANT VIEW RD,39.299966224774,-77.49050328625,Match
"2400 BLOCK PLEASANT VIEW RD, Apt/Unit:3, SHORESH DAY CAMP",39.299966224774,-77.49050328625,Match
"2400 BLOCK PLEASANT VIEW RD, Apt/Unit:A, SHORESH DAY CAMP",39.299966224774,-77.49050328625,Match
"2400 BLOCK PLEASANT VIEW RD, Apt/Unit:C1, SHORESH DAY CAMP",39.299966224774,-77.49050328625,Match
"2400 BLOCK PLEASANT VIEW RD, Apt/Unit:D, SHORESH DAY CAMP",39.299966224774,-77.49050328625,Match
"2400 BLOCK PLEASANT VIEW RD, Bldg:A, SHORESH DAY CAMP",39.299966224774,-77.49050328625,Match
"2400 BLOCK PLEASANT VIEW RD, Bldg:CABIN 3, SHORESH DAY CAMP",39.299966224774,-77.49050328625,Match
"2400 BLOCK PLEASANT VIEW RD, RAILROAD BEHIND THIS ADDRESS",39.299966224774,-77.49050328625,Match
"2400 BLOCK PLEASANT VIEW RD, SHORESH CABIN",39.299966224774,-77.49050328625,Match
"2400 BLOCK PLEASANT VIEW RD, SHORESH DAY CAMP",39.299966224774,-77.49050328625,Match
2400 BLOCK PRICES DISTILLERY RD,39.300456490178,-77.283675650639,Match
2400 BLOCK RANDOLF TER,39.452627662326,-77.450624474826,Match
2400 BLOCK RIPPLING BROOK RD,39.45447797254,-77.381923927873,Match
2400 BLOCK SILVER LEAF DR,39.130922239264,-76.622288740123,Match
2400 BLOCK STEEPLEVIEW CT,39.453690440879,-77.455668949875,Match
2400 BLOCK STONEY CREEK RD,39.454488927794,-77.383413733907,Match
2400 BLOCK TABOR DR,39.470085113727,-77.588712296849,Match
2400 BLOCK THURSTON RD,39.299095889338,-77.36726790134,Match
"2400 BLOCK WATERSIDE DR, Apt/Unit:310, VILLAGE CROSSING AT WORMANS MILL",39.455504983664,-77.386169361398,Match
"2400 BLOCK WATERSIDE DR, Apt/Unit:A308",39.455504983664,-77.386169361398,Match
"2400 BLOCK WATERSIDE DR, Bldg:A",39.455504983664,-77.386169361398,Match
"2400 BLOCK WATERSIDE DR, VILLAGE CROSSING AT WORMANS MILL",39.455504983664,-77.386169361398,Match
2400 BLOCK WAYNESBORO PIKE,,,No Match
"2400 BLOCK WHITTIER DR, APSEN DENTAL",39.456199124665,-77.450273589289,Match
"2400 BLOCK WHITTIER DR, Apt/Unit:2ND_FLOOR, BIOTECH SOFTWARE INSTITUTE - LAKEFRONT BUSINESS CENTER AT WHITTIER",39.456199124665,-77.450273589289,Match
"2400 BLOCK WHITTIER DR, KIDDIE ACADEMY - LAKEFRONT BUSINESS CENTER AT WHITTIER",39.456199124665,-77.450273589289,Match
"2400 BLOCK WHITTIER DR, WHITTIER ELEMENTARY SCHOOL",39.456199124665,-77.450273589289,Match
"2400 BLOCK WHITTIER DR, WHITTIER LAKE PARK",39.456199124665,-77.450273589289,Match
2400 BLOCK WYNFIELD CT,39.459021060174,-77.449986634691,Match
24200 BLOCK BURNT HILL RD,39.251699154641,-77.268715882797,Match
24300 BLOCK BURNT HILL RD,39.253524143934,-77.266510726422,Match
"24500 BLOCK CUTSAIL DR LOIS P ROCKWELL ES MCPS, LOIS P ROCKWELL ES MCPS",,,No Match
24500 BLOCK PEACH TREE RD,39.251651583597,-77.324378001543,Match
24500 BLOCK PEACHTREE RD,39.251651583597,-77.324378001543,Match
2500 BLOCK ANGELL AVE,39.47179271169,-77.40479317953,Match
2500 BLOCK BALLENGER CREEK PIKE,39.302421946654,-77.500565817974,Match
2500 BLOCK BEAR DEN RD,39.452775748712,-77.388498624565,Match
2500 BLOCK BRADDOCK RD,39.447110154459,-77.084567077675,Match
2500 BLOCK BUCKEYSTOWN PIKE,,,No Match
2500 BLOCK CANDLE RIDGE DR,39.450917884317,-77.451634494572,Match
2500 BLOCK CARRINGTON WAY,39.446250862203,-77.446137942915,Match
2500 BLOCK CATOCTIN CT,39.446190724254,-77.447281169628,Match
"2500 BLOCK CATOCTIN CT, ECHO GLEN II CONDOS",39.446190724254,-77.447281169628,Match
"2500 BLOCK COACH HOUSE WAY, Apt/Unit:2B, ECHO GLEN CONDOS - 2500 BLOCK COACH HOUSE WAY",39.448810315646,-77.448769743999,Match
"2500 BLOCK COACH HOUSE WAY, Apt/Unit:2C, ECHO GLEN CONDOS - 2500 BLOCK COACH HOUSE WAY",39.448810315646,-77.448769743999,Match
"2500 BLOCK COACH HOUSE WAY, ECHO GLEN CONDOS",39.448810315646,-77.448769743999,Match
"2500 BLOCK COLERIDGE DR, Apt/Unit:1A, RIDGEVIEW CONDOS",39.446338890433,-77.449568121363,Match
"2500 BLOCK COLERIDGE DR, Bldg:7, RIDGEVIEW CONDOS",39.446338890433,-77.449568121363,Match
"2500 BLOCK COLERIDGE DR, RIDGEVIEW CONDOS",39.446338890433,-77.449568121363,Match
"2500 BLOCK COLERIDGE DR, RIDGEVIEW CONDOS - 2500 BLOCK COLERIDGE DR",39.446338890433,-77.449568121363,Match
"2500 BLOCK DRIFTWOOD CT, Apt/Unit:2D, ECHO GLEN CONDOS - 2500 BLOCK DRIFTWOOD CT",,,No Match
"2500 BLOCK DRIFTWOOD CT, ECHO GLEN CONDOS - 2500 BLOCK DRIFTWOOD CT",,,No Match
2500 BLOCK EMERSON DR,39.44604167433,-77.447056895451,Match
2500 BLOCK FIVE SHILLINGS RD,39.454912144153,-77.388108178105,Match
"2500 BLOCK HEMINGWAY DR, Apt/Unit:1A, RIDGEVIEW CONDOS - 2500 BLOCK HEMINGWAY DR",39.446563492875,-77.451475832332,Match
"2500 BLOCK HEMINGWAY DR, Apt/Unit:3B, RIDGEVIEW CONDOS - 2500 BLOCK HEMINGWAY DR",39.446563492875,-77.451475832332,Match
"2500 BLOCK HEMINGWAY DR, RIDGEVIEW CONDOS",39.446563492875,-77.451475832332,Match
"2500 BLOCK HEMINGWAY DR, RIDGEVIEW CONDOS - 2500 BLOCK HEMINGWAY DR",39.446563492875,-77.451475832332,Match
2500 BLOCK HOPTON LN,39.448710929042,-77.392503735088,Match
2500 BLOCK ISLAND GROVE BLVD,39.460442614693,-77.38343712221,Match
"2500 BLOCK JEFFERSON PIKE, CREATING CHILDREN LEARNING CENTER",39.356726996538,-77.581048802072,Match
"2500 BLOCK JEFFERSON PIKE, EDUCARE LEARNING CENTER",39.356726996538,-77.581048802072,Match
2500 BLOCK MILL RACE RD,39.459363704629,-77.384194347401,Match
2500 BLOCK MONUMENT RD,39.508956819491,-77.584875140936,Match
2500 BLOCK OLD NATIONAL PIKE,39.460301668287,-77.583340005735,Match
"2500 BLOCK OSPREY WAY, ONELIFE FITNESS - MARKET SQUARE",39.447820027973,-77.394486224121,Match
2500 BLOCK POINT OF ROCKS RD,39.329669293668,-77.581178151511,Match
2500 BLOCK POTTING SHED LN,,,No Match
2500 BLOCK S BAUMGARDER RD,39.643681142011,-77.242901704259,Match
2500 BLOCK S BAUMGARDNER RD,39.643681142011,-77.242901704259,Match
2500 BLOCK SCRAVEL RD,39.539145323451,-77.584255085869,Match
2500 BLOCK SHELLEY CIR,39.446279657372,-77.448344779448,Match
"2500 BLOCK SHELLEY CIR 2B, Apt/Unit:2B",,,No Match
"2500 BLOCK SHELLEY CIR, Apt/Unit:15, RIDGEVIEW CONDOS - 2500 BLOCK SHELLEY CIR",39.446279657372,-77.448344779448,Match
"2500 BLOCK SHELLEY CIR, Apt/Unit:1B, RIDGEVIEW CONDOS - 2500 BLOCK SHELLEY CIR",39.446279657372,-77.448344779448,Match
"2500 BLOCK SHELLEY CIR, Apt/Unit:1C, RIDGEVIEW CONDOS",39.446279657372,-77.448344779448,Match
"2500 BLOCK SHELLEY CIR, Apt/Unit:2, RIDGEVIEW CONDOS - 2500 BLOCK SHELLEY CIR",39.446279657372,-77.448344779448,Match
"2500 BLOCK SHELLEY CIR, Apt/Unit:2-B, RIDGEVIEW CONDOS - 2500 BLOCK SHELLEY CIR",39.446279657372,-77.448344779448,Match
"2500 BLOCK SHELLEY CIR, Bldg:14, RIDGEVIEW CONDOS - 2500 BLOCK SHELLEY CIR",39.446279657372,-77.448344779448,Match
"2500 BLOCK SHELLEY CIR, Bldg:B, RIDGEVIEW CONDOS",39.446279657372,-77.448344779448,Match
"2500 BLOCK SHELLEY CIR, Bldg:B, RIDGEVIEW CONDOS - 2500 BLOCK SHELLEY CIR",39.446279657372,-77.448344779448,Match
"2500 BLOCK SHELLEY CIR, RIDGEVIEW CONDOS - 2500 BLOCK SHELLEY CIR",39.446279657372,-77.448344779448,Match
"2500 BLOCK STATION RD, Bldg:B",39.476096018701,-77.582351211468,Match
2500 BLOCK URBANA PIKE,39.30320671993,-77.321170950962,Match
2500 BLOCK VANCE DR,39.445021739359,-77.085083031136,Match
2500 BLOCK W BOSS ARNOLD RD,39.327650551903,-77.582793552544,Match
"2500 BLOCK WATERSIDE DR, Apt/Unit:203, PARK PLACE II WORMANS MILL",39.45606406318,-77.3866912591,Match
"2500 BLOCK WATERSIDE DR, Apt/Unit:211, PARK PLACE II - WORMANS MILL",39.45606406318,-77.3866912591,Match
"2500 BLOCK WATERSIDE DR, PARK PLACE I - WORMANS MILL",39.45606406318,-77.3866912591,Match
"2500 BLOCK WATERSIDE DR, PARK PLACE I WORMANS MILL",39.45606406318,-77.3866912591,Match
"2500 BLOCK WATERSIDE DR, PARK PLACE II - WORMANS MILL",39.45606406318,-77.3866912591,Match
"2500 BLOCK WATERSIDE DR, PARK PLACE II WORMANS MILL",39.45606406318,-77.3866912591,Match
2500 BLOCKB STATION RD,,,No Match
25000 BLOCK LAKE WASTLER DR,,,No Match
25000 BLOCK WOODFIELD SCHOOL RD,39.267073163895,-77.178861476237,Match
25100 BLOCK OLD HUNDRED RD,39.267975373763,-77.340618116588,Match
25200 BLOCK CONRAD CT,39.269510256693,-77.207403357988,Match
25200 BLOCK PEACH TREE RD,39.269948257137,-77.322083336372,Match
25300 BLOCK BURNT HILL RD,,,No Match
25300 BLOCK LYNWOOD FARM CT,39.271158317822,-77.30779346914,Match
25300 BLOCK MILITARY RD,39.710646620557,-77.484594990815,Match
25400 BLOCK OLD HUNDRED RD,39.27272505387,-77.338854724873,Match
25500 BLOCK MILITARY RD,39.716631473277,-77.479084556451,Match
25500 BLOCK OAK DR,39.274834204369,-77.216777013434,Match
"25600 BLOCK FREDERICK RD, CHRISTIAN CEMETARY",39.274893164992,-77.310844527568,Match
25600 BLOCK OLD HUNDRED RD,39.275008659255,-77.337068479425,Match
25700 BLOCK BURNT HILL RD,,,No Match
"25700 BLOCK OLD HUNDRED RD IAO, IAO",,,No Match
"25700 BLOCK OLD HUNDRED RD OLD HUNDRED RD EB AT I270, OLD HUNDRED RD EB AT I270",,,No Match
"25700 BLOCK OLD HUNDRED RD OLD HUNDRED RD WB AT I270, OLD HUNDRED RD WB AT I270",,,No Match
"25800 BLOCK FREDERICK RD STATION 709, STATION 709",,,No Match
25900 BLOCK LA SALLE CT,39.281496224869,-77.204018904084,Match
"25900 BLOCK RIDGE RD DAMASCUS HS MCPS, DAMASCUS HS MCPS",,,No Match
2600 BLOCK BACKACRE CIR,,,No Match
2600 BLOCK BEAR DEN RD,39.454876463504,-77.388637281965,Match
2600 BLOCK BLAZING STAR ST,,,No Match
2600 BLOCK BROOK VALLEY RD,39.461505046822,-77.389703009156,Match
2600 BLOCK BUCKEYSTOWN PIKE,,,No Match
"2600 BLOCK BUCKEYSTOWN PIKE, IAO VIA RAPID LOCATION",,,No Match
2600 BLOCK CAMERON WAY,39.455237502126,-77.391648539917,Match
2600 BLOCK CAULFIELD CT,39.457247791354,-77.389506307788,Match
2600 BLOCK EGRET WAY,39.44835048503,-77.396348180408,Match
"2600 BLOCK EMMITSBURG RD, ASPIRE HOTEL",,,No Match
"2600 BLOCK EMMITSBURG RD, Apt/Unit:2, DEVONSHIRE VILLAGE APARTMENTS",,,No Match
"2600 BLOCK EMMITSBURG RD, EISENHOWER HOTEL",,,No Match
2600 BLOCK FRONT SHED DR,,,No Match
2600 BLOCK HERB SHED WAY,,,No Match
2600 BLOCK INWOOD DR,39.304929195716,-77.470690519351,Match
2600 BLOCK LYDIA CT,39.306031338159,-77.460480714152,Match
2600 BLOCK MARKER RD,39.452118306219,-77.580570489407,Match
2600 BLOCK MILT SUMMERS RD,,,No Match
2600 BLOCK MONOCACY FORD RD,39.461511837138,-77.385998154172,Match
2600 BLOCK MOSBY CT,39.456788386312,-77.391572636447,Match
2600 BLOCK OSPREY WAY,39.449538400128,-77.396938988817,Match
2600 BLOCK S EVERLY DR,39.45379727554,-77.391644611701,Match
2600 BLOCK W LIBERTY RD,39.262402394119,-76.519221840572,Match
"2600 BLOCK W LIBERTY RD, VANESSAS PUB",39.262402394119,-76.519221840572,Match
"26000 BLOCK BRIGADEER PL, Apt/Unit:B",39.283767117631,-77.202673798224,Match
26000 BLOCK FREDERICK RD,39.28274470808,-77.315128999388,Match
"26000 BLOCK WOODFIELD RD PERRYWOOD APTS, PERRYWOOD APTS",,,No Match
26100 BLOCK PURDUM RD,39.284478023582,-77.240607821395,Match
"26100 BLOCK RIDGE RD STARBUCKS RIDGE RD, STARBUCKS RIDGE RD",,,No Match
26100 BLOCK RUDALE DR,39.283540361642,-77.28415903286,Match
26100 BLOCK VIEWLAND DR,39.284457307644,-77.183898805394,Match
26200 BLOCK MULLINIX MILL RD,39.285273873795,-77.169294123896,Match
26300 BLOCK FOREST VISTA DR,39.288186735915,-77.297691977309,Match
"26300 BLOCK RIDGE RD, STATION MC713 - DAMASCUS",39.288476185797,-77.204462241426,Match
"26300 BLOCK WOODFIELD RD WOODFIELD COMMONS APTS, WOODFIELD COMMONS APTS",,,No Match
"26300 BLOCK WOODFIELD ROAD, Apt/Unit:408",39.287738297558,-77.201778078303,Match
26300 BLOCK(27689) BLK RIDGE RD,,,No Match
26300 BLOCK(28020) BLK RIDGE RD,,,No Match
26400 BLOCK AIKEN DR,39.289896932206,-77.288110905635,Match
26400 BLOCK FOREST VISTA DR,39.289301337324,-77.297743403548,Match
26400 BLOCK SIR JAMIE TER,,,No Match
26500 BLOCK AIKEN DR,39.291183432735,-77.289311140422,Match
26600 BLOCK CURDUM RD,,,No Match
26600 BLOCK HANEY AVE,39.293020633688,-77.230528131489,Match
26600 BLOCK RIDGE RD,39.292099313616,-77.205037747755,Match
26700 BLOCK HANEY AVE,39.294938026614,-77.227588782296,Match
"2700 BLOCK ADAMS ST, STATION 14",39.309162468089,-77.476138025361,Match
2700 BLOCK BILL DORSEY BLVD,39.305322909145,-77.478048779012,Match
2700 BLOCK BLUEGRASS WAY,,,No Match
"2700 BLOCK BLUEGRASS WAY, KELLERTON EDITION",,,No Match
2700 BLOCK CAMOMILE DR W,,,No Match
2700 BLOCK CANADA HILL RD,39.517503127854,-77.577715818708,Match
2700 BLOCK DECATUR DR,,,No Match
2700 BLOCK EGRET WAY,39.449170144653,-77.397392675172,Match
2700 BLOCK FLINTRIDGE DR,39.514523101436,-77.575848548459,Match
2700 BLOCK GARDEN GATE CIR,,,No Match
2700 BLOCK HILLFIELD DR,,,No Match
2700 BLOCK HILLSIDE CT,39.309677654515,-77.275133950278,Match
2700 BLOCK LANDER RD,39.305719426107,-77.556395801307,Match
2700 BLOCK LOCH HAVEN DR,39.308850690298,-77.270029114999,Match
2700 BLOCK LYNN ST,39.304275999434,-77.384348658641,Match
"2700 BLOCK MONOCACY BLVD, CLERESTORY PARK",,,No Match
2700 BLOCK MOON SHOT LN,,,No Match
2700 BLOCK OSPREY WAY,,,No Match
2700 BLOCK PARK MILLS RD,,,No Match
"2700 BLOCK PARK MILLS RD, IAO",,,No Match
2700 BLOCK POFFENBERGER RD,39.387173188699,-77.575145860009,Match
"2700 BLOCK POFFENBERGER RD, Bldg:A",39.387173188699,-77.575145860009,Match
"2700 BLOCK RODERICK RD, THE RANCH",39.304067281224,-77.388108704457,Match
2700 BLOCK WASHINGTON ST,39.308990627924,-77.476806111643,Match
2700 BLOCK WOLFE DR,39.324293118425,-77.57779331879,Match
"2700 BLOCK WOLFE DR, IN FRONT OF",39.324293118425,-77.57779331879,Match
27000 BLOCK RIDGE RD,39.298536646618,-77.202251261685,Match
"27000 BLOCK RIDGE RD REDEEMER LUTH CHURCH, REDEEMER LUTH CHURCH",,,No Match
27100 BLOCK FAMILY TER,39.301296446956,-77.194560216442,Match
"27100 BLOCK PURDUM RD IAO, IAO",,,No Match
27200 BLOCK RIDGE RD,39.301865420972,-77.19759924177,Match
27300 BLOCK CLARKSBURG RD,39.304457742347,-77.254744725055,Match
27300 BLOCK RIDGE RD,39.30426017362,-77.197705012621,Match
27400 BLOCK CLARKSBURG RD,39.306925760327,-77.248727975191,Match
27600 BLOCK RIDGE RD,39.309230849161,-77.197784261745,Match
27700 BLOCK BARNES RD,,,No Match
27800 BLOCK RIDGE RD,39.311842753672,-77.198141760054,Match
27900 BLOCK BARNES RD,39.312429856425,-77.254564726479,Match
27900 BLOCK BARNES RD S,39.312429856425,-77.254564726479,Match
2800 BLOCK BEAR RUN RD,,,No Match
2800 BLOCK BELLE HOLLOW CT,39.304770798234,-77.011674876764,Match
"2800 BLOCK BUCKEYSTOWN PIKE, AT THE CONSTRUCTION SITE",,,No Match
2800 BLOCK CAMOMILE DR E,,,No Match
2800 BLOCK CARONE DR,39.345103135332,-77.570116796062,Match
2800 BLOCK CHEVY CHASE CIR,39.345485197695,-77.572104184528,Match
"2800 BLOCK DECATUR DR, GREEN HILL PARK",,,No Match
"2800 BLOCK DECATUR DR, GREEN HILL PARK - GREEN HILL MANOR",,,No Match
2800 BLOCK FENCE ROW LN,,,No Match
2800 BLOCK FRY RD,,,No Match
2800 BLOCK GRANDVIEW DR,39.446951141261,-77.572644835591,Match
2800 BLOCK HADDINGTON CT,39.310267931112,-77.465913028091,Match
2800 BLOCK HEARTLAND CIR,,,No Match
2800 BLOCK IVY MEADOW CT,,,No Match
2800 BLOCK JEFFERSON PIKE,39.357806166399,-77.572898311823,Match
2800 BLOCK MARKER RD,39.451298195797,-77.57270179741,Match
2800 BLOCK MILL ISLAND PKWY,39.46156308214,-77.385917485339,Match
2800 BLOCK PARK MILLS RD,39.311472991923,-77.39969444131,Match
2800 BLOCK POFFENBERGER RD,39.384916301996,-77.570581196871,Match
2800 BLOCK POINT OF ROCKS RD,39.334558823686,-77.571975349605,Match
2800 BLOCK SHAFF RD,39.392596372572,-77.651317105018,Match
2800 BLOCK THURSTON RD,39.310676958628,-77.362478230042,Match
2800 BLOCK TOBY LN,,,No Match
2800 BLOCK TRACT RD,,,No Match
2800 BLOCK WARD KLINE RD,39.536195949189,-77.576620659779,Match
2800 BLOCK WAYNESBORO PIKE,,,No Match
2800 BLOCK WILDWOOD CT,39.471548981025,-77.35984394143,Match
"2800 BLOCK WILDWOOD CT, Bldg:A",39.471548981025,-77.35984394143,Match
2800 BLOCKA MONUMENT RD,,,No Match
28000 BLOCK RIDGE RD,39.314473047263,-77.198210304112,Match
28100 BLOCK RIDGE RD,39.315786788049,-77.198198739411,Match
28200 BLOCK HONEYSUCKLE DR,39.31946861318,-77.210129022991,Match
28400 BLOCK HONEYSUCKLE DR,39.32229923893,-77.21002948439,Match
28500 BLOCK CLARKSBURG RD,39.324158412539,-77.229416956019,Match
28600 BLOCK CLARKSBURG RD,,,No Match
"28600 BLOCK(28310) BLK CLARKSBURG RD, Apt/Unit:2",,,No Match
28600 BLOCK(28412) BLK CLARKSBURG RD,,,No Match
"28800 BLOCK KEMPTOWN RD STONE SILO BREWERY, STONE SILO BREWERY",,,No Match
28900 BLOCK KEMPTOWN RD,39.32958786639,-77.214444500311,Match
28900 BLOCK(28607) BLK KEMPTOWN RD,,,No Match
2900 BLOCK BIDLE RD,39.435868283062,-77.56979327207,Match
2900 BLOCK BRUBECK TER,39.314366273003,-77.266657870349,Match
2900 BLOCK BUCKEYSTOWN PIKE,,,No Match
2900 BLOCK CARAWAY DR,,,No Match
2900 BLOCK FENCE BUSTER CT,,,No Match
2900 BLOCK GREEN VALLEY RD,,,No Match
2900 BLOCK GREENHILL CT,39.312929016193,-77.299751882525,Match
2900 BLOCK HERB GARDEN DR,,,No Match
2900 BLOCK IVY MEADOW DR,,,No Match
2900 BLOCK KLING CT,,,No Match
"2900 BLOCK LANDER RD, IN FRONT OF",39.315049643976,-77.558509874853,Match
2900 BLOCK MILL ISLAND PKWY,39.461791410548,-77.384434349048,Match
2900 BLOCK MONOCACY BOTTOM RD,,,No Match
2900 BLOCK OLD NATIONAL PIKE,39.454603141513,-77.570307643092,Match
2900 BLOCK OSPREY WAY,39.452052496675,-77.397701165394,Match
"2900 BLOCK PRICES DISTILLERY RD, ANIMAL HOSPITAL GREEN VALLEY",39.312614089729,-77.298006885334,Match
"2900 BLOCK PRICES DISTILLERY RD, GREEN VALLEY ANIMAL HOSPITAL",39.312614089729,-77.298006885334,Match
2900 BLOCK RODERICK RD,39.312479608782,-77.380589568103,Match
"2900 BLOCK RODERICK RD, MOUNTAINSIDE DAY CAMP",39.312479608782,-77.380589568103,Match
"2900 BLOCK SUMANTOWN RD, CATOCTIN CREEK PARK & NATURE CENTER",39.395306471847,-77.562361494759,Match
2900 BLOCK THURSTON RD,39.315114581889,-77.361638692875,Match
"2900 BLOCK URBANA PIKE, FRANKLIN LIQUORS",39.312431374511,-77.328015214947,Match
2900 BLOCK WARD KLINE RD,39.533927913647,-77.570827466199,Match
300 BLOCK APPLES CHURCH RD,39.628963378944,-77.397614026404,Match
"300 BLOCK AVIATION WAY, AIRPORT TERMINAL BLDG - FREDERICK REGIONAL AIRPORT",39.415567650893,-77.380406072312,Match
"300 BLOCK AVIATION WAY, FREDERICK AIRPORT TERMINAL - FREDERICK REGIONAL AIRPORT",39.415567650893,-77.380406072312,Match
"300 BLOCK AVIATION WAY, LANDMARK AVIATION - FREDERICK REGIONAL AIRPORT",39.415567650893,-77.380406072312,Match
"300 BLOCK AVIATION WAY, RUNWAY 23 - FREDERICK REGIONAL AIRPORT",39.415567650893,-77.380406072312,Match
300 BLOCK BALLENGER CENTER DR,39.395622695444,-77.436671866684,Match
"300 BLOCK BALLENGER CENTER DR, AUTUMN LAKE HEALTHCARE AT BALLENGER",39.395622695444,-77.436671866684,Match
"300 BLOCK BALLENGER CENTER DR, Apt/Unit:105, WOODSPRING SUITES",39.395622695444,-77.436671866684,Match
"300 BLOCK BALLENGER CENTER DR, Apt/Unit:111, WOODSPRING SUITES",39.395622695444,-77.436671866684,Match
"300 BLOCK BALLENGER CENTER DR, Apt/Unit:123, WOODSPRING SUITES - BALLENGER CREEK CENTER",39.395622695444,-77.436671866684,Match
"300 BLOCK BALLENGER CENTER DR, Apt/Unit:130, WOODSPRING SUITES",39.395622695444,-77.436671866684,Match
"300 BLOCK BALLENGER CENTER DR, BALLENGER CREEK CENTER",39.395622695444,-77.436671866684,Match
"300 BLOCK BALLENGER CENTER DR, CVS PHARMACY",39.395622695444,-77.436671866684,Match
"300 BLOCK BALLENGER CENTER DR, CVS PHARMACY - BALLENGER CENTER DR",39.395622695444,-77.436671866684,Match
"300 BLOCK BALLENGER CENTER DR, FREDERICK NEWS POST - 300 BLOCK BALLENGER CENTER DR",39.395622695444,-77.436671866684,Match
"300 BLOCK BALLENGER CENTER DR, KINDERCARE LEARNING CENTER",39.395622695444,-77.436671866684,Match
"300 BLOCK BALLENGER CENTER DR, LIGHT BRIDGE ACADEMY",39.395622695444,-77.436671866684,Match
"300 BLOCK BALLENGER CENTER DR, LIGHTBRIDGE ACCADEMY",39.395622695444,-77.436671866684,Match
"300 BLOCK BALLENGER CENTER DR, TACO BELL - BALLENGER CENTER DR",39.395622695444,-77.436671866684,Match
"300 BLOCK BALLENGER CENTER DR, THE BALLENGER GROUP",39.395622695444,-77.436671866684,Match
"300 BLOCK BALLENGER CENTER DR, WOODSPRING SUITES",39.395622695444,-77.436671866684,Match
"300 BLOCK BALLENGER CENTER DR, WOODSPRING SUITES - BALLENGER CREEK CENTER",39.395622695444,-77.436671866684,Match
"300 BLOCK BALLENGER CENTER DR, WOODSPRING SUITES BALLENGER CREEK CENTER",39.395622695444,-77.436671866684,Match
"300 BLOCK BALLENGER CENTER DR, WOODSPRING SUITES FREDERICK",39.395622695444,-77.436671866684,Match
"300 BLOCK BAUGHMANS LN, DREAMERS COVE APTS",39.426250273859,-77.436304678507,Match
"300 BLOCK BAUGHMANS LN, STATION 1",39.426250273859,-77.436304678507,Match
"300 BLOCK BAUGHMANS LN, STATION 31",39.426250273859,-77.436304678507,Match
300 BLOCK BICTON COMMONS DR,39.425955045068,-77.458846925691,Match
300 BLOCK BIRMINGHAM CT,,,No Match
"300 BLOCK BOYLES ST, NCI - BLDG 300 BLOCK",,,No Match
300 BLOCK BRAEBURN DR,39.484379350636,-77.332613865247,Match
300 BLOCK BROADWAY ST,,,No Match
300 BLOCK CARROLL AVE,,,No Match
"300 BLOCK CARROLL PKWY, PARKWAY ELEMENTARY SCHOOL",39.414890796266,-77.418484599181,Match
300 BLOCK CATOCTIN AVE,39.410118242591,-77.426332083807,Match
"300 BLOCK CATOCTIN AVE, ROLLINS LIFE CELEBRATION CENTER",39.410118242591,-77.426332083807,Match
300 BLOCK CENTER ST,,,No Match
300 BLOCK CHAPEL ALY,39.417684370612,-77.407128772361,Match
"300 BLOCK CHAPEL CT, GLADETOWN CONDOS - 300 BLOCK CHAPEL CT",39.48417099596,-77.341969633563,Match
"300 BLOCK CHICK RD, RIGHT BEFORE WHERE CHICK CROSSES AND MONOCACY RIVER",,,No Match
300 BLOCK COPPER OAKS DR,,,No Match
"300 BLOCK CORMORANT PL, Apt/Unit:1103, THE RETREAT AT MARKET SQUARE",39.449541231214,-77.396729160101,Match
"300 BLOCK CORMORANT PL, Apt/Unit:1108, THE RETREAT AT MARKET SQUARE",39.449541231214,-77.396729160101,Match
"300 BLOCK CORMORANT PL, Apt/Unit:1307, THE RETREAT AT MARKET SQUARE",39.449541231214,-77.396729160101,Match
"300 BLOCK CORMORANT PL, Bldg:1000/2000",39.449541231214,-77.396729160101,Match
"300 BLOCK CORMORANT PL, THE RETREAT AT MARKET SQUARE",39.449541231214,-77.396729160101,Match
300 BLOCK CROWN POINT DR,,,No Match
"300 BLOCK CROWN POINT DR, BLOOMFIELD CLUBHOUSE",,,No Match
"300 BLOCK CUMMINGS DR, BRUNSWICK MIDDLE SCHOOL",,,No Match
300 BLOCK DELAWARE RD,39.427863437591,-77.403045702432,Match
300 BLOCK E CHURCH ST,,,No Match
"300 BLOCK E LINCOLN AVE, DAUGHTERS OF CHARITY CONVENT HOUSE",,,No Match
300 BLOCK E MAIN ST,,,No Match
300 BLOCK E POTOMAC ST,39.603282580378,-77.810124499881,Match
300 BLOCK E SECOND ST,39.416170608319,-77.405015626233,Match
300 BLOCK E THIRD ST,,,No Match
300 BLOCK E THOMAS ST,39.567400357969,-77.173928150059,Match
300 BLOCK E WAINSCOT DR,39.385858700446,-77.269370119004,Match
300 BLOCK FALLSWORTH PL,39.489106369274,-77.330505961109,Match
300 BLOCK FIELDPOINTE BLVD,39.401821597511,-77.419091136654,Match
"300 BLOCK FIELDPOINTE BLVD, Bldg:A, Apt/Unit:104",39.401821597511,-77.419091136654,Match
"300 BLOCK FIELDPOINTE BLVD, Bldg:B, Apt/Unit:102",39.401821597511,-77.419091136654,Match
"300 BLOCK FIELDPOINTE BLVD, FIELDPOINTE APTS - 300 BLOCK PROSPECT BLVD",39.401821597511,-77.419091136654,Match
"300 BLOCK FRANKLIN ST, Bldg:E, MIDDLETOWN VALLEY APARTMENTS - 300 BLOCK FRANKLIN ST",,,No Match
"300 BLOCK FRANKLIN ST, Bldg:E, MIDDLETOWN VALLEY APTS",,,No Match
300 BLOCK FURGESON LN,,,No Match
300 BLOCK GREEN RIDGE RD,38.695315425958,-75.779152985921,Match
300 BLOCK HAMMERSMITH CIR,,,No Match
"300 BLOCK HIGHVIEW TER, Apt/Unit:204, FIELDPOINTE APARTMENTS",39.402184473231,-77.420051111567,Match
"300 BLOCK HIGHVIEW TER, Bldg:B, Apt/Unit:204, FIELDPOINTE APARTMENTS",39.402184473231,-77.420051111567,Match
300 BLOCK INGALLS DR,,,No Match
300 BLOCK KENWOOD CT,39.489910666185,-77.330102609145,Match
300 BLOCK LANAFIELD CIR,39.519774295589,-77.650127117194,Match
300 BLOCK MADISON ST,39.409234600045,-77.417645217215,Match
"300 BLOCK MAIN ST, STATION 8",,,No Match
300 BLOCK MANOR CT,39.408131371145,-77.421429424401,Match
300 BLOCK MARQUIS ST,,,No Match
"300 BLOCK MILL POND RD, Apt/Unit:A",39.448531140312,-77.395507845396,Match
"300 BLOCK MILLER DR, NCI - BLDG 363",,,No Match
"300 BLOCK MONTEVUE LN, BOURNE BUILDING",39.432013249667,-77.441089096422,Match
"300 BLOCK MONTEVUE LN, COUNTY HEALTH DEPARTMENT",39.432013249667,-77.441089096422,Match
"300 BLOCK MONTEVUE LN, MENTAL HEALTH ASSOCIATION",39.432013249667,-77.441089096422,Match
"300 BLOCK MONTEVUE LN, SRISAI BIOPHARMACEUTICAL SOLUTIONS",39.432013249667,-77.441089096422,Match
300 BLOCK MOUNTAIN LN,39.331776238415,-77.661937736593,Match
300 BLOCK MOUNTAINEERS WAY,39.701084060262,-77.330145302461,Match
300 BLOCK N COLLEGE PKWY,39.418443705429,-77.418328064951,Match
300 BLOCK N DELAWARE AVE,39.315908949449,-77.62991335323,Match
"300 BLOCK N EAST ST, ROSEDALE ICE COMPANY",,,No Match
300 BLOCK N MAIN ST,,,No Match
300 BLOCK N MARKET ST,39.417882789375,-77.41042320238,Match
"300 BLOCK N MARKET ST, Apt/Unit:C",39.417882789375,-77.41042320238,Match
"300 BLOCK N MARKET ST, Apt/Unit:D",39.417882789375,-77.41042320238,Match
"300 BLOCK N MARKET ST, Apt/Unit:E",39.417882789375,-77.41042320238,Match
"300 BLOCK N MARKET ST, GALE HOUSE",39.417882789375,-77.41042320238,Match
"300 BLOCK N MARKET ST, OLDE TOWN TAVERN",39.417882789375,-77.41042320238,Match
"300 BLOCK N MARKET ST, UP ON MARKET",39.417882789375,-77.41042320238,Match
300 BLOCK N MAXWELL AVE,39.41888558669,-77.408359362368,Match
300 BLOCK N SETON AVE,39.707090081158,-77.323919711536,Match
300 BLOCK NINTH AVE,39.313709108541,-77.613305909107,Match
300 BLOCK PACA GARDENS LN,,,No Match
300 BLOCK PARK AVE,,,No Match
300 BLOCK PATTERSON PARK RD,,,No Match
"300 BLOCK PEARSON BLVD, BOTH 300 BLOCK & 303",39.47218450385,-77.404793793898,Match
300 BLOCK PEMBERTON PARK LN,,,No Match
"300 BLOCK PINE AVE, AIR GAS",39.650697076585,-78.752201426016,Match
300 BLOCK PLAINVIEW AVE,39.375839080664,-77.16084349422,Match
300 BLOCK PLANK RD,,,No Match
300 BLOCK POTTING SHED WAY,,,No Match
300 BLOCK POULTNEY PL,39.386772504993,-77.269920344298,Match
300 BLOCK PROSPECT BLVD,39.401390563507,-77.42019405994,Match
"300 BLOCK PROSPECT BLVD, Bldg:A, Apt/Unit:A, CASCADES OF FREDERICK",39.401390563507,-77.42019405994,Match
"300 BLOCK PROSPECT BLVD, Bldg:A, CASCADES OF FREDERICK",39.401390563507,-77.42019405994,Match
"300 BLOCK PROSPECT BLVD, Bldg:A, FIELDPOINTE APARTMENTS",39.401390563507,-77.42019405994,Match
"300 BLOCK PROSPECT BLVD, Bldg:B, FIELDPOINTE APARTMENTS",39.401390563507,-77.42019405994,Match
"300 BLOCK PROSPECT BLVD, Bldg:B, FIELDPOINTE APTS - 300 BLOCK PROSPECT BLVD",39.401390563507,-77.42019405994,Match
"300 BLOCK PROSPECT BLVD, CASCADES OF FREDERICK",39.401390563507,-77.42019405994,Match
"300 BLOCK PROSPECT BLVD, FIELDPOINTE APTS - 342 HIGHVIEW TER",39.401390563507,-77.42019405994,Match
"300 BLOCK PROSPECT BLVD, FIELDPOINTE SWIMMING POOL",39.401390563507,-77.42019405994,Match
"300 BLOCK PROSPECT BLVD, PUBLIC STORAGE",39.401390563507,-77.42019405994,Match
"300 BLOCK PROSPECT BLVD, PUBLIC STORAGE - PROSPECT BLVD",39.401390563507,-77.42019405994,Match
300 BLOCK REDWOOD AVE,39.407693973869,-77.423591225693,Match
300 BLOCK S CHURCH ST,,,No Match
300 BLOCK S GEORGE ST,,,No Match
"300 BLOCK S JEFFERSON ST, OWLS CLUB - CARROLLTON",,,No Match
"300 BLOCK S JEFFERSON ST, SEVEN ELEVEN - CATOCTIN PARK",,,No Match
"300 BLOCK S JEFFERSON ST, THE CLEANING AUTHORITY - CARROLLTON",,,No Match
"300 BLOCK S JEFFERSON ST, WAFFLE HOUSE - CATOCTIN PARK",,,No Match
300 BLOCK S MAIN ST,,,No Match
"300 BLOCK S MAPLE AVE, BRUNSWICK BOAT RAMP",,,No Match
300 BLOCK S MARKET ST,39.407691267846,-77.411718319602,Match
300 BLOCK S SECOND ST,,,No Match
"300 BLOCK S SETON AVE, Apt/Unit:409, SETON VILLAGE APARTMENTS",39.701608470479,-77.328198165336,Match
"300 BLOCK S SETON AVE, Apt/Unit:APT 409, SETON VILLAGE APARTMENTS",39.701608470479,-77.328198165336,Match
"300 BLOCK S SETON AVE, Apt/Unit:OFC LEASE, SETON VILLAGE APARTMENTS",39.701608470479,-77.328198165336,Match
"300 BLOCK S SETON AVE, Bldg:A, EMMITSBURG COMMUNITY CENTER",39.701608470479,-77.328198165336,Match
"300 BLOCK S SETON AVE, Bldg:B, Apt/Unit:B, FREDERICK COUNTY FIRE MUSEUM",39.701608470479,-77.328198165336,Match
"300 BLOCK S SETON AVE, Bldg:B, FREDERICK COUNTY FIRE MUSEUM",39.701608470479,-77.328198165336,Match
"300 BLOCK S SETON AVE, DAUGHTERS OF CHARITY",39.701608470479,-77.328198165336,Match
"300 BLOCK S SETON AVE, EMMITSBURG ELEMENTARY SCHOOL",39.701608470479,-77.328198165336,Match
300 BLOCK SANDY HOOK RD,,,No Match
300 BLOCK SCHAFFER DR,39.425932053249,-77.44005833713,Match
300 BLOCK SECOND AVE,39.243985834887,-76.658558000132,Match
"300 BLOCK SELWYN DR, SUNSET VILLA - 300 BLOCK SELWYN DR",,,No Match
300 BLOCK SHRIVER RD,39.566773456852,-77.1730085254,Match
300 BLOCK SPRING BANK WAY,39.453481320047,-77.397663136448,Match
300 BLOCK STULL CT,,,No Match
300 BLOCK THOMAS AVE,,,No Match
"300 BLOCK TIPPIN DR, SUPER 8 MOTEL",39.615538871441,-77.421719215743,Match
"300 BLOCK TIPPIN DR, SUPER 8 MOTEL - THURMONT",39.615538871441,-77.421719215743,Match
300 BLOCK TOPPER RD,,,No Match
300 BLOCK UPPER COLLEGE TER,39.418003796844,-77.420615162405,Match
300 BLOCK VIOLET CT,39.367073372704,-77.158275615899,Match
300 BLOCK W B ST,39.31486730744,-77.630444298119,Match
300 BLOCK W C ST,39.31584056737,-77.630102979488,Match
300 BLOCK W COLLEGE TER,39.41812839276,-77.422340436977,Match
"300 BLOCK W FIFTH ST, GEORGETOWN HALL",39.420705246968,-77.416381628926,Match
"300 BLOCK W FIFTH ST, HOOD COLLEGE - ONICA PRALL CHILD DEVELOPMENT LABORATORY SCHOOL",39.420705246968,-77.416381628926,Match
300 BLOCK W GREEN ST,,,No Match
300 BLOCK W MAIN ST,,,No Match
"300 BLOCK W MAIN ST, Apt/Unit:88, CROWS NEST CAMPGROUND",,,No Match
"300 BLOCK W MAIN ST, Apt/Unit:UNIT HMOFC, WETZEL CPA",,,No Match
"300 BLOCK W MAIN ST, CROWS NEST CAMPGROUND",,,No Match
300 BLOCK W PATRICK ST,39.413081224582,-77.418286825236,Match
"300 BLOCK W PATRICK ST, Apt/Unit:B",39.413081224582,-77.418286825236,Match
300 BLOCK W SECOND ST,,,No Match
300 BLOCK W SEVENTH ST,,,No Match
300 BLOCK WALNUT ST,,,No Match
"300 BLOCK WARE DR, NCI - BLDG 300 BLOCK",39.317523276569,-76.611994246582,Match
300 BLOCK WESTVIEW DR,39.613437265893,-77.400130111652,Match
"300 BLOCK WESTVIEW DR, THURMONT LITTLE LEAGUE PARK",39.613437265893,-77.400130111652,Match
"300 BLOCK-B FIELDPOINTE BLVD, Apt/Unit:301",,,No Match
"300 BLOCKA HIGHVIEW TER, Bldg:9, FIELDPOINTE APTS - 300 BLOCK HIGHVIEW TER",,,No Match
300 BLOCKA PROSPECT BLVD,,,No Match
"300 BLOCKA PROSPECT BLVD, Apt/Unit:300 BLOCK",,,No Match
"300 BLOCKA PROSPECT BLVD, CASCADES OF FREDERICK",,,No Match
300 BLOCKA S SETON AVE,,,No Match
300 BLOCKB FIELDPOINTE BLVD,,,No Match
"300 BLOCKB FIELDPOINTE BLVD, Apt/Unit:2",,,No Match
300 BLOCKB MADISON ST,,,No Match
300 BLOCKB PROSPECT BLVD,,,No Match
"300 BLOCKB PROSPECT BLVD, Apt/Unit:102",,,No Match
"300 BLOCKB PROSPECT BLVD, Apt/Unit:302",,,No Match
300 BLOCKC FIELDPOINTE BLVD,,,No Match
3000 BLOCK ANNAS TER,39.460516349762,-77.388905382221,Match
3000 BLOCK BALLENGER CREEK PIKE,39.317073984129,-77.490952095158,Match
3000 BLOCK BASFORD RD,,,No Match
3000 BLOCK BLACK ROCK RD,,,No Match
"3000 BLOCK BLACK ROCK RD, Bldg:A",,,No Match
3000 BLOCK BUCKEYSTOWN PIKE,39.316687934022,-77.440834271811,Match
"3000 BLOCK BUCKEYSTOWN PIKE, BISHOP CLAGGETT CENTER",39.316687934022,-77.440834271811,Match
"3000 BLOCK BUCKEYSTOWN PIKE, IAO BISHOP CLAGGETT CENTER",39.316687934022,-77.440834271811,Match
"3000 BLOCK BUCKEYSTOWN PIKE, IAO OF CLAGGET BLDG",39.316687934022,-77.440834271811,Match
3000 BLOCK CHICKWEED PL,39.315997719071,-77.282174069703,Match
3000 BLOCK DESMOND PL,39.315259733636,-77.264586895957,Match
3000 BLOCK FLASH MARSH RD,,,No Match
3000 BLOCK FLINT HILL RD,39.315080203855,-77.398041438066,Match
3000 BLOCK GREEN VALLEY RD,39.315105058364,-77.295916380946,Match
"3000 BLOCK GREEN VALLEY RD, IAO",39.315105058364,-77.295916380946,Match
"3000 BLOCK GREEN VALLEY RD, IFO",39.315105058364,-77.295916380946,Match
"3000 BLOCK GREEN VALLEY RD, OUTSIDE UNLIMITED",39.315105058364,-77.295916380946,Match
3000 BLOCK HERB GARDEN DR,,,No Match
3000 BLOCK JACOBS GARDEN LN,39.459363187302,-77.385237397576,Match
3000 BLOCK LINDSEY CT,39.316019506647,-77.2831796535,Match
3000 BLOCK LOCKWOOD DR,39.478088009908,-77.561457425803,Match
"3000 BLOCK MILL ISLAND PKWY, Apt/Unit:408, MONTRACHET CONDOS - MILL ISLAND AT WORMANS MILL",39.458282027593,-77.387806954032,Match
"3000 BLOCK MILL ISLAND PKWY, PARK PLACE @ MILL ISLAND",39.458282027593,-77.387806954032,Match
3000 BLOCK OLD NATIONAL PIKE,39.452556567709,-77.566865221438,Match
3000 BLOCK PALATINE DR,39.459057835671,-77.38319799241,Match
3000 BLOCK POINT OF ROCKS RD,39.331193680491,-77.563181972685,Match
"3000 BLOCK POINT OF ROCKS RD, JUST PASSED LANDER RD",39.331193680491,-77.563181972685,Match
3000 BLOCK PRICES DISTILLERY RD,39.314559794041,-77.302389271668,Match
3000 BLOCK SANCTUARY LN,39.460093745974,-77.388043902737,Match
3000 BLOCK SUNDANCE WAY,39.316555437417,-77.370930778336,Match
3000 BLOCK SUNFLOWER DR,39.31580219229,-77.260706770778,Match
"3000 BLOCK THURSTON RD, GREENBRIER PET RESORT & VETERINARY CENTER",39.315949488309,-77.360793082536,Match
3000 BLOCK VENTRIE CT,39.49239288819,-77.56830998463,Match
3000 BLOCK WASATCH VIEW DR,39.316653048326,-77.370845954638,Match
3000 BLOCK(2298) BLK EMMITSBURG RD,,,No Match
3100 BLOCK BASFORD RD,39.317075951692,-77.516107895879,Match
3100 BLOCK BLACK ROCK RD,,,No Match
3100 BLOCK CEDAR GROVE TER,,,No Match
3100 BLOCK FLINT HILL RD,39.323283912144,-77.404384819356,Match
3100 BLOCK HERB GARDEN MEWS N,,,No Match
3100 BLOCK IVY MEADOW DR,,,No Match
3100 BLOCK JEFFERSON PIKE,39.35788429344,-77.561326722278,Match
3100 BLOCK LANDER RD,39.317443643142,-77.557960877438,Match
3100 BLOCK MISSION PEAK WAY,39.318833866977,-77.374978388595,Match
3100 BLOCK NEW DESIGN RD,,,No Match
"3100 BLOCK NEW DESIGN RD, IAO PH2",,,No Match
"3100 BLOCK OLD NATIONAL PIKE, POOLE & SONS EXCAVATING",39.449949349026,-77.561921202299,Match
3100 BLOCK PARK MILLS RD,39.316580405185,-77.394173824069,Match
"3100 BLOCK RIVERWALK PL, Apt/Unit:312, FAIRWAY VISTA APTS - 3100 BLOCK RIVERWALK PL",39.433184310275,-77.366457984898,Match
3100 BLOCK STONEHURST CT,39.711946359257,-77.338543078876,Match
3100 BLOCK URBANA PIKE,,,No Match
3100 BLOCK WAYESBORO PIKE,,,No Match
3100 BLOCK WAYNESBORO PIKE,,,No Match
3100 BLOCK WILL MIL TER,39.323016530878,-77.246335590641,Match
"3200 BLOCK BAKER CIR, Apt/Unit:3207, BUCKINGHAMS CHOICE",39.320719408078,-77.426052524843,Match
"3200 BLOCK BAKER CIR, Apt/Unit:34, BUCKINGHAMS CHOICE",39.320719408078,-77.426052524843,Match
"3200 BLOCK BAKER CIR, BUCKINGHAMS CHOICE",39.320719408078,-77.426052524843,Match
3200 BLOCK BASFORD RD,39.320694609631,-77.514940901528,Match
3200 BLOCK BENNETT CREEK AVE,39.324002808625,-77.352324397922,Match
"3200 BLOCK BENNETT CREEK AVE, AKIRA RAMEN & IZAKAYA - VILLAGE SQUARE",39.324002808625,-77.352324397922,Match
"3200 BLOCK BENNETT CREEK AVE, BUILDING 2",39.324002808625,-77.352324397922,Match
"3200 BLOCK BENNETT CREEK AVE, Bldg:A, CHIPOTLE",39.324002808625,-77.352324397922,Match
"3200 BLOCK BENNETT CREEK AVE, LEGAL AND GENERAL AMERICA",39.324002808625,-77.352324397922,Match
"3200 BLOCK BENNETT CREEK AVE, MANINA - VILLAGE SQUARE",39.324002808625,-77.352324397922,Match
"3200 BLOCK BENNETT CREEK AVE, URBANA RETAIL",39.324002808625,-77.352324397922,Match
3200 BLOCK BIDLE RD,39.437389139432,-77.556552821435,Match
"3200 BLOCK CAMPUS DR, URBANA WATER TOWER",,,No Match
"3200 BLOCK CENTENNIAL WAY, Apt/Unit:311, URBAN GREEN APARTMENTS - 3200 BLOCK CENTENNIAL WAY",39.321847984135,-77.345277277373,Match
"3200 BLOCK CENTENNIAL WAY, Bldg:2, URBAN GREEN APARTMENTS - 3200 BLOCK CENTENNIAL WAY",39.321847984135,-77.345277277373,Match
"3200 BLOCK CENTENNIAL WAY, URBAN GREEN APARTMENTS - 3200 BLOCK CENTENNIAL WAY",39.321847984135,-77.345277277373,Match
3200 BLOCK DIGITAL DR,,,No Match
"3200 BLOCK DIGITAL DR, Bldg:A",,,No Match
"3200 BLOCK DIGITAL DR, Bldg:C",,,No Match
"3200 BLOCK DIGITAL DR, Bldg:F",,,No Match
3200 BLOCK FLINT HILL RD,,,No Match
3200 BLOCK GERANIUM CT,39.320990601288,-77.42838166197,Match
3200 BLOCK GRAYMARSH CT,39.318607706137,-77.283374052808,Match
"3200 BLOCK GREEN VALLEY RD, FRIENDS MEETING SCHOOL",39.321051182798,-77.283986660421,Match
3200 BLOCK HYDE PARK CT,39.323467116156,-77.42464443834,Match
3200 BLOCK IVY MEADOW DR,,,No Match
3200 BLOCK KEMPTOWN CHURCH RD,39.322244996304,-77.244192190223,Match
3200 BLOCK MAR-LU-RIDGE RD,39.317382549963,-77.530597874751,Match
3200 BLOCK PARK MILLS RD,39.322925628061,-77.389415913034,Match
3200 BLOCK PRICES DISTILLERY RD,39.316371691766,-77.30390255765,Match
3200 BLOCK RODERICK RD,39.321597269776,-77.372175140855,Match
"3200 BLOCK SAMS CREEK RD, IAO",39.499456204993,-77.110382595315,Match
3200 BLOCK SIDE TRACT DR,,,No Match
3200 BLOCK STONE BARN DR,39.330064195877,-77.360118315456,Match
3200 BLOCK SUNRISE DR,39.315031724886,-77.558375239093,Match
3200 BLOCK THORNAPPLE DR,38.983208889858,-77.064384908157,Match
3200 BLOCK WARD KLINE RD,39.528413083989,-77.560247083263,Match
3300 BLOCK BIG WOODS RD,39.323545232241,-77.323213803011,Match
3300 BLOCK BLK SIGLER RD,,,No Match
3300 BLOCK BRETHREN CHURCH RD,39.50245234441,-77.554847177208,Match
"3300 BLOCK BRETHREN CHURCH RD, AT MAILBOX",39.50245234441,-77.554847177208,Match
"3300 BLOCK CENTENNIAL WAY, Apt/Unit:406, URBAN GREEN APARTMENTS - 3300 BLOCK CENTENNIAL WAY",39.324904369346,-77.346005979286,Match
"3300 BLOCK CENTENNIAL WAY, Apt/Unit:BLDG 5, URBAN GREEN APARTMENTS - 3300 BLOCK CENTENNIAL WAY",39.324904369346,-77.346005979286,Match
"3300 BLOCK CENTENNIAL WAY, Bldg:5, URBAN GREEN APARTMENTS",39.324904369346,-77.346005979286,Match
"3300 BLOCK CENTENNIAL WAY, Bldg:5, URBAN GREEN APARTMENTS - 3300 BLOCK CENTENNIAL WAY",39.324904369346,-77.346005979286,Match
"3300 BLOCK CENTENNIAL WAY, URBAN GREEN APARTMENTS - 3300 BLOCK CENTENNIAL WAY",39.324904369346,-77.346005979286,Match
3300 BLOCK DIGITAL DR,,,No Match
"3300 BLOCK DIGITAL DR, Bldg:BWI 150 D, ROWEN DATA CENTER",,,No Match
"3300 BLOCK DIGITAL DR, Bldg:D, ROWEN DATA CENTER BWI 150",,,No Match
3300 BLOCK ECLIPSE DR,39.317401631035,-77.557808488855,Match
3300 BLOCK EMMITSBURG RD,,,No Match
"3300 BLOCK FIREFLY LN, WOODLANDS AT URBANA",,,No Match
3300 BLOCK FLINT HILL RD,39.323283912144,-77.404384819356,Match
"3300 BLOCK GALENA DR, Apt/Unit:106",39.324763007207,-77.346229468727,Match
"3300 BLOCK GALENA DR, Apt/Unit:206, URBAN GREEN APARTMENTS - 3300 BLOCK GALENA DR",39.324763007207,-77.346229468727,Match
"3300 BLOCK GALENA DR, Apt/Unit:211, URBAN GREEN APARTMENTS - 3300 BLOCK GALENA DR",39.324763007207,-77.346229468727,Match
"3300 BLOCK GALENA DR, Apt/Unit:7, URBAN GREEN APARTMENTS - 3300 BLOCK GALENA DR",39.324763007207,-77.346229468727,Match
"3300 BLOCK GALENA DR, Apt/Unit:8, URBAN GREEN APARTMENTS - 3300 BLOCK GALENA DR",39.324763007207,-77.346229468727,Match
"3300 BLOCK GALENA DR, Bldg:7, URBAN GREEN APARTMENTS",39.324763007207,-77.346229468727,Match
"3300 BLOCK GALENA DR, Bldg:7, URBAN GREEN APARTMENTS - 3300 BLOCK GALENA DR",39.324763007207,-77.346229468727,Match
"3300 BLOCK GALENA DR, Bldg:8, URBAN GREEN APARTMENTS - 3300 BLOCK GALENA DR",39.324763007207,-77.346229468727,Match
"3300 BLOCK GALENA DR, URBAN GREEN APARTMENTS",39.324763007207,-77.346229468727,Match
"3300 BLOCK GALENA DR, URBAN GREEN APARTMENTS - 3300 BLOCK GALENA DR",39.324763007207,-77.346229468727,Match
"3300 BLOCK GALENA DR, URBAN GREEN APARTMENTS OFFICE",39.324763007207,-77.346229468727,Match
3300 BLOCK HARPERS FERRY RD,39.404811949267,-77.720843712295,Match
3300 BLOCK HAWKS HILL RD,39.536966414294,-77.114317419741,Match
3300 BLOCK IVY MEADOW DR,,,No Match
3300 BLOCK KEATS CT,39.326062773836,-77.282855176056,Match
3300 BLOCK KEMPTOWN CHURCH RD,39.324186829904,-77.242803098695,Match
3300 BLOCK KNOLLS PKWY,39.316745978176,-77.28104475033,Match
3300 BLOCK PARK MILLS RD,39.324486573157,-77.38804720631,Match
3300 BLOCK POINT OF ROCKS RD,39.328230750921,-77.554253674917,Match
3300 BLOCK PURPLE SAGE MEWS,,,No Match
3300 BLOCK RODERICK RD,39.324242612963,-77.370359600462,Match
3300 BLOCK ROY SHAFER RD,,,No Match
3300 BLOCK SAMS CREEK RD,39.499374714307,-77.112026328665,Match
3300 BLOCK SUNSET RIDGE DR,,,No Match
3300 BLOCK URBANA PIKE,39.322347737986,-77.339814113743,Match
"3300 BLOCK URBANA PIKE, PRIMARY CARE ASSOCIATES - 3300 BLOCK URBANA PIKE",39.322347737986,-77.339814113743,Match
3300 BLOCK WORTHINGTON BLVD,39.326184613441,-77.343914083144,Match
"3300 BLOCK WORTHINGTON BLVD, CVS PHARMACY",39.326184613441,-77.343914083144,Match
"3300 BLOCK WORTHINGTON BLVD, IFO BLACK HOG BBQ & BAR - URBANA",39.326184613441,-77.343914083144,Match
"3300 BLOCK WORTHINGTON BLVD, JIMMY JOHNS",39.326184613441,-77.343914083144,Match
"3300 BLOCK WORTHINGTON BLVD, LEDO PIZZA",39.326184613441,-77.343914083144,Match
"3300 BLOCK WORTHINGTON BLVD, URBANA DANCE STUDIO",39.326184613441,-77.343914083144,Match
"3300 BLOCK WORTHINGTON BLVD, URBANA VILLAGE",39.326184613441,-77.343914083144,Match
3300 BLOCK YORKSHIRE CT,39.323566062,-77.419742210895,Match
3400 BLOCK ADGATE DR,39.327577372538,-77.275457540032,Match
3400 BLOCK ANGELICA WAY,38.514292524688,-76.511150725204,Match
"3400 BLOCK ANGELICA WAY, Apt/Unit:302K",38.514292524688,-76.511150725204,Match
3400 BLOCK BIG WOODS RD,39.33049078437,-77.321481559347,Match
"3400 BLOCK BIG WOODS RD, IAO - NEAR THE IDLEWILD FARM - 3400 BLOCK BIG WOODS RD",39.33049078437,-77.321481559347,Match
"3400 BLOCK BUCKEYSTOWN PIKE, MAYNES TREE FARM",39.325234206848,-77.436172001544,Match
3400 BLOCK BUSSARD RD,39.423568324585,-77.549085598602,Match
"3400 BLOCK CAMPUS DR, URBANA HIGH SCHOOL",,,No Match
"3400 BLOCK CAMPUS DR, YMCA URBANA",,,No Match
3400 BLOCK E CHURCH HILL RD,,,No Match
3400 BLOCK EMYS PL,39.325893162484,-77.236530283351,Match
3400 BLOCK FLATWOODS DR,39.327962001767,-77.364840409034,Match
3400 BLOCK FRANCIS SCOTT KEY HWY,39.669186686372,-77.163445829739,Match
3400 BLOCK GREEN VALLEY RD,,,No Match
3400 BLOCK JENNINGS CHAPEL ROAD,39.279567731039,-77.0849253977,Match
3400 BLOCK JOHN SIMMONS ST,,,No Match
3400 BLOCK KEMPTOWN CHURCH RD,39.325959923319,-77.236435192912,Match
"3400 BLOCK KEMPTOWN CHURCH RD, Bldg:B, KEMPTOWN PARK",39.325959923319,-77.236435192912,Match
"3400 BLOCK KEMPTOWN CHURCH RD, KEMPTOWN ELEMENTARY SCHOOL",39.325959923319,-77.236435192912,Match
3400 BLOCK MARBURY CT,39.437921466682,-77.55340264561,Match
3400 BLOCK OLD TANEYTOWN RD,39.63122894264,-77.118915747419,Match
3400 BLOCK PECAN CT,39.348072575217,-77.553187688311,Match
3400 BLOCK PRICES DISTILLERY RD,39.326510600064,-77.305383773385,Match
"3400 BLOCK ROHRERSVILLE RD, STATION WC008 - SUBSTATION 8 - BOONSBORO",39.406432374297,-77.660046272564,Match
"3400 BLOCK STONE BARN DR, SUGARLOAF ELEMENTARY SCHOOL",39.327848592691,-77.364843338903,Match
3400 BLOCK SUGARLOAF PKWY,39.326020158958,-77.350393644989,Match
3400 BLOCK SUNSET RIDGE DR,39.328471159542,-77.366763458164,Match
3400 BLOCK THREE DAUGHTERS CT,,,No Match
3400 BLOCK TUDOR DR,39.326893094778,-77.422004712501,Match
3400 BLOCK URBANA PIKE,39.325929286465,-77.349045420573,Match
"3400 BLOCK URBANA PIKE, Bldg:D, KIDDIE ACADEMY OF URBANA",39.325929286465,-77.349045420573,Match
"3400 BLOCK URBANA PIKE, MCDONALDS URBANA",39.325929286465,-77.349045420573,Match
"3400 BLOCK URBANA PIKE, STARBUCKS - URBANA PIKE",39.325929286465,-77.349045420573,Match
"3400 BLOCK URBANA PIKE, TRO",39.325929286465,-77.349045420573,Match
3400 BLOCK WESTPORT DR,39.36177073227,-77.551522459942,Match
3400 BLOCK WINMOOR DR,39.314242761879,-77.28531182944,Match
"3400 BLOCK WORTHINGTON BLVD, Apt/Unit:STE 204, FREDERICK DERMOTOLOGY",39.327530307689,-77.344780274096,Match
"3400 BLOCKA PRICES DISTILLERY RD, IAO",,,No Match
"34300 BLOCK CHARLES TOWN PIKE SWEET SPRINGS LIBERTY GAS STA, SWEET SPRINGS LIBERTY GAS STA",,,No Match
"34500 BLOCK POTOMAC RIVER HARRISON ISLAND, HARRISON ISLAND",,,No Match
3500 BLOCK BASFORD RD,39.328628416043,-77.512845303661,Match
"3500 BLOCK BASFORD RD, BY 5 BLACK MAILBOXES",39.328628416043,-77.512845303661,Match
3500 BLOCK BESS WAY,39.328734242356,-77.254221975664,Match
3500 BLOCK BREMEN ST,39.329387027632,-77.356209498764,Match
"3500 BLOCK BRETHREN CHURCH RD, MUSKET RIDGE GOLF CLUB",39.497178162073,-77.548475557738,Match
3500 BLOCK BROCKTON CT,39.360904702619,-77.551579145903,Match
3500 BLOCK BUCKEYSTOWN PIKE,39.33093396207,-77.432848678343,Match
"3500 BLOCK BUCKEYSTOWN PIKE, Apt/Unit:STE 5, FREEDOM CENTER",39.33093396207,-77.432848678343,Match
"3500 BLOCK BUCKEYSTOWN PIKE, FREEDOM CENTER",39.33093396207,-77.432848678343,Match
"3500 BLOCK BUCKEYSTOWN PIKE, THE BODY IMAGE THERAPY CENTER",39.33093396207,-77.432848678343,Match
3500 BLOCK BUFFALO RD,39.478274495626,-77.117567307406,Match
"3500 BLOCK CAMPUS DR, BRIGHT EYES CHILD CARE",,,No Match
"3500 BLOCK CAMPUS DR, BRIGHT EYES CHILD CARE - NEW MARKET",,,No Match
"3500 BLOCK CAMPUS DR, BRIGHT EYES CHILD CARE - URBANA",,,No Match
"3500 BLOCK CAMPUS DR, URBANA DAYCARE",,,No Match
3500 BLOCK CASAMENTO PL,,,No Match
3500 BLOCK CHICK LN,39.32915015474,-77.616054335962,Match
3500 BLOCK COLEBROOK CT,39.412688191531,-77.548501646371,Match
3500 BLOCK CONNOR PL,39.33333702509,-77.3387942436,Match
"3500 BLOCK EMMITSBURG RD, GETTYSBURG AUTO AUCTION",,,No Match
3500 BLOCK FRANKS TER,39.328034734264,-77.257365375682,Match
3500 BLOCK GREEN VALLEY RD,39.329621851074,-77.276365396974,Match
3500 BLOCK HIPSLEY MILL RD,39.279967717283,-77.097948396437,Match
3500 BLOCK HOLBORN PL,,,No Match
3500 BLOCK HOPELAND RD,39.327955317858,-77.3977290085,Match
"3500 BLOCK JEFFERSON PIKE, VALLEY ELEMENTARY SCHOOL",39.359968537366,-77.550562730609,Match
3500 BLOCK JOHN SIMMONS ST,39.329944663237,-77.354091924997,Match
"3500 BLOCK JOHN SIMMONS ST, Bldg:A",39.329944663237,-77.354091924997,Match
"3500 BLOCK JOHN SIMMONS ST, Bldg:A, CINCO DE MAYO - URBANA TOWN CENTER",39.329944663237,-77.354091924997,Match
"3500 BLOCK JOHN SIMMONS ST, Bldg:A, VILLAGES AT URBANA",39.329944663237,-77.354091924997,Match
"3500 BLOCK JOHN SIMMONS ST, Bldg:B, C2 EDUCATION - URBANA TOWN CENTER",39.329944663237,-77.354091924997,Match
"3500 BLOCK JOHN SIMMONS ST, Bldg:C",39.329944663237,-77.354091924997,Match
"3500 BLOCK JOHN SIMMONS ST, Bldg:C, VILLAGES OF URBANA",39.329944663237,-77.354091924997,Match
"3500 BLOCK JOHN SIMMONS ST, URBANA LIQUORS - URBANA TOWN CENTER",39.329944663237,-77.354091924997,Match
"3500 BLOCK KATHERINE WAY, Apt/Unit:LOT 1956",,,No Match
3500 BLOCK POINT OF ROCKS RD,39.318507110939,-77.548971367788,Match
"3500 BLOCK PONTIUS CT, URBANA MIDDLE SCHOOL",39.331579178008,-77.337116727722,Match
"3500 BLOCK S MOUNTAIN RD, DOWN THE LANE",39.328333182694,-77.667572835872,Match
3500 BLOCK SHADY PINES ST,39.330063428962,-77.366174953352,Match
3500 BLOCK SIGLER RD,39.343359729854,-77.544040585797,Match
3500 BLOCK SPRIGG ST S,39.330469648418,-77.356813262922,Match
3500 BLOCK STARLIGHT ST,,,No Match
"3500 BLOCK STARLIGHT ST, Apt/Unit:303",,,No Match
"3500 BLOCK SUGARLOAF PKWY, GIANT FOOD - URBANA TOWN CENTER",39.32884913655,-77.352075518077,Match
3500 BLOCK TABARD LN,39.32900531805,-77.347931162137,Match
3500 BLOCK TIMBER GREEN DR,39.329201415203,-77.363449352651,Match
3500 BLOCK URBANA PIKE,39.333018949703,-77.363500321316,Match
3500 BLOCK WINTHROP LN,39.332093919866,-77.338813300633,Match
3500 BLOCK WORTHINGTON BLVD,39.328564218677,-77.352301540857,Match
"3500 BLOCK WORTHINGTON BLVD, Apt/Unit:101",39.328564218677,-77.352301540857,Match
"3500 BLOCK WORTHINGTON BLVD, Apt/Unit:101, URBANA DENTAL SPA",39.328564218677,-77.352301540857,Match
"3500 BLOCK WORTHINGTON BLVD, CHROMACULTURE",39.328564218677,-77.352301540857,Match
"3500 BLOCK WORTHINGTON BLVD, MODERN NAIL ORGANIC SPA XUDA XANG",39.328564218677,-77.352301540857,Match
"3500 BLOCK WORTHINGTON BLVD, NATES BARBERSHOP - URBANA TOWN CENTER",39.328564218677,-77.352301540857,Match
"3500 BLOCK WORTHINGTON BLVD, VILLAGES OF URBANA",39.328564218677,-77.352301540857,Match
3500 BLOCK(8841) BLK SHADY PINES LN,,,No Match
3600 BLOCK ADDISON WOODS RD,39.329947077442,-77.342280138534,Match
3600 BLOCK BEALLS FARM CT,,,No Match
3600 BLOCK BITTLE RD,39.514895850109,-77.544574739408,Match
3600 BLOCK BRETHREN CHURCH RD,39.4960934959,-77.54351643647,Match
3600 BLOCK BUCKEYSTOWN PIKE,39.332540458171,-77.432330774119,Match
"3600 BLOCK BUCKEYSTOWN PIKE, Apt/Unit:5, THE ORENDA CENTER OF WELLNESS",39.332540458171,-77.432330774119,Match
"3600 BLOCK BUCKEYSTOWN PIKE, Bldg:E, THE ORENDA CENTER OF WELLNESS",39.332540458171,-77.432330774119,Match
"3600 BLOCK BUCKEYSTOWN PIKE, IFO",39.332540458171,-77.432330774119,Match
"3600 BLOCK BUCKEYSTOWN PIKE, ROGERS BUCKEYSTOWN MARKET",39.332540458171,-77.432330774119,Match
"3600 BLOCK BUCKEYSTOWN PIKE, THE ORENDA CENTER OF WELLNESS",39.332540458171,-77.432330774119,Match
3600 BLOCK BUCKLEY DR,39.363357846484,-77.543837188382,Match
3600 BLOCK BYRON CIR,39.331545027367,-77.34378345858,Match
3600 BLOCK CARRIAGE HILL DR,39.333470476365,-77.334251757743,Match
"3600 BLOCK CARRIAGE HILL DR, CENTERVILLE ELEMENTARY SCHOOL",39.333470476365,-77.334251757743,Match
3600 BLOCK CARSWELL PL,,,No Match
3600 BLOCK DENISON ST,39.334865919096,-77.341873302473,Match
"3600 BLOCK DENISON ST, IAO",39.334865919096,-77.341873302473,Match
3600 BLOCK DONNA CT,39.330693293164,-77.253136860886,Match
3600 BLOCK FLATWOODS DR,39.331160481829,-77.36485604361,Match
3600 BLOCK FRY RD,39.335436327806,-77.540219839678,Match
3600 BLOCK GREEN VALLEY RD,39.333022464087,-77.274051831269,Match
"3600 BLOCK GREEN VALLEY RD, HICKORY PLAINS FARM",39.333022464087,-77.274051831269,Match
3600 BLOCK HOLBORN PL,39.332735872631,-77.336385170736,Match
3600 BLOCK KATHERINE WAY,,,No Match
3600 BLOCK LANDER RD,39.333443477855,-77.550262907469,Match
"3600 BLOCK LANDER RD, Bldg:B, NORTH FORK SCHOOL OF EQUITATION",39.333443477855,-77.550262907469,Match
3600 BLOCK MAR-LU-RIDGE RD,39.329997358516,-77.525042973557,Match
3600 BLOCK MOLINE CT,39.331732571504,-77.245860585331,Match
3600 BLOCK MOONGLOW CT,39.334105572404,-77.369995147834,Match
3600 BLOCK PETERSVILLE RD,39.329377894428,-77.62206667982,Match
"3600 BLOCK PETERSVILLE RD, MERRYLAND PARK",39.329377894428,-77.62206667982,Match
"3600 BLOCK POFFENBERGER RD, IRO",39.371496405975,-77.543957338748,Match
3600 BLOCK POINT OF ROCKS RD,39.310614421081,-77.545690673276,Match
"3600 BLOCK POINT OF ROCKS RD, IFO",39.310614421081,-77.545690673276,Match
3600 BLOCK PROMISE CT,39.323610109595,-77.543699464821,Match
3600 BLOCK RED SAGE WAY N,39.332488206635,-77.369732352823,Match
3600 BLOCK SINGLETON TER,39.332407367233,-77.340801390978,Match
3600 BLOCK SPRIGG ST S,39.331529623208,-77.356268754414,Match
3600 BLOCK SPRING HOLLOW LN,,,No Match
3600 BLOCK STONE BARN DR,39.330081343339,-77.367391583738,Match
"3600 BLOCK STONE BARN DR, Bldg:B",39.330081343339,-77.367391583738,Match
3600 BLOCK TAVISTOCK RD,39.331648729801,-77.357636502642,Match
"3600 BLOCK URBANA PIKE, STATION 23",39.333170721679,-77.363614298195,Match
3600 BLOCK WORTHINGTON BLVD,39.330544824645,-77.356835512802,Match
36500 BLOCK KIDWELL RD,,,No Match
3700 BLOCK BAKER VALLEY RD,39.336989985369,-77.402781843357,Match
3700 BLOCK BASFORD RD,39.33398223748,-77.511092052926,Match
"3700 BLOCK BIG WOODS RD, IFO",39.341709849817,-77.320701042987,Match
3700 BLOCK BUCKEYSTOWN PIKE,39.33507256287,-77.431834663666,Match
"3700 BLOCK CLAY ST, BIG BELLIES",39.274623835183,-77.540638614771,Match
3700 BLOCK GREEN VALLEY RD,39.336358866254,-77.272536042114,Match
3700 BLOCK HOPE COMMONS CIR,39.333525154717,-77.349130362353,Match
3700 BLOCK HORINE RD,39.333427058883,-77.569473788906,Match
3700 BLOCK JEFFERSON PIKE,39.360962975941,-77.540664779142,Match
"3700 BLOCK JEFFERSON PIKE, JEFFERSON MARKET",39.360962975941,-77.540664779142,Match
3700 BLOCK KEMPTOWN CHURCH RD,39.334661468904,-77.228508423791,Match
3700 BLOCK LANDER RD,39.336094174221,-77.546868811779,Match
3700 BLOCK LAWSON RD,39.336704847892,-77.26851290947,Match
3700 BLOCK POINT OF ROCKS RD,39.303557975267,-77.54275248077,Match
3700 BLOCK S MOUNTAIN RD,39.333230857889,-77.66726904943,Match
3700 BLOCK SINGLETON TER,39.334090664142,-77.340742272004,Match
3700 BLOCK SPICEBUSH DR,39.335846786707,-77.339819771552,Match
3700 BLOCK SPICEBUSH WAY,39.334971116257,-77.341865826174,Match
3700 BLOCK STONE BARN DR,,,No Match
37000 BLOCK SNIDER LN,,,No Match
37100 BLOCK SNIDER LN,,,No Match
"37200 BLOCK JEFFERSON PIKE, EXXON & BLIMPIE TRI STATE",,,No Match
37200 BLOCK JEFFERSON PK,,,No Match
37400 BLOCK ADVENTURE CENTER LN,,,No Match
"37400 BLOCK ADVENTURE CENTER LN HARPERS FERRY ADVENTURE CTR, HARPERS FERRY ADVENTURE CTR",,,No Match
"37400 BLOCK ADVENTURE CENTER LN, HARPERS FERRY ADVENTURE CENTER",,,No Match
37900 BLOCK LONG LANE,,,No Match
37900 BLOCK STEVENS RD,,,No Match
3800 BLOCK BASFORD RD,39.338179186313,-77.510462177586,Match
3800 BLOCK BEDFORD DR,,,No Match
3800 BLOCK BERT KOONTZ RD,39.677823894994,-77.129092340844,Match
3800 BLOCK BRAVEHEART DR,39.339217316663,-77.329049116057,Match
3800 BLOCK BROOK DR,39.365308734786,-77.538289571716,Match
3800 BLOCK BUCKEYSTOWN PIKE,39.338623778295,-77.430540483837,Match
"3800 BLOCK BUCKEYSTOWN PIKE, BUCKEYSTOWN VET CLINIC",39.338623778295,-77.430540483837,Match
3800 BLOCK BURKITTSVILLE RD,39.33001287352,-77.630056433192,Match
"3800 BLOCK BURKITTSVILLE RD, SHEETZ",39.33001287352,-77.630056433192,Match
"3800 BLOCK BURKITTSVILLE RD, SHEETZ - BRUNSWICK",39.33001287352,-77.630056433192,Match
"3800 BLOCK BURKITTSVILLE RD, SHEETZ BRUNSWICK",39.33001287352,-77.630056433192,Match
3800 BLOCK BUSH CREEK DR,39.337308513369,-77.354187356085,Match
3800 BLOCK CANAL RD,,,No Match
3800 BLOCK CARRIAGE HILL DR,39.336186367823,-77.33571836295,Match
"3800 BLOCK CARRIAGE HILL DR, GODDARD SCHOOL - CARRIAGE HILL DR",39.336186367823,-77.33571836295,Match
3800 BLOCK CHESTNUT HILL RD,,,No Match
3800 BLOCK CLAY ST,39.274470265234,-77.536871471193,Match
"3800 BLOCK CLAY ST, MARC TRAIN STATION - POINT OF ROCKS",39.274470265234,-77.536871471193,Match
3800 BLOCK GIBBONS RD,39.275967285832,-77.53454479461,Match
3800 BLOCK GREEN VALLEY RD,,,No Match
3800 BLOCK GREENRIDGE DR,39.338046996259,-77.260409887993,Match
3800 BLOCK JEFFERSON PIKE,39.361359705162,-77.537734939257,Match
"3800 BLOCK JEFFERSON PIKE, ADRIENNES FLOWER DELIGHTS",39.361359705162,-77.537734939257,Match
"3800 BLOCK JEFFERSON PIKE, JEFFERSON UNITED CHURCH OF CHRIST",39.361359705162,-77.537734939257,Match
"3800 BLOCK NEW DESIGN RD, MEMORIAL GARDENS",39.337337316297,-77.452947746988,Match
"3800 BLOCK NINER RD, STATION CC013 - GAMBER AND COMMUNITY FC",39.471075608456,-76.939795164115,Match
3800 BLOCK OLD WEST FALLS RD,39.426174237509,-77.133943335149,Match
3800 BLOCK OLIVE SCHOOL RD,39.336158304496,-77.589428740977,Match
3800 BLOCK PARK MILLS RD,39.337017170041,-77.376527215721,Match
3800 BLOCK PETERSVILLE RD,39.337610494837,-77.610600015505,Match
"3800 BLOCK PETERSVILLE RD, FARMERS WOODS",39.337610494837,-77.610600015505,Match
3800 BLOCK PIPPINS PL,39.280292821465,-77.534582360623,Match
3800 BLOCK POINT OF ROCKS RD,39.297681111371,-77.540304790873,Match
"3800 BLOCK POINT OF ROCKS RD, IAO, CAN SEE FROM OUR HOUSE",39.297681111371,-77.540304790873,Match
"3800 BLOCK SHADYWOOD DR, Apt/Unit:1A, BRIARCREST CONDOS - 3800 BLOCK SHADYWOOD DR",39.363529231292,-77.535342587214,Match
3800 BLOCK SHETLAND CT,39.338713514242,-77.331000384055,Match
3800 BLOCK SUGARLOAF PKWY,39.334973704922,-77.34171768548,Match
3800 BLOCK TRITON LN,39.337510617886,-77.348033135556,Match
"3800 BLOCK URBANA PIKE, URBANA DISTRICT PARK",,,No Match
3800 BLOCK WHITEN RD,38.71154649561,-75.722568711251,Match
38200 BLOCK MOUNTAIN AIR LN,,,No Match
38200 BLOCK PIGGOTT BOTTOM RD,,,No Match
38300 BLOCK CORALBERRY PL,,,No Match
38400 BLOCK BOLINGTON RD,,,No Match
38400 BLOCK KALB SCHOOL LN,,,No Match
38600 BLOCK ELVAN FARM PL,,,No Match
38700 BLOCK TRITICUM LN,,,No Match
38800 BLOCK FRY FARM RD,,,No Match
38800 BLOCK IRISH CORNER RD,,,No Match
3900 BLOCK ADDISON WOODS RD,39.335584102228,-77.338485088604,Match
3900 BLOCK BAKER VALLEY RD,39.343751892075,-77.400930629151,Match
3900 BLOCK BRAVEHEART CIR,39.340190854292,-77.327741932366,Match
"3900 BLOCK BRETHREN CHURCH RD, HARMONY LUTHERAN CHURCH",39.494589447009,-77.534243679768,Match
"3900 BLOCK BUCKEYSTOWN PIKE, Apt/Unit:ROOM 121, SAINT JOHNS CATHOLIC PREP",39.339565186126,-77.430148037651,Match
"3900 BLOCK BUCKEYSTOWN PIKE, SAINT JOHNS CATHOLIC PREP",39.339565186126,-77.430148037651,Match
3900 BLOCK DAISY CT,39.341370290839,-77.249949311232,Match
"3900 BLOCK DARTMOUTH CT, Apt/Unit:A",39.337875697137,-77.50356736548,Match
"3900 BLOCK GREEN VALLEY RD, STATION 25",39.342058131633,-77.268558493287,Match
"3900 BLOCK HAWKS HILL RD, BYPASSED TO: 0(3900 BLOCK) BLK HAWKS HILL RD,NEW WINDSOR",39.533494591614,-77.139694148851,Match
3900 BLOCK HIGHLAND AVE,39.512052854672,-77.536716305395,Match
3900 BLOCK HOOPER RD,39.467754704916,-77.103378154384,Match
3900 BLOCK LANDER RD,39.339639306825,-77.541243225016,Match
3900 BLOCK NEW DESIGN RD,39.340543057878,-77.451962218207,Match
3900 BLOCK OLD TANEYTOWN RD,39.639013966944,-77.135356617776,Match
3900 BLOCK PETERSVILLE RD,39.338938060825,-77.608674906735,Match
"3900 BLOCK PETERSVILLE RD, Bldg:C",39.338938060825,-77.608674906735,Match
3900 BLOCK POINT OF ROCKS RD,39.289971742511,-77.536822705746,Match
3900 BLOCK RED LEAF CT,39.276140587455,-77.529693267743,Match
3900 BLOCK ROSEWOOD RD,39.342621336773,-77.256285446532,Match
"3900 BLOCK S MOUNTAIN RD, PH2",39.340007937433,-77.66563253065,Match
3900 BLOCK SHAWFIELD LN,39.335555938228,-77.339809546441,Match
3900 BLOCK SKYVIEW DR,39.344286195803,-77.202475517812,Match
"3900 BLOCK SKYVIEW DR, IAO",39.344286195803,-77.202475517812,Match
3900 BLOCK SNOW LANE,,,No Match
3900 BLOCK SWEET BRIAR LN,39.33854884624,-77.34394747093,Match
3900 BLOCK THRASHER CT,39.342546501704,-77.23667860789,Match
3900 BLOCK TRITON ST,39.3379030682,-77.345780272358,Match
3900 BLOCK TURF CT N,39.339844953425,-77.204534878032,Match
3900 BLOCK TWIN ARCH RD,39.359835651046,-77.13592440072,Match
3900 BLOCK URBANA PIKE,,,No Match
3900 BLOCK WISTMAN LN,39.510022570032,-77.534063776732,Match
39200 BLOCK IRISH CORNER RD,,,No Match
39200 BLOCK REDGATE FARM LN,,,No Match
39400 BLOCK LOVETTESVILLE PARK DR,,,No Match
39400 BLOCK QUARTER BRANCH RD,,,No Match
39500 BLOCK TOLLHOUSE RD,,,No Match
39500 BLOCK WENNER RD,,,No Match
"400 BLOCK AVIATION WAY, MSP AVIATION HANGAR - FREDERICK REGIONAL AIRPORT",,,No Match
400 BLOCK BANKSIA DR,39.404788863341,-77.422268902967,Match
400 BLOCK BIGGS AVE,39.424751426567,-77.427487080581,Match
400 BLOCK BLK BRUNSWICK ST,,,No Match
400 BLOCK BLK CENTER ST,,,No Match
400 BLOCK BRADDOCK AVE,39.409071831345,-77.429263207422,Match
400 BLOCK BRUNSWICK ST,,,No Match
400 BLOCK CARROLL PKWY,39.414775751556,-77.420881424235,Match
400 BLOCK CARROLL WALK AVE,39.419010898526,-77.389275362256,Match
400 BLOCK CARROLLTON DR,39.406431389499,-77.415457315168,Match
400 BLOCK CENTER ST,,,No Match
"400 BLOCK CENTRAL AVE, BRUNSWICK EAGLES CLUB",,,No Match
"400 BLOCK CENTRAL AVE, BRUNSWICK ELEMENTARY SCHOOL",,,No Match
"400 BLOCK CHERRY OAK CT, BYPASSED TO: 0(400 BLOCK) BLK CHERRY OAK CT,TANEYTOWN",39.654499112272,-77.164385171989,Match
400 BLOCK CONSTELLATION LN,39.419045808855,-77.385745263455,Match
"400 BLOCK CORMORANT PL, Apt/Unit:3103",39.220827842476,-76.055713997629,Match
"400 BLOCK CORMORANT PL, Apt/Unit:3402",39.220827842476,-76.055713997629,Match
400 BLOCK CULLER AVE,39.42326618765,-77.425354055964,Match
400 BLOCK DELAWARE RD,39.42807146063,-77.40115648309,Match
400 BLOCK E A ST,39.312325207519,-77.62156082118,Match
400 BLOCK E CHURCH ST,,,No Match
"400 BLOCK E CHURCH ST, Apt/Unit:101, OX FIBRE APARTMENTS",,,No Match
"400 BLOCK E CHURCH ST, Apt/Unit:115, OX FIBRE APARTMENTS",,,No Match
"400 BLOCK E CHURCH ST, Apt/Unit:124, OX FIBRE APARTMENTS",,,No Match
"400 BLOCK E CHURCH ST, Apt/Unit:131, OX FIBRE APARTMENTS",,,No Match
"400 BLOCK E CHURCH ST, Apt/Unit:135, OX FIBRE APARTMENTS",,,No Match
"400 BLOCK E CHURCH ST, Apt/Unit:218, OX FIBRE APARTMENTS",,,No Match
"400 BLOCK E CHURCH ST, IAO",,,No Match
"400 BLOCK E CHURCH ST, OX FIBRE APARTMENTS",,,No Match
"400 BLOCK E CHURCH ST, SAMS PLACE",,,No Match
400 BLOCK E MAIN ST,,,No Match
"400 BLOCK E MAIN ST, Apt/Unit:THURMONT MIDDLE, THURMONT MIDDLE SCHOOL",,,No Match
"400 BLOCK E MAIN ST, THURMONT MIDDLE SCHOOL",,,No Match
400 BLOCK E PATRICK ST,39.413648503198,-77.403457455933,Match
"400 BLOCK E PATRICK ST, Apt/Unit:E",39.413648503198,-77.403457455933,Match
"400 BLOCK E PATRICK ST, Bldg:A, Apt/Unit:STE B, EXPRESS CONVENIENCE STORE - FAIRGROUNDS CENTER",39.413648503198,-77.403457455933,Match
"400 BLOCK E PATRICK ST, POTOMAC EDISON OFFICES & YARD",39.413648503198,-77.403457455933,Match
"400 BLOCK E PATRICK ST, SAPUTO DAIRY",39.413648503198,-77.403457455933,Match
400 BLOCK E SEVENTH ST,39.421007337452,-77.396757986982,Match
"400 BLOCK E SEVENTH ST, Apt/Unit:102",39.421007337452,-77.396757986982,Match
"400 BLOCK E SEVENTH ST, Apt/Unit:305",39.421007337452,-77.396757986982,Match
"400 BLOCK E SEVENTH ST, Apt/Unit:404",39.421007337452,-77.396757986982,Match
"400 BLOCK E SEVENTH ST, Bldg:400 BLOCK, Apt/Unit:213",39.421007337452,-77.396757986982,Match
"400 BLOCK E SEVENTH ST, Bldg:EDE",39.421007337452,-77.396757986982,Match
"400 BLOCK E SEVENTH ST, RESIDENCE AT E CHURCH",39.421007337452,-77.396757986982,Match
"400 BLOCK E SEVENTH ST, RESIDENCES AT E CHURCH",39.421007337452,-77.396757986982,Match
"400 BLOCK E SEVENTH ST, WE ARE OUTSIDE",39.421007337452,-77.396757986982,Match
400 BLOCK EBERT RD,39.586520994815,-77.165158517438,Match
400 BLOCK ENSEMBLE WAY,,,No Match
"400 BLOCK FERNDALE AVE, HOOD COLLEGE - ROSENSTOCK HALL",,,No Match
"400 BLOCK FIFTH AVE, BRUNSWICK WOODWORKING",,,No Match
"400 BLOCK FRANKLIN ST, Apt/Unit:FIRST, STATION 7",,,No Match
"400 BLOCK FRANKLIN ST, MIDDLETOWN PRIMARY SCHOOL",,,No Match
"400 BLOCK FRANKLIN ST, STATION 7",,,No Match
400 BLOCK GLADHILL RD,,,No Match
400 BLOCK GLENBROOK DR,,,No Match
400 BLOCK GRANT PL,39.425811942581,-77.428944922518,Match
"400 BLOCK HARLAN WAY, Apt/Unit:103, THE FRED APARTMENTS - 400 BLOCK HARLAN WAY",39.428256040864,-77.459163761556,Match
"400 BLOCK HARLAN WAY, Apt/Unit:104, THE FRED APARTMENTS - 400 BLOCK HARLAN WAY",39.428256040864,-77.459163761556,Match
"400 BLOCK HARLAN WAY, Apt/Unit:204, THE FRED APARTMENTS - 400 BLOCK HARLAN WAY",39.428256040864,-77.459163761556,Match
"400 BLOCK HARLAN WAY, Apt/Unit:302, THE FRED APARTMENTS - 400 BLOCK HARLAN WAY",39.428256040864,-77.459163761556,Match
"400 BLOCK HARLAN WAY, Apt/Unit:303, THE FRED APARTMENTS - 407 HARLAN WAY",39.428256040864,-77.459163761556,Match
"400 BLOCK HARLAN WAY, Apt/Unit:400 BLOCK, THE FRED APARTMENTS - 400 BLOCK HARLAN WAY",39.428256040864,-77.459163761556,Match
"400 BLOCK HARLAN WAY, Apt/Unit:404, THE FRED APARTMENTS - 400 BLOCK HARLAN WAY",39.428256040864,-77.459163761556,Match
"400 BLOCK HARLAN WAY, Bldg:A, Apt/Unit:403/405, THE FRED APARTMENTS - 400 BLOCK HARLAN WAY",39.428256040864,-77.459163761556,Match
"400 BLOCK HARLAN WAY, THE FRED APARTMENTS",39.428256040864,-77.459163761556,Match
"400 BLOCK HARLAN WAY, THE FRED APARTMENTS - 400 BLOCK HARLAN WAY",39.428256040864,-77.459163761556,Match
400 BLOCK HARPERS FERRY RD,39.332686977326,-77.737218236607,Match
400 BLOCK HEATHER RIDGE DR,39.437323464249,-77.414402378329,Match
400 BLOCK HERRINGBONE WAY,39.418875675328,-77.389733864803,Match
400 BLOCK HILL ST,,,No Match
400 BLOCK HILLCREST DR,,,No Match
400 BLOCK HOBNAIL CT,39.413845757629,-77.459735194618,Match
400 BLOCK KOONCE RD,,,No Match
400 BLOCK LEE PL,39.427459286305,-77.431248952242,Match
400 BLOCK LOGAN ST,39.407893138905,-77.42016732246,Match
400 BLOCK MAGNOLIA AVE,,,No Match
400 BLOCK MAIN ST,,,No Match
"400 BLOCK MAIN ST, MYERSVILLE ELEMENTARY SCHOOL",,,No Match
"400 BLOCK MARTHA E CHURCH DR, HOOD COLLEGE - PRESIDENTS HOUSE",39.419926269214,-77.418936928987,Match
400 BLOCK MATLOCK LN,39.449854089285,-77.392847260599,Match
400 BLOCK MEGAN CT,39.404188866357,-77.425859522757,Match
"400 BLOCK MIDDLETOWN PKWY, CVS PHARMACY - CROSS STONE COMMONS",39.436092936323,-77.53020633452,Match
400 BLOCK MILITARY RD,39.428557299524,-77.431988502863,Match
"400 BLOCK MOHICAN DR, IFO",39.428932915987,-77.393466721195,Match
"400 BLOCK MOHICAN DR, PH2",39.428932915987,-77.393466721195,Match
400 BLOCK N BENTZ ST,39.419269374571,-77.412971553748,Match
400 BLOCK N CHURCH ST,39.632822178368,-77.410598927017,Match
"400 BLOCK N CHURCH ST, Apt/Unit:OFC, SHEETZ - THURMONT",39.632822178368,-77.410598927017,Match
"400 BLOCK N CHURCH ST, BURGER KING THURMONT",39.632822178368,-77.410598927017,Match
"400 BLOCK N CHURCH ST, SHEETZ - THURMONT",39.632822178368,-77.410598927017,Match
"400 BLOCK N EAST ST, KREITZ AUTO REPAIR & SALES",,,No Match
"400 BLOCK N MAPLE AVE, Apt/Unit:A",39.315761019442,-77.62617703014,Match
400 BLOCK N MARKET ST,39.419135106734,-77.410244597118,Match
"400 BLOCK N MARKET ST, Apt/Unit:2",39.419135106734,-77.410244597118,Match
"400 BLOCK N MARKET ST, CUSTOM IMPRINTS",39.419135106734,-77.410244597118,Match
"400 BLOCK N MARKET ST, RECORD EXCHANGE",39.419135106734,-77.410244597118,Match
400 BLOCK ORCHARD CREST CIR,39.387442216857,-77.263134770905,Match
400 BLOCK ORCHARD RD,39.387444984487,-76.742975146222,Match
400 BLOCK PASTURE ROSE DR,,,No Match
400 BLOCK PEMBERTON PARK LN,,,No Match
400 BLOCK POTTING SHED WAY,,,No Match
400 BLOCK PROSPECT BLVD,39.403685151908,-77.427194589653,Match
"400 BLOCK PROSPECT BLVD, Apt/Unit:1, LEDO PIZZA - FESTIVAL CENTER",39.403685151908,-77.427194589653,Match
"400 BLOCK PROSPECT BLVD, BEST WESTERN HOTEL",39.403685151908,-77.427194589653,Match
"400 BLOCK PROSPECT BLVD, Bldg:C, Apt/Unit:50B, STREET SAFE",39.403685151908,-77.427194589653,Match
"400 BLOCK PROSPECT BLVD, Bldg:L, CORPORATE OHS",39.403685151908,-77.427194589653,Match
"400 BLOCK PROSPECT BLVD, HOBBY TOWN USA - FESTIVAL CENTER",39.403685151908,-77.427194589653,Match
"400 BLOCK PROSPECT BLVD, SKYLOS SPORTS MEDICINE - FESTIVAL CENTER",39.403685151908,-77.427194589653,Match
"400 BLOCK PROSPECT BLVD, UHAUL CENTER OF FREDERICK",39.403685151908,-77.427194589653,Match
"400 BLOCK PROSPECT BLVD, UHAUL CENTER OF FREDERICK - PROSPECT BLVD",39.403685151908,-77.427194589653,Match
"400 BLOCK PROSPECT BLVD, VETURGENCY - FESTIVAL CENTER",39.403685151908,-77.427194589653,Match
"400 BLOCK PROSPECT BLVD, WEIS MARKET - FESTIVAL CENTER",39.403685151908,-77.427194589653,Match
400 BLOCK RICHARD ROBERTS ST,39.388317112198,-77.269905615404,Match
"400 BLOCK ROSEMONT AVE, HOOD COLLEGE - WHITAKER CAMPUS CENTER",39.420025033805,-77.419939327284,Match
400 BLOCK S JEFFERSON ST,39.408325514907,-77.427544188623,Match
"400 BLOCK S JEFFERSON ST, CVS PHARMACY - S JEFFERSON ST - FREDERICK",39.408325514907,-77.427544188623,Match
"400 BLOCK S JEFFERSON ST, DOLLAR TREE - PROSPECT PLAZA",39.408325514907,-77.427544188623,Match
"400 BLOCK S JEFFERSON ST, GABES",39.408325514907,-77.427544188623,Match
"400 BLOCK S JEFFERSON ST, JEFFERSON STREET EXXON",39.408325514907,-77.427544188623,Match
"400 BLOCK S JEFFERSON ST, JEFFERSON STREET SHOPPING CENTER",39.408325514907,-77.427544188623,Match
"400 BLOCK S JEFFERSON ST, MCDONALDS - PROSPECT PLAZA",39.408325514907,-77.427544188623,Match
"400 BLOCK S JEFFERSON ST, PROSPECT PLAZA // CAR IS ON JEFFERSON RIGHT AROUND THE RAMP",39.408325514907,-77.427544188623,Match
"400 BLOCK SAGNER AVE, ATTABOY BREWERY AND TAPROOM",39.412280597753,-77.403398814716,Match
"400 BLOCK SAGNER AVE, FREDERICK COUNTY CITIZEN SERVICES",39.412280597753,-77.403398814716,Match
"400 BLOCK SAGNER AVE, WILLARD PROPERTIES",39.412280597753,-77.403398814716,Match
400 BLOCK STONE SPRINGS LN,,,No Match
"400 BLOCK TERRY CT, Apt/Unit:400 BLOCK",39.404162949319,-77.426562872463,Match
400 BLOCK TILLER ST,39.418289140184,-77.388001677359,Match
400 BLOCK VERMONT CT,39.411784922711,-77.399859494198,Match
400 BLOCK W B ST,39.315312671771,-77.631751518591,Match
"400 BLOCK W GREEN ST, AMVETS - MIDDLETOWN",39.444994377177,-77.549800032245,Match
"400 BLOCK W LINCOLN AVE, LINCOLN ON THE PARK",,,No Match
"400 BLOCK W MAIN ST, Apt/Unit:B",,,No Match
400 BLOCK W PATRICK ST,39.412513123154,-77.421032268539,Match
"400 BLOCK W PATRICK ST, FREDERICKTOWNE MOTORS",39.412513123154,-77.421032268539,Match
400 BLOCK W SECOND ST,39.417060451606,-77.418253843544,Match
400 BLOCK W SEVENTH ST,39.423634904176,-77.413937392412,Match
"400 BLOCK W SEVENTH ST, Apt/Unit:3303, FHH",39.423634904176,-77.413937392412,Match
"400 BLOCK W SEVENTH ST, ELEVATOR 2 // ENTRANCE 3",39.423634904176,-77.413937392412,Match
"400 BLOCK W SEVENTH ST, FHH",39.423634904176,-77.413937392412,Match
400 BLOCK W SOUTH ST,39.411046997972,-77.417667240468,Match
"400 BLOCK W SOUTH ST, Apt/Unit:B",39.411046997972,-77.417667240468,Match
"400 BLOCK W SOUTH ST, BEACON HOUSE",39.411046997972,-77.417667240468,Match
"400 BLOCK W SOUTH ST, Bldg:A",39.411046997972,-77.417667240468,Match
"400 BLOCK W SOUTH ST, LUCKYS LIQUORS",39.411046997972,-77.417667240468,Match
400 BLOCK WALNUT ST,,,No Match
400 BLOCK WAYNESBORO PIKE,,,No Match
400 BLOCK WIDE RIVER FARM DR,,,No Match
400 BLOCK WILLS CREEK DR,39.325951648425,-77.627713029963,Match
400 BLOCK WILSON PL,39.426524988955,-77.430205145546,Match
400 BLOCK WINDY KNOLL,39.370456389475,-77.148441059371,Match
400 BLOCKA BIGGS AVE,,,No Match
400 BLOCKB W SOUTH ST,,,No Match
4000 BLOCK BAKER VALLEY RD,39.344205242417,-77.400701445517,Match
"4000 BLOCK BALLENGER CREEK PIKE, EMMANUEL TRINITY LUTHERAN CHURCH",39.344148238657,-77.475086881673,Match
4000 BLOCK BALTIMORE NATIONAL PIKE,,,No Match
4000 BLOCK BALTIMORE NATIONAL PK,,,No Match
4000 BLOCK BELGRAVE CIR,39.345334769538,-77.343866868867,Match
4000 BLOCK BROADSTONE ST,39.343473902837,-77.348841005794,Match
4000 BLOCK BUCKEYSTOWN PIKE,39.344090620199,-77.428355164735,Match
4000 BLOCK BUFFALO RD,39.462724738469,-77.118747535816,Match
4000 BLOCK BUSSARD RD,39.41952635591,-77.531276031764,Match
4000 BLOCK CARRICK CT,39.713224652579,-77.33579726652,Match
"4000 BLOCK CLAY ST, CANAM STEEL",39.275480946365,-77.528132281359,Match
4000 BLOCK FRANCIS SCOTT KEY HWY,39.686050737502,-77.149035010356,Match
4000 BLOCK IJAMSVILLE RD,39.342466372097,-77.321174801373,Match
4000 BLOCK LOMAR DR,39.344589511547,-77.195663953863,Match
4000 BLOCK MANHEIM CT,39.363971181962,-77.532180322631,Match
4000 BLOCK MIDDLETON DR,39.344651085923,-77.2502747672,Match
4000 BLOCK MOUNTVILLE RD,39.358537527017,-77.530307534704,Match
4000 BLOCK PENNYFIELDS LOCK CT,39.283425161406,-77.526221108337,Match
4000 BLOCK PETERSVILLE RD,39.342559528027,-77.609667747003,Match
4000 BLOCK ROCK HALL RD,39.273009862086,-77.524690517792,Match
"4000 BLOCK ROCK HALL RD, BUILDERS FIRST SOURCE",39.273009862086,-77.524690517792,Match
"4000 BLOCK ROCK HALL RD, BUILDERS FIRST SOURCE - POINT OF ROCKS",39.273009862086,-77.524690517792,Match
"4000 BLOCK ROCK HALL RD, BUILDERS FIRST SOURCE POINT OF ROCKS",39.273009862086,-77.524690517792,Match
4000 BLOCK SIGLER CIR,39.343352920824,-77.551593801254,Match
4000 BLOCK TRANQUILITY CT,,,No Match
4000 BLOCK TUSCARORA RD,,,No Match
4000 BLOCK(4100) BLK ARABY CHURCH RD,,,No Match
40000 BLOCK BARBARAS BLUFF CT,,,No Match
40100 BLOCK QUARTER BRANCH RD,,,No Match
40200 BLOCK QUAILRUN CT,,,No Match
40200 BLOCK QUARTER BRANCH RD,,,No Match
40600 BLOCK HANNAH DR,,,No Match
40800 BLOCK MEADOW VISTA PL,,,No Match
"40900 BLOCK FLYING ACE LN FLYING ACE FARM BREWERY & DISTILLERY, FLYING ACE FARM BREWERY & DISTILLERY",,,No Match
40900 BLOCK TAYLORSTOWN MEADOWS PL,,,No Match
4100 BLOCK APPALOOSA LN,39.421476818808,-77.527198452388,Match
4100 BLOCK ARABY CHURCH RD,39.347194888337,-77.377500812041,Match
"4100 BLOCK AYODHYA WAY, SRI BHAKTHA ANJANEYA TEMPLE",39.343862524628,-77.289707503054,Match
4100 BLOCK BILL MOXLEY RD,39.348076079877,-77.212528302186,Match
4100 BLOCK BROWN RD,38.308513606089,-75.624929014291,Match
"4100 BLOCK BUCKEYSTOWN PIKE, VULCAN MATERIALS - 4100 BLOCK BUCKEYSTOWN PIKE",39.347551946905,-77.426584541678,Match
"4100 BLOCK BUCKEYSTOWN PIKE, VULCAN MATERIALS CO",39.347551946905,-77.426584541678,Match
4100 BLOCK CELTIC WAY,39.344261363311,-77.338153953835,Match
4100 BLOCK CHERRY LN,39.39824013459,-77.527524766646,Match
4100 BLOCK FLOWING SPRINGS RD,,,No Match
4100 BLOCK FRANCIS SCOTT KEY HWY,39.687665265505,-77.147839572601,Match
4100 BLOCK GARNET DR,39.426983438508,-77.522691364035,Match
4100 BLOCK HARVARD PL,39.347881715408,-77.498028629348,Match
"4100 BLOCK HARVARD PL, SAMARAH LLC",39.347881715408,-77.498028629348,Match
4100 BLOCK IJAMSVILLE RD,39.347661756108,-77.321069253777,Match
4100 BLOCK JEFFERSON PIKE,39.363179592545,-77.525761234146,Match
4100 BLOCK LANDER RD,39.348959799883,-77.534752473916,Match
4100 BLOCK LOMAR TER,39.344469001014,-77.195643805209,Match
4100 BLOCK LONDONDERRY DR,39.36688744781,-77.526289245667,Match
4100 BLOCK MCMULLEN DR,39.689065078689,-77.219360509852,Match
"4100 BLOCK OLD NATIONAL PIKE, Apt/Unit:11D",,,No Match
4100 BLOCK PETERSVILLE RD,39.345215836663,-77.610812000305,Match
"4100 BLOCK PRICES DISTILLERY RD, SAINT IGNATIUS ROMAN CATHOLIC CHURCH",39.345426011518,-77.310382678978,Match
4100 BLOCK ROCK HALL RD,39.270460622035,-77.525341755078,Match
4100 BLOCK SHADY LN,39.346225141597,-77.614263423752,Match
4100 BLOCK TABLER RD,39.345283202617,-77.360170982121,Match
4100 BLOCK TUSCARORA RD,39.275199814916,-77.520722399946,Match
4100 BLOCK WALNUTWOOD CT,39.347918801873,-77.230184566699,Match
4100 BLOCK WESTON DR,39.345251109181,-77.6213659231,Match
4100 BLOCK(4100) BLK MOUNTVILLE RD,,,No Match
41300 BLOCK COMMON HOUSE LN,,,No Match
41300 BLOCK EAGLE RIDGE LN,,,No Match
41600 BLOCK LOVETTSVILLE RD,,,No Match
41600 BLOCK WAKEHURST PL,,,No Match
4200 BLOCK ARABY CHURCH RD,39.350365656582,-77.380828514901,Match
4200 BLOCK BALLENGER CREEK PIKE,39.348957095838,-77.471042439053,Match
4200 BLOCK BARTHOLOWS RD,39.349270647012,-77.228801680472,Match
4200 BLOCK BASFORD RD,39.347646977356,-77.507759195198,Match
4200 BLOCK BILL MOXLEY RD,39.349362549288,-77.208971672697,Match
4200 BLOCK BRIARWOOD CT,39.422770331944,-77.516496227263,Match
4200 BLOCK BUSSARD RD,39.415601646181,-77.523147881564,Match
4200 BLOCK CHESNUT HILL RD,,,No Match
4200 BLOCK COXEY BROWN RD,39.498376573911,-77.523667441256,Match
"4200 BLOCK COXEY BROWN RD, IAO",39.498376573911,-77.523667441256,Match
4200 BLOCK CROW ROCK RD,39.518447962502,-77.524885304085,Match
4200 BLOCK DELAUTER RD,39.559893785818,-77.524349170629,Match
4200 BLOCK ED MCCLAIN RD,39.34780167647,-77.286377757623,Match
4200 BLOCK FRANCIS SCOTT KEY HWY,39.689136979226,-77.146738477811,Match
4200 BLOCK GARFIELD RD,39.606723725444,-77.525676884768,Match
4200 BLOCK IJAMSVILLE RD,39.349170107647,-77.321404095166,Match
4200 BLOCK JEFFERSON PIKE,39.364147766982,-77.522245648433,Match
4200 BLOCK LIME KILN RD,39.348692642287,-77.426043955283,Match
4200 BLOCK MARYLAND CT,39.474710382508,-77.521201142196,Match
4200 BLOCK MIDDLE POINT RD,39.563251140066,-77.525224530484,Match
4200 BLOCK MOUNTVILLE RD,39.354170688237,-77.522683838428,Match
4200 BLOCK REELS MILL RD,39.346716096971,-77.373760374068,Match
"4200 BLOCK REELS MILL RD, IAO",39.346716096971,-77.373760374068,Match
4200 BLOCK SAMHILL CT,39.3504539006,-77.189896066103,Match
4200 BLOCK TREGOE MOUNTAIN RD,39.429055692016,-77.680166442655,Match
"4200 BLOCK TUSCARORA RD, IAO",39.275361434442,-77.522818165512,Match
4200 BLOCK URBANA PIKE,39.349716343863,-77.376774315854,Match
4200 BLOCK(4200) BLK VALLEY VIEW RD,,,No Match
42000 BLOCK PANORAMA PL,,,No Match
42000 BLOCK SWEET SPRING LN,,,No Match
42100 BLOCK DEMORY TER,,,No Match
42200 BLOCK HEATERS ISLAND CT,,,No Match
42400 BLOCK LOVETTSVILLE RD,,,No Match
4300 BLOCK ARABY CHURCH RD,39.353998630586,-77.382507568812,Match
4300 BLOCK BALLENGER CREEK PIKE,39.351901290738,-77.47005819798,Match
4300 BLOCK BAPTIST RD,39.694750325545,-77.214755374251,Match
4300 BLOCK BUCKEYSTOWN PIKE,39.350554897226,-77.424927943015,Match
4300 BLOCK CAP STINE RD,39.352087008413,-77.490890313745,Match
4300 BLOCK CATHOLIC CHURCH RD,39.34879791815,-77.61700487834,Match
"4300 BLOCK DOVER DR, TRO",39.349103969611,-77.47093732611,Match
4300 BLOCK FLOWER CT,39.468754508646,-77.517589867085,Match
"4300 BLOCK GEORGIA PACIFIC BLVD, BLUE LINX",39.353991722135,-77.419286143324,Match
4300 BLOCK HORINE CT,39.349170700751,-77.554537085122,Match
4300 BLOCK IJAMSVILLE RD,39.35075551365,-77.321788899241,Match
"4300 BLOCK LANDER RD, Bldg:A, WILES FARM - 4300 BLOCKA LANDER RD",39.353321080361,-77.532336560107,Match
4300 BLOCK LANDSDALE BLVD,39.351760998824,-77.284441022632,Match
4300 BLOCK MILLWOOD RD,39.352260948389,-77.183986400782,Match
4300 BLOCK MOUNTVILLE RD,39.35153948711,-77.521907290657,Match
4300 BLOCK MOXLEY VALLEY DR,39.352337302825,-77.222091337298,Match
4300 BLOCK NICKLAUS CT,39.423201219625,-77.52074072425,Match
4300 BLOCK OLD NATIONAL PIKE,39.434687785627,-77.518932009619,Match
"4300 BLOCK OLD NATIONAL PIKE, BOXCAR",39.434687785627,-77.518932009619,Match
"4300 BLOCK OLD NATIONAL PIKE, Bldg:A, TRINITY SALON & SPA",39.434687785627,-77.518932009619,Match
"4300 BLOCK OLD NATIONAL PIKE, HIGHS STORE",39.434687785627,-77.518932009619,Match
"4300 BLOCK OLD NATIONAL PIKE, MEDONE PHARMACY",39.434687785627,-77.518932009619,Match
"4300 BLOCK OLD NATIONAL PIKE, MIDDLETOWN SHELL",39.434687785627,-77.518932009619,Match
"4300 BLOCK OLD NATIONAL PIKE, ROBINWOOD DENTAL",39.434687785627,-77.518932009619,Match
4300 BLOCK PRICES DISTILLERY RD,39.352462065351,-77.312040299178,Match
4300 BLOCK REELS MILL RD,39.350918189616,-77.371724405107,Match
4300 BLOCK RIDGE RD,,,No Match
4300 BLOCK SHAMROCK DR,39.353562348928,-77.290669388266,Match
4300 BLOCK TUSCARORA RD,39.275279174327,-77.52175873986,Match
4300 BLOCK VALLEY VIEW RD,39.33426335433,-76.555157680882,Match
4300 BLOCK VIRIDIAN TER,39.355293638853,-77.288392987091,Match
43100 BLOCK BUTTERFLY WAY,,,No Match
4400 BLOCK BALLENGER CREEK PIKE,,,No Match
"4400 BLOCK BUCKEYSTOWN PIKE, FEMA",39.353583123307,-77.423237787432,Match
4400 BLOCK BUFFALO RD,39.453617327331,-77.121722974761,Match
4400 BLOCK CHESTNUT GROVE RD,39.43472800786,-77.688106892254,Match
4400 BLOCK CROUSE DR,39.359160552833,-77.506727033456,Match
4400 BLOCK FELDSPAR RD,39.429679846306,-77.516171199549,Match
4400 BLOCK FOXVILLE RD,39.638095318905,-77.518761565435,Match
4400 BLOCK GEORGIA PACIFIC BLVD,39.354092133348,-77.419208881622,Match
"4400 BLOCK GEORGIA PACIFIC BLVD, ALSIDE EXTERIOR BUILDING PRODUCTS",39.354092133348,-77.419208881622,Match
"4400 BLOCK GEORGIA PACIFIC BLVD, GAMMA MEDICAL SYSTEMS INC",39.354092133348,-77.419208881622,Match
"4400 BLOCK GEORGIA PACIFIC BLVD, GEORGIA PACIFIC",39.354092133348,-77.419208881622,Match
"4400 BLOCK GEORGIA PACIFIC BLVD, IRON MOUNTAIN",39.354092133348,-77.419208881622,Match
"4400 BLOCK GEORGIA PACIFIC BLVD, IRON MOUNTAIN INC",39.354092133348,-77.419208881622,Match
"4400 BLOCK GEORGIA PACIFIC BLVD, LINK LOGISTICS",39.354092133348,-77.419208881622,Match
4400 BLOCK GREEN VALLEY RD,39.354378105424,-77.269884466936,Match
"4400 BLOCK GREEN VALLEY RD, IAO",39.354378105424,-77.269884466936,Match
4400 BLOCK HIGHBORO DR,39.352592224461,-77.182157813021,Match
4400 BLOCK HOLTER CT,39.39868718787,-77.514752058701,Match
4400 BLOCK JADE CT,39.431546677465,-77.513077469467,Match
4400 BLOCK JEFFERSON PIKE,39.364688069122,-77.514254971456,Match
4400 BLOCK LEWIS MILL CT,39.356114497,-77.536004594299,Match
4400 BLOCK MIDDLE POINT RD,39.565626498749,-77.515325837473,Match
4400 BLOCK MILL BOTTOM RD,39.354339727929,-77.170864488114,Match
"4400 BLOCK MONOCACY BLVD, Apt/Unit:A, IAO",,,No Match
4400 BLOCK NEW DESIGN RD,39.353909258155,-77.447903992829,Match
4400 BLOCK OLD NATIONAL PIKE,39.432789643074,-77.514018391405,Match
4400 BLOCK PRICES DISTILLERY RD,39.355585120508,-77.313216008305,Match
"4400 BLOCK REELS MILL RD, IFO",39.35333576533,-77.370430882111,Match
4400 BLOCK SKYLINE DR,38.625221754984,-77.072166102072,Match
4400 BLOCK STOVEPIPE LN,39.358251831659,-77.280616678888,Match
4400 BLOCK TULIP LN,39.355646658439,-77.282190739303,Match
4400 BLOCK TUSCARORA RD,39.274831300083,-77.514593158947,Match
"4400 BLOCK URBANA PIKE, Bldg:A, Apt/Unit:STE A, MONOCACY CROSSING RESTAURANT",39.35760784713,-77.381240131512,Match
"4400 BLOCK URBANA PIKE, Bldg:A, MONOCACY CROSSING RESTAURANT",39.35760784713,-77.381240131512,Match
44200 BLOCK SPINKS FERRY RD,,,No Match
4500 BLOCK ARABY CHURCH RD,39.358140594415,-77.385870157572,Match
"4500 BLOCK ARABY CHURCH RD, IFO",39.358140594415,-77.385870157572,Match
4500 BLOCK ARBORETUM DR,39.354414314607,-77.289977345242,Match
4500 BLOCK BILL MOXLEY RD,39.358848822246,-77.200506499029,Match
"4500 BLOCK BILL MOXLEY RD, IAO",39.358848822246,-77.200506499029,Match
4500 BLOCK CHERRY LN,39.3998773125,-77.512451301779,Match
4500 BLOCK COXEY BROWN RD,39.499090709123,-77.511795359979,Match
4500 BLOCK DEER SPRING RD,39.415574146365,-77.514755033171,Match
"4500 BLOCK DEER SPRING RD, WLR DISTRIBUTION",39.415574146365,-77.514755033171,Match
4500 BLOCK GREEN VALLEY RD,39.356998619885,-77.269742831536,Match
4500 BLOCK JEFFERSON PIKE,39.364456571445,-77.511494474238,Match
4500 BLOCK LANDSDALE PKWY,39.356016017195,-77.284593814984,Match
"4500 BLOCK LANDSDALE PKWY, Apt/Unit:GREEN VALLEY ELEMENT, GREEN VALLEY ELEMENTARY SCHOOL",39.356016017195,-77.284593814984,Match
"4500 BLOCK MACK AVE, Bldg:B, LAUREL HALL SCHOOL",39.35843486942,-77.430113066162,Match
4500 BLOCK METROPOLITAN CT,39.357054013515,-77.41631866445,Match
"4500 BLOCK METROPOLITAN CT, Bldg:C, US BANK",39.357054013515,-77.41631866445,Match
"4500 BLOCK METROPOLITAN CT, COUNTY DIV UTILITIES & SOLID WASTE MANAGEMENT",39.357054013515,-77.41631866445,Match
"4500 BLOCK METROPOLITAN CT, HERITAGE TRAINING AND SHOOTING CENTER",39.357054013515,-77.41631866445,Match
4500 BLOCK OLD NATIONAL PIKE,39.431844877008,-77.511502998987,Match
4500 BLOCK PINE VALLEY CT,39.463247645794,-77.513632285824,Match
4500 BLOCK PRICES DISTILLERY RD,39.35647430591,-77.314485639758,Match
4500 BLOCK SETHS FOLLY DR,39.356498600596,-77.28383371278,Match
4500 BLOCK SHAFF LN,39.388310127767,-77.510046160784,Match
"4500 BLOCK TAMKO DR, TAMKO BUILDING PRODUCTS",39.35843486942,-77.430113066162,Match
4500 BLOCK TIMBERY DR,39.354528452414,-77.523926548796,Match
4500 BLOCK TINDER BOX CIR,39.357596170103,-77.285184870397,Match
4500 BLOCK TUSCARORA RD,39.2747831142,-77.513433257111,Match
4500 BLOCK URBANA PIKE,39.359922500785,-77.384937437107,Match
4500 BLOCK WILLOW TREE DR,39.435444521728,-77.512422057525,Match
4500 BLOCKB JEFFERSON PIKE,,,No Match
4600 BLOCK ARABY CHURCH RD,39.361155902536,-77.387613112794,Match
4600 BLOCK BARTHOLOWS RD,39.360382249372,-77.226063148752,Match
4600 BLOCK BASSET PL,39.424096440166,-77.511667062072,Match
4600 BLOCK CAMBRIA RD,39.363803485069,-77.445561015132,Match
4600 BLOCK CATHOLIC CHURCH RD,,,No Match
4600 BLOCK CHOATE TER,39.361263454524,-77.542234668121,Match
4600 BLOCK DEER SPRING RD,39.415788885825,-77.509477604962,Match
4600 BLOCK ED MCCLAIN RD,39.359892144722,-77.276979040876,Match
4600 BLOCK FOXVILLE RD,39.638051724156,-77.511280674501,Match
"4600 BLOCK IJAMSVILLE RD, FREDERICK PONY CLUB",39.358983528414,-77.323908316037,Match
"4600 BLOCK IRIS CT, TRO",39.359664659136,-77.267418196461,Match
4600 BLOCK LANDER RD,39.360630192861,-77.532062701,Match
"4600 BLOCK LANDER RD, IFO WILES FARM",39.360630192861,-77.532062701,Match
"4600 BLOCK LANDER RD, JEFFERSON VOLUNTEER FIRE CO",39.360630192861,-77.532062701,Match
"4600 BLOCK LANDER RD, STATION 20",39.360630192861,-77.532062701,Match
4600 BLOCK LIME KILN RD,,,No Match
4600 BLOCK MONROVIA BLVD,39.361453903691,-77.281498110239,Match
4600 BLOCK MOUNT ZION RD,39.398999705893,-77.509214957148,Match
4600 BLOCK NAVISTAR DR,39.361467135025,-77.432216760461,Match
"4600 BLOCK NAVISTAR DR, BOWMAN PLAINS MINI STORAGE",39.361467135025,-77.432216760461,Match
"4600 BLOCK NAVISTAR DR, CRISPLANT INC",39.361467135025,-77.432216760461,Match
4600 BLOCK NEW DESIGN RD,39.36103232278,-77.443096974824,Match
4600 BLOCK OLD NATIONAL PIKE,39.429773640745,-77.507020073657,Match
"4600 BLOCK PINEWOOD TRL, MIDDLETOWN WATER TOWER",39.43235801507,-77.509604061499,Match
4600 BLOCK PLUM RD,39.361559802251,-77.279995910316,Match
4600 BLOCK REELS MILL RD,39.360234830741,-77.368542686764,Match
4600 BLOCK TINDER BOX CIR,,,No Match
4600 BLOCK URBANA PIKE,39.363245479805,-77.386871490727,Match
4600 BLOCK WEDGEWOOD BLVD,39.367142173562,-77.428000373149,Match
"4600 BLOCK WEDGEWOOD BLVD, Apt/Unit:ST118, SIGHT ONE LANDSCAPE SUPPLY",39.367142173562,-77.428000373149,Match
"4600 BLOCK WEDGEWOOD BLVD, BIMBO BAKERIES - 4600 BLOCK WEDGEWOOD BLVD",39.367142173562,-77.428000373149,Match
"4600 BLOCK WEDGEWOOD BLVD, Bldg:101, STUMPY'S HATCHET HOUSE",39.367142173562,-77.428000373149,Match
"4600 BLOCK WEDGEWOOD BLVD, Bldg:N, Apt/Unit:O",39.367142173562,-77.428000373149,Match
"4600 BLOCK WEDGEWOOD BLVD, Bldg:N, IMAGE DIRECT",39.367142173562,-77.428000373149,Match
"4600 BLOCK WEDGEWOOD BLVD, Bldg:N, WEDGEWOOD II FIRE",39.367142173562,-77.428000373149,Match
"4600 BLOCK WEDGEWOOD BLVD, FLYING DOG BREWERY",39.367142173562,-77.428000373149,Match
"4600 BLOCK WEDGEWOOD BLVD, FREDERICK CML",39.367142173562,-77.428000373149,Match
"4600 BLOCK WEDGEWOOD BLVD, FREDERICK GYMNASTICS CLUB",39.367142173562,-77.428000373149,Match
"4600 BLOCK WEDGEWOOD BLVD, NEW WAVE TECHNOLOGIES",39.367142173562,-77.428000373149,Match
"4600 BLOCK WEDGEWOOD BLVD, PEDIADTRIC CENTER IFO",39.367142173562,-77.428000373149,Match
"4600 BLOCK WEDGEWOOD BLVD, WELLNESS INSTITUTE",39.367142173562,-77.428000373149,Match
"4600 BLOCK WEDGEWOOD BLVD, WRIGHT CONSTRUCTION",39.367142173562,-77.428000373149,Match
"4600 BLOCK WEDGEWOOD BLVD, ZAMBORA'S AUTO BODY",39.367142173562,-77.428000373149,Match
4600 BLOCK-A LANDER RD,,,No Match
4700 BLOCK ARABY CHURCH RD,39.362553098625,-77.389351861003,Match
4700 BLOCK ARCADIA DR,,,No Match
"4700 BLOCK ARCADIA DR, Apt/Unit:135",,,No Match
"4700 BLOCK ARCADIA DR, Apt/Unit:135 / 150",,,No Match
"4700 BLOCK ARCADIA DR, Apt/Unit:150",,,No Match
"4700 BLOCK ARCADIA DR, Bldg:G",,,No Match
"4700 BLOCK ARCADIA DR, FOURTH DIMENSION FUN CENTER",,,No Match
4700 BLOCK BALLENGER CREEK PIKE,39.363566306304,-77.460509295636,Match
4700 BLOCK BLACK EYED SUSAN MEWS,39.36154651187,-77.280847923045,Match
"4700 BLOCK BURKITTSVILLE RD, IAO",39.362123822931,-77.637401396665,Match
4700 BLOCK CAMBRIA RD,39.365497159411,-77.444971727393,Match
4700 BLOCK CORNER STONE MEWS,,,No Match
4700 BLOCK COWMANS CT S,39.360823244699,-77.223154752123,Match
4700 BLOCK COXEY BROWN RD,39.50356346992,-77.505570752044,Match
4700 BLOCK DE INVIERNO PL,39.363885968783,-77.192149018671,Match
4700 BLOCK DE INVIERNO WAY,39.363156693772,-77.191795796009,Match
"4700 BLOCK DE INVIERNO WAY, PH2",39.363156693772,-77.191795796009,Match
4700 BLOCK E BASFORD RD,39.310225487976,-77.504655454404,Match
4700 BLOCK ELMER DERR RD,39.363029658082,-77.50214989709,Match
4700 BLOCK FORD FIELDS RD,39.524382468801,-77.506440467293,Match
4700 BLOCK FOX TOWER RD,,,No Match
4700 BLOCK HAZELNUT CT,,,No Match
4700 BLOCK IJAMSVILLE RD,39.362520294399,-77.325609760952,Match
"4700 BLOCK IJAMSVILLE RD(OLD), CROSS ROADS FREEDOM CENTER",,,No Match
"4700 BLOCK IJAMSVILLE RD(OLD), CROSSROADS FREEDOM CENTER",,,No Match
"4700 BLOCK IJAMSVILLE RD(OLD), GABRIELS INN (OLD)",,,No Match
4700 BLOCK MARIANNE DR,39.361607935895,-77.232197243061,Match
4700 BLOCK MID COUNTY CT,39.363658169468,-77.244748809665,Match
4700 BLOCK MIDDLE POINT RD,39.571288372573,-77.503341904887,Match
4700 BLOCK MONROVIA BLVD,39.362460887961,-77.280945804006,Match
4700 BLOCK MORNING MEWS,,,No Match
4700 BLOCK MOUNT ZION RD,39.39698293728,-77.505101327181,Match
4700 BLOCK MUSSETTER RD,39.360915117019,-77.322985625102,Match
4700 BLOCK OLD NATIONAL PIKE,39.426859110084,-77.505522750127,Match
4700 BLOCK S REYBURN CT,39.360488505617,-77.230306114268,Match
"4700 BLOCK SCHLEY AVE, TO THE REAR OF THIS LOCATION",,,No Match
4700 BLOCK TEEN BARNES RD,39.379083261012,-77.506019273155,Match
4700 BLOCK TUSCARORA RD,39.274577228965,-77.508192956152,Match
4700 BLOCK VONA LN,39.366179622953,-77.448432337352,Match
4700 BLOCK WINCHESTER BLVD,39.342381788878,-77.504664697961,Match
"4700 BLOCK YARD WASTE CT, COUNTY LANDFILL TRANSFER STATION",,,No Match
4800 BLOCK AMESBURY WAY,39.36362837869,-77.535027324563,Match
4800 BLOCK BROAD RUN RD,39.367073489525,-77.554688099241,Match
"4800 BLOCK BUCKEYSTOWN PIKE, HOME2 SUITES",,,No Match
4800 BLOCK BUFFALO RD,39.4437947139,-77.126796041383,Match
4800 BLOCK BURKITTSVILLE RD,39.362760896349,-77.637317291897,Match
4800 BLOCK CAP STINE RD,,,No Match
4800 BLOCK ED MCCLAIN RD,39.365180255147,-77.276055616063,Match
"4800 BLOCK ED MCCLAIN RD, JUST PAST",39.365180255147,-77.276055616063,Match
"4800 BLOCK ELMER DERR RD, UNITARIAN CONGREGATION CHURCH",39.363867178117,-77.500650705176,Match
4800 BLOCK FINNICAL WAY,,,No Match
"4800 BLOCK FINNICAL WAY, Apt/Unit:203",,,No Match
4800 BLOCK GOVERNORS WAY,,,No Match
"4800 BLOCK GREEN VALLEY RD, EXTREME FABRICATION",39.365504029415,-77.270404007515,Match
4800 BLOCK HITESHOW DR,39.364921129115,-77.44653066363,Match
4800 BLOCK IJAMSVILLE RD,39.363857922728,-77.32404233465,Match
"4800 BLOCK INTERNATIONAL BLVD, Apt/Unit:102",,,No Match
4800 BLOCK MARIANNE DR,39.363842820924,-77.231616241703,Match
4800 BLOCK MARSDEN CT,39.368318014381,-77.439711504471,Match
4800 BLOCK MOUNT ZION RD,39.394068134321,-77.500728933875,Match
4800 BLOCK MUSSETTER RD,39.364155141689,-77.320120613061,Match
4800 BLOCK OLD MIDDLETOWN RD,39.36529519179,-77.53843694089,Match
4800 BLOCK OLD NATIONAL PIKE,39.424430656717,-77.50377822324,Match
"4800 BLOCK OLD NATIONAL PIKE, Apt/Unit:A",39.424430656717,-77.50377822324,Match
"4800 BLOCK OLD NATIONAL PIKE, IFO",39.424430656717,-77.50377822324,Match
4800 BLOCK OLD SWIMMING POOL RD,39.412481173877,-77.500334217793,Match
"4800 BLOCK OLD SWIMMING POOL RD, Apt/Unit:HTTPS://A91.IO/45LVJ",39.412481173877,-77.500334217793,Match
4800 BLOCK PIONEER CIR,39.369388247105,-77.501209645574,Match
4800 BLOCK PRUSSMAN WAY,,,No Match
4800 BLOCK RAILWAY CIR,,,No Match
4800 BLOCK SHOOKSTOWN RD,39.45601402901,-77.501148185846,Match
4800 BLOCK SIDING CT,,,No Match
4800 BLOCK STOCKTON CT,39.365427266517,-77.525553295158,Match
"4800 BLOCK URBANA PIKE, MONOCACY BATTLEFIELD",,,No Match
4800 BLOCK WHISKEY CT,39.360804496826,-77.300211190245,Match
"4800 BLOCK WHISKEY CT, WHISKEY CREEK GOLF CLUB",39.360804496826,-77.300211190245,Match
4800 BLOCK WINCHESTER BLVD,39.346724776874,-77.504479959338,Match
"4800 BLOCK WINCHESTER BLVD, Apt/Unit:102",39.346724776874,-77.504479959338,Match
"4800 BLOCK WINCHESTER BLVD, WINCHESTER",39.346724776874,-77.504479959338,Match
4900 BLOCK ARCTIC TERN CT,39.367629987785,-77.431693455458,Match
4900 BLOCK BARCLAY TER,,,No Match
4900 BLOCK BURKITTSVILLE RD,39.367071810893,-77.636750429568,Match
4900 BLOCK CAMDEN PL N,39.366208704489,-77.531111157483,Match
4900 BLOCK CAVERNESS CT,39.370980234501,-77.443419959104,Match
4900 BLOCK CHRISTIAN KEMP DR S,39.36821092664,-77.452267595067,Match
4900 BLOCK EDGEWARE TER,39.371053946004,-77.440828010869,Match
"4900 BLOCK ELEANOR DR, CELL TOWER TUSCARORA HIGH SCHOOL",39.368183286141,-77.452384374185,Match
4900 BLOCK EXECUTIVE CT S,39.368792201316,-77.421009228129,Match
"4900 BLOCK EXECUTIVE CT S, Apt/Unit:D",39.368792201316,-77.421009228129,Match
4900 BLOCK FAIRFIELD RD,,,No Match
"4900 BLOCK FAIRFIELD RD, WELLSPAN",,,No Match
"4900 BLOCK FAIRFIELD RD, WELLSPAN REHAB",,,No Match
4900 BLOCK FARRINGDON CT,39.372771233777,-77.441138461617,Match
4900 BLOCK FORD FIELDS RD,39.533761847053,-77.502565005874,Match
4900 BLOCK GREEN VALLEY RD,39.370414439023,-77.271921278725,Match
"4900 BLOCK GREEN VALLEY RD, Apt/Unit:G, IAO",39.370414439023,-77.271921278725,Match
4900 BLOCK INTERNATIONAL BLVD,39.368958908272,-77.425658963395,Match
"4900 BLOCK INTERNATIONAL BLVD, Apt/Unit:113",39.368958908272,-77.425658963395,Match
4900 BLOCK JACK LINTON DR N,,,No Match
4900 BLOCK JEFFERSON PIKE,39.370956788788,-77.498534602105,Match
4900 BLOCK LINGANORE WOODS DR,39.367490213643,-77.235909659654,Match
4900 BLOCK LYNN BURKE RD,39.36656009464,-77.240467720245,Match
4900 BLOCK MACDONOUGH PL,39.370873218506,-77.421641461156,Match
4900 BLOCK MARIANNE DR,39.366238165963,-77.228951516027,Match
4900 BLOCK MEADOW CT,39.367698591935,-77.537479102767,Match
"4900 BLOCK MERIDIAN WAY, Bldg:A, WELLINGTON TRACE APTS - 4900 BLOCK MERIDIAN WAY",39.364959278386,-77.435540332497,Match
"4900 BLOCK MERIDIAN WAY, Bldg:B, WELLINGTON TRACE APTS - 4900 BLOCKA MERIDIAN WAY",39.364959278386,-77.435540332497,Match
"4900 BLOCK MOUNTVILLE RD, PH2",39.327675609852,-77.498301335171,Match
4900 BLOCK MUSSETTER RD,39.367252180676,-77.316933792315,Match
"4900 BLOCK NEW DESIGN RD, LENNOX PARTS PLUS",,,No Match
"4900 BLOCK NEW DESIGN RD, MATTRESS WAREHOUSE - NEW DESIGN RD",,,No Match
"4900 BLOCK NEW DESIGN RD, MONOCACY SURGERY CENTER",,,No Match
4900 BLOCK OLD BARTHOLOWS RD,39.367512488637,-77.225805994263,Match
4900 BLOCK OLD NATIONAL PIKE,39.422797008204,-77.498931044605,Match
4900 BLOCK PINTAIL CT,39.370548234083,-77.429316963172,Match
4900 BLOCK REELS MILL RD,39.364695799529,-77.368328596637,Match
4900 BLOCK RIDGE CREST CT,39.427727561953,-77.499867213413,Match
4900 BLOCK SMALL GAINS WAY,39.368799676771,-77.444614189895,Match
4900 BLOCK SUTHERLAND DR,39.371432391304,-77.444465988653,Match
4900 BLOCK TALL OAKS DR,39.361660235535,-77.236603333953,Match
4900 BLOCK TEEN BARNES RD,39.379957752238,-77.497276824196,Match
"4900 BLOCK WESTVIEW DR, HOMEWOOD SUITES",39.368259050711,-77.415413863783,Match
4900 BLOCK WHITNEY TER,39.369766210566,-77.442090856033,Match
4900 BLOCK WINCHESTER BLVD,39.346574278476,-77.497355029945,Match
"4900 BLOCK WINCHESTER BLVD, HI TECH FASTENERS INC - STANFORD INDUSTRIAL CENTER",39.346574278476,-77.497355029945,Match
"4900 BLOCK WINCHESTER BLVD, MISCELLANEOUS METALS - STANFORD INDUSTRIAL CENTER",39.346574278476,-77.497355029945,Match
4900 BLOCK(3584) BLK FAIRFIELD RD,,,No Match
"4900 BLOCKC MERIDIAN WAY, Apt/Unit:27",,,No Match
"4900 BLOCKC MERIDIAN WAY, Apt/Unit:32",,,No Match
500 BLOCK BANQUET LN,,,No Match
500 BLOCK BEEBE CT,39.409904160777,-77.450331678775,Match
500 BLOCK BOYLES ST,,,No Match
"500 BLOCK BOYLES ST, NCI - BLDG 500 BLOCK",,,No Match
"500 BLOCK BRADLEY CT, Apt/Unit:A, BUCKINGHAM CONDOS - 500 BLOCK BRADLEY CT",39.404966237891,-77.437250132481,Match
"500 BLOCK BRADLEY CT, Apt/Unit:E, BUCKINGHAM CONDOS #5",39.404966237891,-77.437250132481,Match
"500 BLOCK BRADLEY CT, Apt/Unit:E, BUCKINGHAM CONDOS - 500 BLOCK BRADLEY CT",39.404966237891,-77.437250132481,Match
"500 BLOCK BRADLEY CT, Apt/Unit:L, BUCKINGHAM CONDOS - 500 BLOCK BRADLEY CT",39.404966237891,-77.437250132481,Match
"500 BLOCK BRADLEY CT, BUCKINGHAM CONDOS - 500 BLOCK BRADLEY CT",39.404966237891,-77.437250132481,Match
500 BLOCK BRIDLEWREATH,39.388080823398,-77.150981381334,Match
"500 BLOCK BRODBECK DR, HOOD COLLEGE - ALUMNAE HALL",,,No Match
500 BLOCK BRUNSWICK ST,,,No Match
500 BLOCK CARROLL WALK AVE,39.420683223849,-77.388527730274,Match
500 BLOCK CARROLLTON DR,39.404493845422,-77.4243766881,Match
500 BLOCK CASCADE WAY,39.410783442826,-77.443302812891,Match
"500 BLOCK CASCADE WAY, IAO",39.410783442826,-77.443302812891,Match
"500 BLOCK CAWLEY DR, Apt/Unit:1C, BALLENGER POINTE CONDOS - 500 BLOCK CAWLEY DR",39.395313518491,-77.434668516237,Match
"500 BLOCK CAWLEY DR, Apt/Unit:1D, BALLENGER POINTE CONDOS - 500 BLOCK CAWLEY DR",39.395313518491,-77.434668516237,Match
"500 BLOCK CAWLEY DR, Apt/Unit:2B, BALLENGER POINTE CONDOS - 500 BLOCK CAWLEY DR",39.395313518491,-77.434668516237,Match
"500 BLOCK CAWLEY DR, BALLENGER POINTE CONDOS - 500 BLOCK CAWLEY DR",39.395313518491,-77.434668516237,Match
"500 BLOCK CAWLEY DR, OUTSIDE OF MY UNIT",39.395313518491,-77.434668516237,Match
"500 BLOCK CHANDLER ST, Apt/Unit:3, NCI - BLDG 500 BLOCK",,,No Match
"500 BLOCK CHANDLER ST, NCI - BLDG 500 BLOCK",,,No Match
500 BLOCK CHAPEL ALY,,,No Match
"500 BLOCK CHAPEL CT, Apt/Unit:322, GLADETOWN CONDOS - 500 BLOCK CHAPEL CT",39.484459763884,-77.342212637218,Match
500 BLOCK CHUKKAR CT,39.412334579615,-77.462517995573,Match
500 BLOCK COFFMAN CHAPEL DR,,,No Match
"500 BLOCK COFFMAN CHAPEL DR, HOOD COLLEGE - COFFMAN CHAPEL",,,No Match
"500 BLOCK COFFMAN CHAPEL DR, HOOD COLLEGE - MEMORIAL HALL",,,No Match
"500 BLOCK COFFMAN CHAPEL DR, HOOD COLLEGE - NEW RESIDENCE HALL",,,No Match
"500 BLOCK COFFMAN CHAPEL DR, HOOD COLLEGE - SMITH HALL",,,No Match
"500 BLOCK COFFMAN CHAPEL DR, HOOD COLLEGE MEMORIAL HALL",,,No Match
"500 BLOCK COFFMAN CHAPEL DR, MEMORIAL HALL - HOOD COLLEGE",,,No Match
"500 BLOCK COFFMAN CHAPEL DR, NEW RESIDENCE HALL - HOOD COLLEGE",,,No Match
"500 BLOCK COFFMAN CHAPEL DR, SMITH HALL",,,No Match
500 BLOCK DEER HOLLOW DR,39.375920063654,-77.170338936495,Match
500 BLOCK E BALTIMORE ST,,,No Match
500 BLOCK E CHURCH ST,,,No Match
"500 BLOCK E CHURCH ST, EASTSIDE RESTAURANT",,,No Match
"500 BLOCK E CHURCH ST, IN AREA OF: IN BACK OF",,,No Match
500 BLOCK E MAIN ST,,,No Match
"500 BLOCK E MAIN ST, JUBILEE FOODS",,,No Match
500 BLOCK E MOUNTAIN RD,39.340458632696,-77.651492273093,Match
500 BLOCK E POTOMAC ST,,,No Match
500 BLOCK E RIDGEVILLE BLVD,39.365380801831,-77.165728158166,Match
500 BLOCK E SEVENTH ST,,,No Match
"500 BLOCK E SOUTH ST, JM MULTI SERVICE",39.409191026096,-77.401387815154,Match
500 BLOCK EISENHOWER DR,39.408797054138,-77.441424585982,Match
500 BLOCK ELLISON CT,39.406243503228,-77.437637202561,Match
500 BLOCK ELM ST,,,No Match
500 BLOCK FAIRVIEW AVE,,,No Match
500 BLOCK FRAIM ST,,,No Match
"500 BLOCK GARDEN GATE DR, IAO",,,No Match
500 BLOCK GATEWAY DR W,39.620342152539,-77.421445889594,Match
500 BLOCK GILLESPIE DR,,,No Match
500 BLOCK GLENBROOK DR,,,No Match
500 BLOCK GOLDSPIRE CIR,39.409291970205,-77.442209395549,Match
500 BLOCK GRANT DR,,,No Match
"500 BLOCK HIGHLAND ST, Bldg:F, KRITES AUTOMOTIVE",39.416103398921,-77.398319394722,Match
"500 BLOCK HIGHLAND ST, HIGHLAND TECHNOLOGY PARK",39.416103398921,-77.398319394722,Match
"500 BLOCK HIGHLAND ST, STUDIO 20",39.416103398921,-77.398319394722,Match
500 BLOCK HIMES AVE,,,No Match
"500 BLOCK HIMES AVE, DUTCHS DAUGHTER RESTAURANT",,,No Match
500 BLOCK HODSON DR,,,No Match
"500 BLOCK HODSON DR, HOOD COLLEGE - HODSON SCIENCE CENTER",,,No Match
"500 BLOCK HODSON DR, HOOD COLLEGE - MEYRAN HALL",,,No Match
"500 BLOCK HODSON DR, HOOD COLLEGE - SHRINER HALL",,,No Match
500 BLOCK HOLLYBERRY WAY,39.410519448185,-77.442359578343,Match
500 BLOCK ISAAC RUSSELL ST,39.388671797236,-77.266067785672,Match
"500 BLOCK ISAAC RUSSELL ST, TRO",39.388671797236,-77.266067785672,Match
500 BLOCK KARN PL,39.322593698181,-77.632414874445,Match
500 BLOCK KLINEHARTS ALY,39.420845441872,-77.411284459855,Match
"500 BLOCK KLINEHARTS ALY, Apt/Unit:102",39.420845441872,-77.411284459855,Match
"500 BLOCK KLINEHARTS ALY, CALLER SAYS ACROSS FROM 507",39.420845441872,-77.411284459855,Match
500 BLOCK LANCASTER PL,39.410320133803,-77.448560549147,Match
"500 BLOCK LEAHY CT, Apt/Unit:1J, BUCKINGHAM CONDOS #1",39.405219850532,-77.437608445223,Match
"500 BLOCK LEAHY CT, Apt/Unit:K, BUCKINGHAM CONDOS",39.405219850532,-77.437608445223,Match
"500 BLOCK LEAHY CT, BUCKINGHAM CONDOS - 500 BLOCK LEAHY CT",39.405219850532,-77.437608445223,Match
500 BLOCK LEE PL,39.428692687634,-77.429894491604,Match
500 BLOCK LOGAN ST,39.405793904665,-77.419491292828,Match
500 BLOCK MAIN ST,,,No Match
"500 BLOCK MARSHALL CT, Apt/Unit:A, BUCKINGHAM CONDOS #3",39.40451836692,-77.437585987394,Match
"500 BLOCK MARSHALL CT, Apt/Unit:B, BUCKINGHAM CONDOS - 500 BLOCK MARSHALL CT",39.40451836692,-77.437585987394,Match
"500 BLOCK MARSHALL CT, BUCKINGHAM CONDOS - 500 BLOCK MARSHALL CT",39.40451836692,-77.437585987394,Match
"500 BLOCK MONOCACY BLVD, CONGRESSIONAL IRON - AIRPORT INDUSTRIAL PARK",39.409205937572,-77.386955965054,Match
"500 BLOCK MONOCACY BLVD, CORPORATE PRESS",39.409205937572,-77.386955965054,Match
500 BLOCK N BENTZ ST,39.420920727882,-77.412356143264,Match
"500 BLOCK N BENTZ ST, Apt/Unit:102",39.420920727882,-77.412356143264,Match
"500 BLOCK N BENTZ ST, Apt/Unit:UNIT 102",39.420920727882,-77.412356143264,Match
"500 BLOCK N BENTZ ST, FREDERICK DISCOUNT LIQUORS",39.420920727882,-77.412356143264,Match
"500 BLOCK N EAST ST, Apt/Unit:LST STORE IN LEFT, SEVEN ELEVEN",,,No Match
"500 BLOCK N EAST ST, EAST STREET PLAZA",,,No Match
"500 BLOCK N EAST ST, GRIMMS AUTOMOVATION",,,No Match
"500 BLOCK N MAPLE AVE, STATION LC602 - PURCELLVILLE VOLUNTEER FIRE COMPANY",39.317092121174,-77.626023075533,Match
500 BLOCK N MARKET ST,39.420393533462,-77.410094435574,Match
"500 BLOCK N MARKET ST, Apt/Unit:110",39.420393533462,-77.410094435574,Match
"500 BLOCK N MARKET ST, Apt/Unit:419",39.420393533462,-77.410094435574,Match
"500 BLOCK N MARKET ST, FIFTY/FIFTY",39.420393533462,-77.410094435574,Match
"500 BLOCK N MARKET ST, STATION 2",39.420393533462,-77.410094435574,Match
"500 BLOCK N MARKET ST, STATION 3",39.420393533462,-77.410094435574,Match
500 BLOCK NATURAL DAM RD,,,No Match
500 BLOCK OLD MILL RD,39.117900898743,-76.619641875039,Match
500 BLOCK OLD STAGE RD,,,No Match
"500 BLOCK PALACKY ST, FORT DETRICK BLDG 500 BLOCK",,,No Match
500 BLOCK PARTRIDGE WAY,39.415065048735,-77.465575943365,Match
"500 BLOCK PATTON CIR, Apt/Unit:H, BUCKINGHAM CONDOS - 500 BLOCK PATTON CIR",39.404290432808,-77.438366334386,Match
"500 BLOCK PATTON CIR, Apt/Unit:J, BUCKINGHAM CONDOS - 500 BLOCK PATTON CIR",39.404290432808,-77.438366334386,Match
"500 BLOCK PATTON CIR, BUCKINGHAM CONDOS - 500 BLOCK PATTON CIR",39.404290432808,-77.438366334386,Match
500 BLOCK PEARL ST,39.40602029194,-77.426018541132,Match
"500 BLOCK PEARSON CIR, THE LODGE AT WILLOW POND",39.47431212827,-77.409044509525,Match
500 BLOCK POLPERRO ST,,,No Match
500 BLOCK POSTOAK RD,39.4126958929,-77.45499684586,Match
500 BLOCK PRIEUR RD,,,No Match
500 BLOCK PRIMUS CT,39.405742825825,-77.436752670895,Match
"500 BLOCK PROSPECT BLVD, Bldg:B, Apt/Unit:4, JEFFERSON CHASE CONDOS - 500 BLOCKB PROSPECT BLVD",,,No Match
"500 BLOCK PROSPECT BLVD, Bldg:B, Apt/Unit:B9, JEFFERSON CHASE CONDOS - 500 BLOCKB PROSPECT BLVD",,,No Match
"500 BLOCK PROSPECT BLVD, Bldg:C, Apt/Unit:2, JEFFERSON CHASE CONDOS - 500 BLOCKC PROSPECT BLVD",,,No Match
"500 BLOCK PROSPECT BLVD, Bldg:C, Apt/Unit:C29, JEFFERSON CHASE CONDOS - 500 BLOCKC PROSPECT BLVD",,,No Match
"500 BLOCK PROSPECT BLVD, Bldg:C, JEFFERSON CHASE APARTMENTS - 500 BLOCK PROSPECT BLVD",,,No Match
"500 BLOCK PROSPECT BLVD, JEFFERSON CHASE APARTMENTS",,,No Match
500 BLOCK RAMBLING SUNSET CIR,39.374862824015,-77.167853422042,Match
500 BLOCK S FRIZZLEBURG RD,39.58830991488,-77.084940914974,Match
"500 BLOCK S MAIN ST, STATION FC005 - MONT ALTO FD",,,No Match
500 BLOCK S MARKET ST,39.406408305077,-77.411888397483,Match
"500 BLOCK S MARKET ST, MONARCH SALON",39.406408305077,-77.411888397483,Match
"500 BLOCK S MARKET ST, MOUNT OLIVET CEMETERY",39.406408305077,-77.411888397483,Match
"500 BLOCK S MARKET ST, THE ARC OF FREDERICK COUNTY",39.406408305077,-77.411888397483,Match
500 BLOCK SAGE HEN WAY,39.415569653203,-77.466995012847,Match
"500 BLOCK SILO HILL PKWY, SLEEP INN & SUITES - EMMITSBURG",,,No Match
500 BLOCK SNOWSHILL ST,,,No Match
"500 BLOCK SNOWSHILL ST, BANEBRIDGE MARKET PLACE",,,No Match
500 BLOCK STANTON ST,,,No Match
"500 BLOCK STANTON ST, Apt/Unit:204",,,No Match
"500 BLOCK STANTON ST, Apt/Unit:308",,,No Match
"500 BLOCK STANTON ST, Apt/Unit:313",,,No Match
"500 BLOCK STANTON ST, Apt/Unit:412",,,No Match
"500 BLOCK STANTON ST, Apt/Unit:416",,,No Match
"500 BLOCK STANTON ST, BAINBRIDGE AT MARKET COMMONS",,,No Match
500 BLOCK STONE SPRINGS LN,39.430115133038,-77.526687392245,Match
500 BLOCK SUGARBUSH CIR,39.409875028036,-77.441038817086,Match
"500 BLOCK SULTAN DR, NCI - BLDG 500 BLOCK",,,No Match
500 BLOCK SUMMER BLOSSOM TER,39.395593328755,-77.148586709665,Match
500 BLOCK SWALLOWTAIL DR,39.411519572513,-77.464498649644,Match
500 BLOCK SYLVAN CT,,,No Match
500 BLOCK TIMBERMILL CT,39.713332487119,-77.332723606728,Match
500 BLOCK UNION ST,39.420375268749,-77.385546673068,Match
500 BLOCK W MAIN ST,,,No Match
500 BLOCK W PATRICK ST,39.413453270448,-77.425661623918,Match
"500 BLOCK W PATRICK ST, WEST FREDERICK MIDDLE SCHOOL",39.413453270448,-77.425661623918,Match
500 BLOCK W POTOMAC ST,39.314083941096,-77.633277665656,Match
500 BLOCK W SEVENTH ST,,,No Match
"500 BLOCK W SEVENTH ST, FHH IMMEDIATE CARE",,,No Match
"500 BLOCK W SEVENTH ST, FHH IMMEDIATE CARE - FREDERICK",,,No Match
"500 BLOCK W SOUTH ST, Apt/Unit:101, THE JUNCTION APARTMENTS",39.411267717154,-77.42149725979,Match
"500 BLOCK W SOUTH ST, THE JUNCTION APARTMENTS",39.411267717154,-77.42149725979,Match
"500 BLOCK W SOUTH ST, WEST END LAUNDROMAT",39.411267717154,-77.42149725979,Match
"500 BLOCK WASHINGTON AVE, HAGERSTOWN ENGINE 4",,,No Match
"500 BLOCK WASHINGTON AVE, STATION WCE004 - WESTERN ENTERPRISE FC",,,No Match
500 BLOCK WILSON PL,39.427909983912,-77.428715525103,Match
500 BLOCK WINTERSPICE DR,39.408312349671,-77.443714713672,Match
500 BLOCKA W PATRICK ST,,,No Match
5000 BLOCK BALLENGER CREEK PIKE,39.369078714375,-77.447852579812,Match
5000 BLOCK BOB WHITE CT,39.369647360047,-77.433975372922,Match
5000 BLOCK BUCKEYSTOWN PIKE,39.370112246498,-77.412543717738,Match
"5000 BLOCK BUCKEYSTOWN PIKE, Apt/Unit:146",39.370112246498,-77.412543717738,Match
"5000 BLOCK BUCKEYSTOWN PIKE, Bldg:1",39.370112246498,-77.412543717738,Match
"5000 BLOCK BUCKEYSTOWN PIKE, Bldg:1, BELLE NAILS - WESTVIEW VILLAGE SHOPPING CENTER",39.370112246498,-77.412543717738,Match
"5000 BLOCK BUCKEYSTOWN PIKE, Bldg:2",39.370112246498,-77.412543717738,Match
"5000 BLOCK BUCKEYSTOWN PIKE, TMOBILE",39.370112246498,-77.412543717738,Match
"5000 BLOCK BUCKEYSTOWN PIKE, WENDYS",39.370112246498,-77.412543717738,Match
5000 BLOCK BURKITTSVILLE RD,39.369736525467,-77.639344819702,Match
5000 BLOCK CAMELBACK LN,39.384168468815,-77.493998967874,Match
5000 BLOCK CROYDON CT,39.371212082768,-77.438822262828,Match
5000 BLOCK CROYDON TER,39.371099017536,-77.438861545613,Match
5000 BLOCK DOUBS RD,39.312139447708,-77.490140846223,Match
5000 BLOCK GREEN VALLEY RD,39.372633132631,-77.272317383547,Match
"5000 BLOCK GREEN VALLEY RD, Bldg:B",39.372633132631,-77.272317383547,Match
5000 BLOCK IJAMSVILLE RD,,,No Match
5000 BLOCK IRONSIDES DR,,,No Match
"5000 BLOCK JEFFERSON PIKE, Apt/Unit:A",39.375019014683,-77.494558656931,Match
5000 BLOCK JUDICIAL WAY,39.370283721316,-77.420752169452,Match
5000 BLOCK MERGANSER CT,39.371730510672,-77.43152189879,Match
5000 BLOCK OLD BARTHOLOWS RD,39.370557358522,-77.226233583755,Match
5000 BLOCK OLD NATIONAL PIKE,39.42282602082,-77.494799032628,Match
"5000 BLOCK OLD SWIMMING POOL RD, IAO",39.409574488945,-77.494391829512,Match
5000 BLOCK S RENN CT,39.370429131154,-77.481700202623,Match
5000 BLOCK SAINT SIMON CT,39.371289902915,-77.439850242184,Match
"5000 BLOCK SHOOKSTOWN RD, Bldg:B",39.453645793189,-77.49513542899,Match
5000 BLOCK SMALL GAINS WAY,39.369259671304,-77.446542203147,Match
5000 BLOCK SNOW DR,,,No Match
5000 BLOCK SWITZER BARN LN,39.370966582095,-77.44988829446,Match
"5000 BLOCK TUSCARORA RD, TUSCARORA GUN CLUB",,,No Match
5000 BLOCK WESLEY SQ,39.371382315462,-77.450723173287,Match
"5000 BLOCK WESTVIEW DR, TOWNEPLACE SUITES BY MARRIOTT",39.370650691236,-77.413608852017,Match
5000 BLOCK WOODVILLE RD,39.371570142999,-77.209534489301,Match
5100 BLOCK BUCKEYSTOWN PIKE,39.371881917578,-77.411203655877,Match
"5100 BLOCK BUCKEYSTOWN PIKE, Apt/Unit:158",39.371881917578,-77.411203655877,Match
"5100 BLOCK BUCKEYSTOWN PIKE, Apt/Unit:186, WESTVIEW URGENT CARE",39.371881917578,-77.411203655877,Match
"5100 BLOCK BUCKEYSTOWN PIKE, Apt/Unit:198",39.371881917578,-77.411203655877,Match
"5100 BLOCK BUCKEYSTOWN PIKE, Apt/Unit:STE 150, CAFE RIO",39.371881917578,-77.411203655877,Match
"5100 BLOCK BUCKEYSTOWN PIKE, Apt/Unit:SUITE 182, MIRACLE EAR",39.371881917578,-77.411203655877,Match
"5100 BLOCK BUCKEYSTOWN PIKE, Bldg:123, STATE HIGHWAY ADMINISTRATION / MDOT",39.371881917578,-77.411203655877,Match
"5100 BLOCK BUCKEYSTOWN PIKE, Bldg:170, Apt/Unit:158, PHSYICAL THEARPY",39.371881917578,-77.411203655877,Match
"5100 BLOCK BUCKEYSTOWN PIKE, Bldg:170, Apt/Unit:SUIT 186, URGENT CARE",39.371881917578,-77.411203655877,Match
"5100 BLOCK BUCKEYSTOWN PIKE, Bldg:170, FIREHOUSE SUBS",39.371881917578,-77.411203655877,Match
"5100 BLOCK BUCKEYSTOWN PIKE, Bldg:174, LUCKY CORNER VIETNAMESE CUISINE AT WESTVIEW - WESTVIEW VILLAGE SHOPPING CENTER",39.371881917578,-77.411203655877,Match
"5100 BLOCK BUCKEYSTOWN PIKE, SECU CREDIT UNION",39.371881917578,-77.411203655877,Match
"5100 BLOCK BUCKEYSTOWN PIKE, SECU CREDIT UNION - WESTVIEW VILLAGE SHOPPING CENTER",39.371881917578,-77.411203655877,Match
"5100 BLOCK BUCKEYSTOWN PIKE, SILVER DINER - WESTVIEW VILLAGE SHOPPING CENTER",39.371881917578,-77.411203655877,Match
"5100 BLOCK BUCKEYSTOWN PIKE, STATE HIGHWAY ADMINISTRATION",39.371881917578,-77.411203655877,Match
5100 BLOCK CHARLINGTON CT,39.369561352609,-77.436537285135,Match
5100 BLOCK CONSTITUTION ST,39.373136311871,-77.420557414625,Match
"5100 BLOCK CONSTITUTION ST, PH2",39.373136311871,-77.420557414625,Match
5100 BLOCK CONTINENTAL DR,,,No Match
5100 BLOCK DARTMOOR PL,39.370095002245,-77.437252559185,Match
5100 BLOCK DOUBS RD,39.307138994698,-77.489311156497,Match
"5100 BLOCK DOUBS RD, HOPE CHRISTIAN FELLOWSHIP CHURCH",39.307138994698,-77.489311156497,Match
5100 BLOCK FOX TOWER RD,,,No Match
5100 BLOCK GARLAND CT,39.372590738956,-77.317241405189,Match
5100 BLOCK GREEN VALLEY RD,39.375322727159,-77.271513434371,Match
5100 BLOCK INTERCOASTAL CT,39.373585877896,-77.278277753924,Match
5100 BLOCK IRONSIDES DR,,,No Match
5100 BLOCK JEFFERSON PIKE,39.376664872442,-77.491598886854,Match
5100 BLOCK MAITLAND TER,39.410600230445,-77.488499178284,Match
5100 BLOCK MCLAUREN LN,39.36949791922,-77.436694836929,Match
5100 BLOCK MOUNT ZION RD,,,No Match
5100 BLOCK MOUNTVILLE RD,39.321732289663,-77.489046833177,Match
"5100 BLOCK OLD BARTHOLOWS RD, Bldg:A",39.374459517951,-77.232033031487,Match
"5100 BLOCK OLD NATIONAL PIKE, TROUT LIQUORS",39.422974619101,-77.491328185942,Match
5100 BLOCK PEGASUS CT,39.371355511318,-77.409481199886,Match
"5100 BLOCK PEGASUS CT, Apt/Unit:D",39.371355511318,-77.409481199886,Match
"5100 BLOCK PEGASUS CT, Apt/Unit:D-F",39.371355511318,-77.409481199886,Match
"5100 BLOCK PEGASUS CT, BRIGHT EYES DAYCARE - CENTER AT MONOCACY",39.371355511318,-77.409481199886,Match
"5100 BLOCK PEGASUS CT, BUCKEYSTOWN PIKE OFFICE CENTER",39.371355511318,-77.409481199886,Match
"5100 BLOCK PEGASUS CT, Bldg:B, CROSSFIT FREDERICK - CENTER AT MONOCACY",39.371355511318,-77.409481199886,Match
"5100 BLOCK PEGASUS CT, Bldg:D",39.371355511318,-77.409481199886,Match
"5100 BLOCK PEGASUS CT, Bldg:D, COLLECTIVE CHURCH",39.371355511318,-77.409481199886,Match
"5100 BLOCK PEGASUS CT, CHILIS - CENTER AT MONOCACY",39.371355511318,-77.409481199886,Match
"5100 BLOCK PEGASUS CT, IAO",39.371355511318,-77.409481199886,Match
"5100 BLOCK PEGASUS CT, KRISPY KREME",39.371355511318,-77.409481199886,Match
"5100 BLOCK PEGASUS CT, LINE-X OF FREDERICK - CENTER AT MONOCACY",39.371355511318,-77.409481199886,Match
"5100 BLOCK PEGASUS CT, SUITE D",39.371355511318,-77.409481199886,Match
"5100 BLOCK PEGASUS CT, TEXAS ROADHOUSE - CENTER AT MONOCACY",39.371355511318,-77.409481199886,Match
5100 BLOCK PERRY RD,39.447106502124,-77.084567031597,Match
5100 BLOCK SHOOKSTOWN RD,39.449171402805,-77.492311609813,Match
5100 BLOCK URBANA PIKE,39.371192272322,-77.392010973579,Match
5100 BLOCK WIGVILLE RD,39.605734890861,-77.490745719032,Match
5100 BLOCK WOODVILLE RD,39.374011084658,-77.208306327863,Match
"5100 BLOCK WOODVILLE RD, MARVIN CHAPEL UNITED METHODIST CHURCH",39.374011084658,-77.208306327863,Match
5200 BLOCK BAMBURG CT,39.3764369138,-77.428797350062,Match
5200 BLOCK BARTONSVILLE RD,,,No Match
"5200 BLOCK BLACK LOCUST DR, Apt/Unit:100, ORCHARD PARK AT BALLENGER RUN - 5200 BLOCK BLACK LOCUST DR",39.376288035328,-77.443682179929,Match
"5200 BLOCK BLACK LOCUST DR, Apt/Unit:103, ORCHARD PARK AT BALLENGER RUN",39.376288035328,-77.443682179929,Match
"5200 BLOCK BLACK LOCUST DR, Apt/Unit:103, ORCHARD PARK AT BALLENGER RUN - 5200 BLOCK BLACK LOCUST DR",39.376288035328,-77.443682179929,Match
"5200 BLOCK BLACK LOCUST DR, Apt/Unit:112, ORCHARD PARK AT BALLENGER RUN",39.376288035328,-77.443682179929,Match
"5200 BLOCK BLACK LOCUST DR, Apt/Unit:201, ORCHARD PARK AT BALLENGER RUN",39.376288035328,-77.443682179929,Match
"5200 BLOCK BLACK LOCUST DR, Apt/Unit:201, ORCHARD PARK AT BALLENGER RUN - 5200 BLOCK BLACK LOCUST DR",39.376288035328,-77.443682179929,Match
"5200 BLOCK BLACK LOCUST DR, Apt/Unit:202, ORCHARD PARK AT BALLENGER RUN - 5200 BLOCK BLACK LOCUST DR",39.376288035328,-77.443682179929,Match
"5200 BLOCK BLACK LOCUST DR, Apt/Unit:207, ORCHARD PARK AT BALLENGER RUN - 5200 BLOCK BLACK LOCUST DR",39.376288035328,-77.443682179929,Match
"5200 BLOCK BLACK LOCUST DR, Apt/Unit:210, ORCHARD PARK AT BALLENGER RUN - 5200 BLOCK BLACK LOCUST DR",39.376288035328,-77.443682179929,Match
"5200 BLOCK BLACK LOCUST DR, Apt/Unit:305, ORCHARD PARK AT BALLENGER RUN - 5200 BLOCK BLACK LOCUST DR",39.376288035328,-77.443682179929,Match
"5200 BLOCK BLACK LOCUST DR, Apt/Unit:306, ORCHARD PARK AT BALLENGER RUN - 5200 BLOCK BLACK LOCUST DR",39.376288035328,-77.443682179929,Match
"5200 BLOCK BLACK LOCUST DR, Bldg:D",39.376288035328,-77.443682179929,Match
"5200 BLOCK BLACK LOCUST DR, Bldg:D, ORCHARD PARK AT BALLENGER RUN - 5200 BLOCK BLACK LOCUST DR",39.376288035328,-77.443682179929,Match
"5200 BLOCK BLACK LOCUST DR, ORCHARD PARK AT BALLENGER RUN",39.376288035328,-77.443682179929,Match
"5200 BLOCK BLACK LOCUST DR, ORCHARD PARK AT BALLENGER RUN - 5200 BLOCK BLACK LOCUST DR",39.376288035328,-77.443682179929,Match
5200 BLOCK BUCKEYSTOWN PIKE,,,No Match
"5200 BLOCK BUCKEYSTOWN PIKE, ANN TAYLOR LOFT",,,No Match
"5200 BLOCK BUCKEYSTOWN PIKE, ANN TAYLOR LOFT - WESTVIEW PROMENADE",,,No Match
"5200 BLOCK BUCKEYSTOWN PIKE, Bldg:H, PANDA EXPRESS - WESTVIEW PROMENADE",,,No Match
"5200 BLOCK BUCKEYSTOWN PIKE, FIREBIRDS WOOD FIRED GRILL",,,No Match
"5200 BLOCK BUCKEYSTOWN PIKE, FIREBIRDS WOOD FIRED GRILL - WESTVIEW PROMENADE",,,No Match
"5200 BLOCK BUCKEYSTOWN PIKE, FIVE GUYS",,,No Match
"5200 BLOCK BUCKEYSTOWN PIKE, IHOP RESTAURANT - WESTVIEW PROMENADE",,,No Match
"5200 BLOCK BUCKEYSTOWN PIKE, MCDONALDS",,,No Match
"5200 BLOCK BUCKEYSTOWN PIKE, MCDONALDS - WESTVIEW PROMENADE",,,No Match
"5200 BLOCK BUCKEYSTOWN PIKE, OLIVE & BASKET - WESTVIEW PROMENADE",,,No Match
"5200 BLOCK BUCKEYSTOWN PIKE, PANDA EXPRESS",,,No Match
"5200 BLOCK BUCKEYSTOWN PIKE, PNC BANK - WESTVIEW PROMENADE",,,No Match
"5200 BLOCK BUCKEYSTOWN PIKE, REGAL CINEMAS WESTVIEW STADIUM 16",,,No Match
"5200 BLOCK BUCKEYSTOWN PIKE, REGAL CINEMAS WESTVIEW STADIUM 16 - WESTVIEW PROMENADE",,,No Match
"5200 BLOCK BUCKEYSTOWN PIKE, STARBUCKS",,,No Match
"5200 BLOCK BUCKEYSTOWN PIKE, WESTVIEW PROMENADE",,,No Match
"5200 BLOCK BUCKEYSTOWN PIKE, WHITE HOUSE BLACK MARKET - WESTVIEW PROMENADE",,,No Match
"5200 BLOCK BURKITTSVILLE RD, EGYPT FARMS",39.374521776411,-77.640281653081,Match
"5200 BLOCK CHAIRMANS CT, KINDERCARE LEARNING CENTER - CHAIRMANS CT",39.377516774788,-77.419617895383,Match
5200 BLOCK CONTINENTAL DR,,,No Match
"5200 BLOCK CORPORATE DR, WESTVIEW CORPORATE CENTER",39.378712243507,-77.421320848307,Match
5200 BLOCK DUKE CT,39.377470026213,-77.425476664164,Match
5200 BLOCK EARLES CT,39.37640461992,-77.42786364479,Match
5200 BLOCK FOXVILLE RD,,,No Match
"5200 BLOCK FOXVILLE RD, IAO",,,No Match
5200 BLOCK GOLD MINE RD,39.41725876624,-77.489722000733,Match
5200 BLOCK HOLIDAY DR,,,No Match
5200 BLOCK INTERCOASTAL DR,39.373585877896,-77.278277753924,Match
"5200 BLOCK INTERCOASTAL DR, COSTCO DEPOT",39.373585877896,-77.278277753924,Match
"5200 BLOCK INTERCOASTAL DR, IAO",39.373585877896,-77.278277753924,Match
"5200 BLOCK INTERCOASTAL DR, THACKER CASKETS",39.373585877896,-77.278277753924,Match
"5200 BLOCK KINGSBROOK DR, Apt/Unit:BALLENGER CREEK ELEM, BALLENGER CREEK ELEMENTARY SCHOOL",39.382047879261,-77.429100384533,Match
"5200 BLOCK KINGSBROOK DR, BALLENGER CREEK ELEMENTARY SCHOOL",39.382047879261,-77.429100384533,Match
5200 BLOCK MAITLAND TER,39.411217793648,-77.485191848632,Match
5200 BLOCK MIDDLEBURG RD,39.593889531963,-77.184481532667,Match
5200 BLOCK MOUNT ZION RD,39.388883544675,-77.488022137648,Match
5200 BLOCK MOUNTVILLE RD,39.319528200939,-77.484857375415,Match
"5200 BLOCK MOUNTVILLE RD, THE RANCH",39.319528200939,-77.484857375415,Match
5200 BLOCK MUIRFIELD DR,39.37620723963,-77.31288068673,Match
5200 BLOCK MUSSETTER RD,39.375348795216,-77.312182938725,Match
"5200 BLOCK MUSSETTER RD, IFO",39.375348795216,-77.312182938725,Match
5200 BLOCK NEW DESIGN RD,,,No Match
5200 BLOCK PRESIDENTS CT,39.37747290174,-77.416897993849,Match
"5200 BLOCK PRESIDENTS CT, BALTIMORE COFFEE & TEA",39.37747290174,-77.416897993849,Match
"5200 BLOCK PRESIDENTS CT, JCR WESTVIEW CORNER",39.37747290174,-77.416897993849,Match
"5200 BLOCK PRESIDENTS CT, JCR WESTVIEW CORNER SL",39.37747290174,-77.416897993849,Match
"5200 BLOCK PRESIDENTS CT, JCR WESTVIEW CORNER, SL",39.37747290174,-77.416897993849,Match
"5200 BLOCK PRESIDENTS CT, JIMMY JOHNS",39.37747290174,-77.416897993849,Match
"5200 BLOCK PRESIDENTS CT, KITTIWAT THAI",39.37747290174,-77.416897993849,Match
"5200 BLOCK PRESIDENTS CT, PRESIDENTS COURT BUILDING",39.37747290174,-77.416897993849,Match
"5200 BLOCK PRESIDENTS CT, WINE DISTRICTS",39.37747290174,-77.416897993849,Match
5200 BLOCK RED MAPLE DR,39.377098884552,-77.440335944589,Match
5200 BLOCK REELS MILL RD,39.375487222998,-77.36951694748,Match
5200 BLOCK REGAL CT,,,No Match
"5200 BLOCK SIDNEY RD, COUNTRYSIDE USED AUTO PARTS",39.375745303321,-77.187221958408,Match
5200 BLOCK URBANA PIKE,39.373530876678,-77.394630120031,Match
"5200 BLOCK URBANA PIKE, POTOMAC VALLEY BRICK",39.373530876678,-77.394630120031,Match
5200 BLOCK WESTVIEW DR,39.378670845938,-77.411938435719,Match
"5200 BLOCK WESTVIEW DR, AVISON YOUNG",39.378670845938,-77.411938435719,Match
"5200 BLOCK WESTVIEW DR, Apt/Unit:323, EXTENDED STAY AMERICA",39.378670845938,-77.411938435719,Match
"5200 BLOCK WESTVIEW DR, COURTYARD BY MARRIOTT",39.378670845938,-77.411938435719,Match
"5200 BLOCK WESTVIEW DR, EXTENDED STAY AMERICA",39.378670845938,-77.411938435719,Match
"5200 BLOCK WESTVIEW DR, FAIRFIELD INN BY MARRIOTT",39.378670845938,-77.411938435719,Match
"5200 BLOCK WESTVIEW DR, GOLDS GYM",39.378670845938,-77.411938435719,Match
"5200 BLOCK WESTVIEW DR, INTEGRATED COMMUNICATIONS",39.378670845938,-77.411938435719,Match
"5200 BLOCK WESTVIEW DR, KONARE LAW",39.378670845938,-77.411938435719,Match
"5200 BLOCK WESTVIEW DR, RESIDENCE INN",39.378670845938,-77.411938435719,Match
5200 BLOCK WIGVILLE RD,39.602335264078,-77.488707941471,Match
5300 BLOCK AGRO DR,39.339988131783,-77.48324196608,Match
5300 BLOCK AMOS REEDER RD,39.46145169975,-77.646871117632,Match
5300 BLOCK ANNAPOLIS DR,39.37888754576,-77.176611398621,Match
"5300 BLOCK BALLENGER CREEK PIKE, TUSCARORA HIGH SCHOOL",39.374942643778,-77.446850888471,Match
5300 BLOCK BARTONSVILLE RD,39.378478560521,-77.342201102362,Match
5300 BLOCK BEULAH DR,39.380785906759,-77.300902380301,Match
"5300 BLOCK BUCKEYSTOWN PIKE, BUCKEYSTOWN PIKE OFFICE CENTER - BUCKEYSTOWN PIKE OFFICE CENTER",39.378411626558,-77.409517294528,Match
"5300 BLOCK BUCKEYSTOWN PIKE, CARROLL PROPERTIES",39.378411626558,-77.409517294528,Match
"5300 BLOCK BUCKEYSTOWN PIKE, HAMPTON INN",39.378411626558,-77.409517294528,Match
"5300 BLOCK BUCKEYSTOWN PIKE, HAMPTON INN - BUCKEYSTOWN PIKE",39.378411626558,-77.409517294528,Match
5300 BLOCK BUFFALO RD,39.429413778834,-77.136535422473,Match
5300 BLOCK E HYATT RD,,,No Match
5300 BLOCK FOXVILLE RD,,,No Match
5300 BLOCK GOLD MINE RD,39.414929767998,-77.48784942839,Match
"5300 BLOCK GREEN VALLEY RD, Bldg:B, BUSSARD BROTHERS LANDSCAPING",,,No Match
5300 BLOCK HINES RD,39.377761058086,-77.357127797054,Match
5300 BLOCK IVYWOOD DR N,39.38324199216,-77.432310707978,Match
5300 BLOCK JEFFERSON PIKE,39.380697517067,-77.484260319441,Match
"5300 BLOCK JEFFERSON PIKE, DECISIVE COMMUNICATIONS",39.380697517067,-77.484260319441,Match
5300 BLOCK KINGS CT,39.380363395091,-77.480831946021,Match
"5300 BLOCK KINGS CT, GLADHILL FURNITURE - FREDERICK",39.380363395091,-77.480831946021,Match
5300 BLOCK MOUNTVILLE RD,39.31733976812,-77.482414228089,Match
"5300 BLOCK NEW DESIGN RD, ANIMAL HOSPITAL - KINGSBROOK PLAZA",39.372191391334,-77.42525535108,Match
"5300 BLOCK NEW DESIGN RD, CHICK-FIL-A",39.372191391334,-77.42525535108,Match
"5300 BLOCK NEW DESIGN RD, GIANT FOOD",39.372191391334,-77.42525535108,Match
"5300 BLOCK NEW DESIGN RD, GIANT FOOD - KINGSBROOK PLAZA",39.372191391334,-77.42525535108,Match
"5300 BLOCK NEW DESIGN RD, GIANT GAS STATION - KINGSBROOK PLAZA",39.372191391334,-77.42525535108,Match
"5300 BLOCK NEW DESIGN RD, KINGSBROOK ANIMAL HOSPITAL - KINGSBROOK PLAZA",39.372191391334,-77.42525535108,Match
"5300 BLOCK NEW DESIGN RD, TOPPINGS PIZZA CO - KINGSBROOK PLAZA",39.372191391334,-77.42525535108,Match
5300 BLOCK OLD MIDDLETOWN RD,39.375401053666,-77.538823130173,Match
"5300 BLOCK PARTNERS CT, K&R TECHNOLOGIES",39.38202123887,-77.417234143158,Match
5300 BLOCK PUBLIC SAFETY PL,,,No Match
"5300 BLOCK PUBLIC SAFETY PL, PSTF ANNEX",,,No Match
"5300 BLOCK PUBLIC SAFETY PL, PUBLIC SAFETY TRAINING CENTER",,,No Match
"5300 BLOCK PUBLIC SAFETY PL, TEST TEST",,,No Match
"5300 BLOCK PUBLIC SAFETY PL, TEST TEST TEST",,,No Match
5300 BLOCK REELS MILL RD,,,No Match
5300 BLOCK REGAL CT,39.374668462889,-77.427677837761,Match
5300 BLOCK SAINT MAWES CT,39.379769531393,-77.425735149175,Match
5300 BLOCK SHOOKSTOWN RD,39.444116330838,-77.484578435847,Match
5300 BLOCK SOVEREIGN PL,39.379439801506,-77.430061086223,Match
5300 BLOCK SPECTRUM DR,39.375703836407,-77.404905781427,Match
"5300 BLOCK SPECTRUM DR, Apt/Unit:A, HELPING HAND FAMILY",39.375703836407,-77.404905781427,Match
"5300 BLOCK SPECTRUM DR, Apt/Unit:A, PAIN AND SPINE SPECIALIST OF MD",39.375703836407,-77.404905781427,Match
"5300 BLOCK SPECTRUM DR, Apt/Unit:OFC 2, SLEEP INN & SUITES - FREDERICK",39.375703836407,-77.404905781427,Match
"5300 BLOCK SPECTRUM DR, Apt/Unit:STE A, ACCUTECH BUSINESS INSTITUTE - SPECTRUM CENTER",39.375703836407,-77.404905781427,Match
"5300 BLOCK SPECTRUM DR, CAREY",39.375703836407,-77.404905781427,Match
"5300 BLOCK SPECTRUM DR, SLEEP INN & SUITES - FREDERICK",39.375703836407,-77.404905781427,Match
5300 BLOCK STRIPED MAPLE ST,39.378470383572,-77.434211919563,Match
"5300 BLOCK TALLADEGA CT, Apt/Unit:B",,,No Match
"5300 BLOCK TALLADEGA CT, Apt/Unit:E",,,No Match
5300 BLOCK TUSCARORA RD,,,No Match
5300 BLOCK WOODVILLE RD,39.378319591181,-77.203779360915,Match
5300 BLOCK(5498) BLK SPECTRUM DR,,,No Match
5300 BLOCKBLK TANEYTOWN PK,,,No Match
5400 BLOCK ADAMSTOWN COMMONS DR,39.306251998097,-77.480766448394,Match
"5400 BLOCK BALLENGER CREEK PIKE, BALLENGER COMMUNITY BUILDING - BALLENGER CREEK DISTRICT PARK",39.382466304706,-77.443386677356,Match
"5400 BLOCK BALLENGER CREEK PIKE, BALLENGER CREEK DISTRICT PARK",39.382466304706,-77.443386677356,Match
"5400 BLOCK BALLENGER CREEK PIKE, BALLENGER CREEK MULTIPURPOSE",39.382466304706,-77.443386677356,Match
5400 BLOCK BARTONSVILLE RD,39.380506698856,-77.340056209191,Match
"5400 BLOCK BARTONSVILLE RD, IRO",39.380506698856,-77.340056209191,Match
5400 BLOCK BEALL DR,39.381121339815,-77.366542632123,Match
"5400 BLOCK BUCKEYSTOWN PIKE, I270SB / BUCKEYSTOWN PIKE",,,No Match
"5400 BLOCK BUCKEYSTOWN PIKE, SHELL STATION - BUCKEYSTOWN PIKE",,,No Match
"5400 BLOCK BURKITTSVILLE RD, Bldg:A",,,No Match
5400 BLOCK CHILLINGHAM PL,39.383247229633,-77.430329475526,Match
"5400 BLOCK ELMER DERR RD, PARK N RIDE MOUNT ZION WEST",,,No Match
5400 BLOCK ETZLER RD,39.469903416041,-77.478596340711,Match
5400 BLOCK FROGGY BOTTOM LN,,,No Match
5400 BLOCK HINES RD,39.380294205528,-77.356597758451,Match
5400 BLOCK HOLIDAY DR,39.380466373804,-77.406169419634,Match
5400 BLOCK JEFFERSON BLVD,39.380129306975,-77.513250273994,Match
"5400 BLOCK JEFFERSON PIKE, IAO",39.382947777179,-77.480519321523,Match
5400 BLOCK LYNDALE WAY,39.38339091291,-77.439391727567,Match
"5400 BLOCK MOUNT ZION RD, HUMAN DEVELOPMENT COUNCIL",39.382848195056,-77.480427609944,Match
"5400 BLOCK MOUNT ZION RD, TRACTOR SUPPLY COMPANY - MOUNT ZION RD",39.382848195056,-77.480427609944,Match
"5400 BLOCK MOUNT ZION RD, WASHINGTON COUNTY HUMAN DEVELOPMENT",39.382848195056,-77.480427609944,Match
"5400 BLOCK MOUNTVILLE RD, IFO",39.315353231489,-77.478951528344,Match
5400 BLOCK MUSSETTER RD,39.380879263115,-77.30403592697,Match
5400 BLOCK OLD NATIONAL PIKE,39.421116127781,-77.481287455829,Match
"5400 BLOCK OLD NATIONAL PIKE, Bldg:A, MEADOWS FARMS NURSERIES INC",39.421116127781,-77.481287455829,Match
5400 BLOCK PRINCE WILLIAM CT,39.384618641601,-77.451926697722,Match
"5400 BLOCK ROTARY AVE, IAO",39.382785289265,-77.255404554978,Match
5400 BLOCK SHOOKSTOWN RD,39.443789765849,-77.479502415765,Match
"5400 BLOCK SHOOKSTOWN RD, Apt/Unit:HTTPS://A91.IO/ZRE90",39.443789765849,-77.479502415765,Match
5400 BLOCK SIDNEY RD,39.38108949687,-77.181639467975,Match
5400 BLOCK THORNWOOD TER,,,No Match
5400 BLOCK UPPER MILL TER S,39.380767267361,-77.419458114884,Match
5400 BLOCK URBANA PIKE,39.380617514737,-77.399627158773,Match
"5400 BLOCK URBANA PIKE, CHASE BANK",39.380617514737,-77.399627158773,Match
"5400 BLOCK URBANA PIKE, CURLEAF",39.380617514737,-77.399627158773,Match
"5400 BLOCK URBANA PIKE, TARGET",39.380617514737,-77.399627158773,Match
"5400 BLOCK URBANA PIKE, TARGET - RIVERVIEW PLAZA",39.380617514737,-77.399627158773,Match
"5400 BLOCK URBANA PIKE, WAWA - URBANA PIKE",39.380617514737,-77.399627158773,Match
"5400 BLOCK YUKON CT, Bldg:A, Apt/Unit:STE A, WM H MEDCAF AND SONS HVAC",39.381811117851,-77.48239358203,Match
"5400 BLOCK YUKON CT, CARSEPTS",39.381811117851,-77.48239358203,Match
5400 BLOCKA BURKITTSVILLE RD,,,No Match
5500 BLOCK ADAMSTOWN COMMONS DR,39.305486861709,-77.477471059126,Match
"5500 BLOCK ADAMSTOWN RD, CREATING MEMORIES LEARNING CENTER",39.311092124314,-77.474765779185,Match
"5500 BLOCK ADAMSTOWN RD, TRANS TECH",39.311092124314,-77.474765779185,Match
5500 BLOCK AERIEL PL,39.382937774031,-77.437609853505,Match
5500 BLOCK BALLENGER CREEK PIKE,39.384967595018,-77.442757918845,Match
"5500 BLOCK BALLENGER CREEK PIKE, BALLENGER CREEK MIDDLE SCHOOL",39.384967595018,-77.442757918845,Match
5500 BLOCK BRITTANY CT,39.385126148941,-77.450718851877,Match
5500 BLOCK BUCKEYSTOWN PIKE,39.385331441647,-77.409606102484,Match
"5500 BLOCK BUCKEYSTOWN PIKE(VACANT), SEARS (VACANT) - FRANCIS SCOTT KEY MALL",,,No Match
"5500 BLOCK BUCKEYSTOWN PIKE(VACANT), SEARS - FRANCIS SCOTT KEY MALL",,,No Match
"5500 BLOCK BUCKEYSTOWN PIKE, AEROPOSTALE - FRANCIS SCOTT KEY MALL",39.385331441647,-77.409606102484,Match
"5500 BLOCK BUCKEYSTOWN PIKE, Apt/Unit:610",39.385331441647,-77.409606102484,Match
"5500 BLOCK BUCKEYSTOWN PIKE, Apt/Unit:800",39.385331441647,-77.409606102484,Match
"5500 BLOCK BUCKEYSTOWN PIKE, Bldg:800, VALUE CITY FURNITURE",39.385331441647,-77.409606102484,Match
"5500 BLOCK BUCKEYSTOWN PIKE, ETERNIA DREAMS",39.385331441647,-77.409606102484,Match
"5500 BLOCK BUCKEYSTOWN PIKE, FRANCIS SCOTT KEY MALL",39.385331441647,-77.409606102484,Match
"5500 BLOCK BUCKEYSTOWN PIKE, JC PENNEY - FRANCIS SCOTT KEY MALL",39.385331441647,-77.409606102484,Match
"5500 BLOCK BUCKEYSTOWN PIKE, JC PENNYS PARKING LOT",39.385331441647,-77.409606102484,Match
"5500 BLOCK BUCKEYSTOWN PIKE, MACYS - FRANCIS SCOTT KEY MALL",39.385331441647,-77.409606102484,Match
"5500 BLOCK BUCKEYSTOWN PIKE, RAINBOW",39.385331441647,-77.409606102484,Match
"5500 BLOCK BUCKEYSTOWN PIKE, REGIS SALON - FRANCIS SCOTT KEY MALL",39.385331441647,-77.409606102484,Match
"5500 BLOCK BUCKEYSTOWN PIKE, VALUE CITY FURNITURE",39.385331441647,-77.409606102484,Match
"5500 BLOCK BUCKEYSTOWN PIKE, VALUE CITY FURNITURE - FRANCIS SCOTT KEY MALL",39.385331441647,-77.409606102484,Match
5500 BLOCK CAMELOT CT,39.38468515608,-77.346419990561,Match
5500 BLOCK CATHOLIC CHURCH RD,39.382128058291,-77.613845784966,Match
5500 BLOCK DETRICK RD,39.380330545947,-77.242861459657,Match
5500 BLOCK DOUBS RD,39.302896445706,-77.477174999019,Match
5500 BLOCK ETZLER RD,39.470082287818,-77.477119933932,Match
5500 BLOCK FOXVILLE RD,,,No Match
"5500 BLOCK FOXVILLE RD, BETWEEN THE BRIDGE AND TOWER RD",,,No Match
"5500 BLOCK GAPLAND RD, PH2",39.244754464308,-76.699712356079,Match
5500 BLOCK GOLDEN EAGLE RD,39.385667988553,-77.375566492177,Match
5500 BLOCK HAWK RIDGE RD,39.384526051333,-77.372184644007,Match
5500 BLOCK HAYLOFT CT,39.38331070149,-77.487080854908,Match
"5500 BLOCK HAYLOFT CT, Apt/Unit:HTTPS://A91.IO/MIJ39",39.38331070149,-77.487080854908,Match
5500 BLOCK HIDDEN WATERS LN,39.381649054177,-77.419851266277,Match
5500 BLOCK JACKSON CT,39.436018872167,-77.477308583631,Match
"5500 BLOCK MOUNT ZION RD, GLADHILL TRACTOR",39.381369026475,-77.479255695393,Match
"5500 BLOCK MOUNT ZION RD, STADLER GARDEN CENTERS NURSERY",39.381369026475,-77.479255695393,Match
5500 BLOCK MOUNTVILLE RD,39.313448917226,-77.476769305973,Match
"5500 BLOCK MOUNTVILLE RD, STUPS MARKET",39.313448917226,-77.476769305973,Match
"5500 BLOCK MUSSETTER RD, HOLLY HILLS COUNTRY CLUB",39.382752432382,-77.301602630764,Match
5500 BLOCK N ANNAPOLIS DR,39.38381993825,-77.174876503816,Match
"5500 BLOCK NEW DESIGN RD, STATION 31",,,No Match
5500 BLOCK PINNACLE WAY,,,No Match
5500 BLOCK PRINCE WILLIAM CT,39.384920954129,-77.451911273595,Match
"5500 BLOCK SPECTRUM DR, Bldg:B",39.386000212509,-77.407525352796,Match
"5500 BLOCK SPECTRUM DR, COUNTRY INN AND SUITES",39.386000212509,-77.407525352796,Match
"5500 BLOCK SPECTRUM DR, DANNYS CAR CLINIC",39.386000212509,-77.407525352796,Match
"5500 BLOCK SPECTRUM DR, FOREIGN AUTO EXCELLENCE",39.386000212509,-77.407525352796,Match
"5500 BLOCK SPECTRUM DR, FSK GATEWAY SHOPPES",39.386000212509,-77.407525352796,Match
"5500 BLOCK SPECTRUM DR, KFC TACO BELL - FRANCIS SCOTT KEY MALL",39.386000212509,-77.407525352796,Match
"5500 BLOCK SPECTRUM DR, M&T BANK",39.386000212509,-77.407525352796,Match
5500 BLOCK TANEYTOWN PK,39.667471277844,-77.193250787876,Match
5500 BLOCK TANEYTOWN RD,39.667471277844,-77.193250787876,Match
5500 BLOCK TUSCARORA RD,,,No Match
5500 BLOCK UPPER MILL TER N,39.381920841185,-77.419640495017,Match
5500 BLOCK UPSHUR SQ,39.383534572906,-77.438763527316,Match
"5500 BLOCK URBANA PIKE, CHICK FIL A - RIVERVIEW PLAZA",39.381350618067,-77.40016663867,Match
"5500 BLOCK URBANA PIKE, HOME DEPOT - RIVERVIEW PLAZA",39.381350618067,-77.40016663867,Match
"5500 BLOCK URBANA PIKE, MICHAELS - RIVERVIEW PLAZA",39.381350618067,-77.40016663867,Match
"5500 BLOCK URBANA PIKE, STAPLES - RIVERVIEW PLAZA",39.381350618067,-77.40016663867,Match
"5500 BLOCK URBANA PIKE, T J MAXX - RIVERVIEW PLAZA",39.381350618067,-77.40016663867,Match
5500 BLOCK WESTCOTT CIR,39.38347434301,-77.43798095435,Match
5500 BLOCK WICOMICO DR,39.387832847985,-77.283287515382,Match
5500 BLOCK WOODVILLE RD,39.385819083538,-77.201262814372,Match
"5500 BLOCK WOODVILLE RD, MOUNT AIRY AUTO & TRUCK PARTS",39.385819083538,-77.201262814372,Match
5500 BLOCK YOUNG FAMILY TRL E,39.30372720625,-77.474915247494,Match
5500 BLOCK YOUNG FAMILY TRL W,39.30372444546,-77.475059587996,Match
5600 BLOCK ADAMSTOWN RD,39.312715443546,-77.471839451724,Match
"5600 BLOCK ADAMSTOWN RD, CARROLL MANOR ELEMENTARY SCHOOL",39.312715443546,-77.471839451724,Match
5600 BLOCK ASHBURN TER,39.385716571638,-77.418418981852,Match
"5600 BLOCK AVONSHIRE PL J, Apt/Unit:J",,,No Match
"5600 BLOCK AVONSHIRE PL, Apt/Unit:J",39.386407748029,-77.446644217849,Match
5600 BLOCK BALLENGER CREEK PIKE,39.388698643836,-77.441188863207,Match
"5600 BLOCK BALLENGER CREEK PIKE, IAO",39.388698643836,-77.441188863207,Match
5600 BLOCK BARBERRY CT,39.388148142475,-77.430211299627,Match
5600 BLOCK BARTONSVILLE RD,39.388159320422,-77.340779995626,Match
"5600 BLOCK BOONE AVE, IAO",39.387037447899,-77.342493514243,Match
5600 BLOCK BOYERS MILL RD,39.388899639115,-77.286314181584,Match
"5600 BLOCK BROAD RUN RD, IAO",39.387784834469,-77.583393453886,Match
5600 BLOCK BROADMOOR TER N,39.385869831911,-77.323630216681,Match
5600 BLOCK BUCKEYSTOWN PIKE,39.386384747602,-77.409551577325,Match
"5600 BLOCK BUCKEYSTOWN PIKE, Apt/Unit:247, DAYS INN",39.386384747602,-77.409551577325,Match
"5600 BLOCK BUCKEYSTOWN PIKE, Bldg:100, WAFFLE HOUSE - BUCKEYSTOWN PK",39.386384747602,-77.409551577325,Match
"5600 BLOCK BUCKEYSTOWN PIKE, Bldg:200, Apt/Unit:233, DAYS INN",39.386384747602,-77.409551577325,Match
"5600 BLOCK BUCKEYSTOWN PIKE, Bldg:200, DAYS INN",39.386384747602,-77.409551577325,Match
"5600 BLOCK BUCKEYSTOWN PIKE, CHURCH OF THE REDEEMER",39.386384747602,-77.409551577325,Match
"5600 BLOCK BUCKEYSTOWN PIKE, DAYS INN",39.386384747602,-77.409551577325,Match
"5600 BLOCK BUCKEYSTOWN PIKE, FRANCIS SCOTT KEY MALL// IN PARKING LOT// IN ISLAND// ACROSS FROM OLIVE GADEN",39.386384747602,-77.409551577325,Match
"5600 BLOCK BUCKEYSTOWN PIKE, GAS STATION / SAMS CLUB",39.386384747602,-77.409551577325,Match
"5600 BLOCK BUCKEYSTOWN PIKE, LOWES EVERGREEN POINT",39.386384747602,-77.409551577325,Match
"5600 BLOCK BUCKEYSTOWN PIKE, ROY ROGERS FSK",39.386384747602,-77.409551577325,Match
"5600 BLOCK BUCKEYSTOWN PIKE, SAMS CLUB",39.386384747602,-77.409551577325,Match
"5600 BLOCK BUCKEYSTOWN PIKE, SHEETZ - FSK MALL",39.386384747602,-77.409551577325,Match
5600 BLOCK BURKITTSVILLE RD,39.386187214504,-77.637346750678,Match
5600 BLOCK BUTTERFLY LN,39.414754706525,-77.47476401673,Match
"5600 BLOCK BUTTERFLY LN, IAO",39.414754706525,-77.47476401673,Match
5600 BLOCK CARROLL BOYER RD,39.388189926905,-77.553380333065,Match
5600 BLOCK CAYNE CT,39.38735436687,-77.449090774303,Match
5600 BLOCK CRABAPPLE DR,39.387194547372,-77.427957156569,Match
5600 BLOCK DENTON CT,39.387766475909,-77.443163238531,Match
5600 BLOCK DETRICK RD,39.383618789116,-77.241443787283,Match
5600 BLOCK DOUBS RD,39.30290308054,-77.472570523595,Match
5600 BLOCK DROUGHT SPRING CT,39.432279683435,-77.472501201275,Match
"5600 BLOCK ETZLER RD, TUSCARORA ARCHERS",39.468912565028,-77.472916227133,Match
5600 BLOCK FAIRFIELD RD,,,No Match
"5600 BLOCK FAIRFIELD RD, CARROL VALLEY POLICE DEPT",,,No Match
5600 BLOCK FARMHOUSE DR,,,No Match
5600 BLOCK GLENROCK DR,39.388843103079,-77.438877458678,Match
5600 BLOCK HAWK RIDGE RD,39.38601073444,-77.369595979703,Match
5600 BLOCK HEARTHSTONE TRL,39.390589117069,-77.254091291089,Match
5600 BLOCK HOLTER RD,39.380270884613,-77.519872030609,Match
"5600 BLOCK JEFFERSON BLVD, IAO",39.386491914712,-77.512737858063,Match
5600 BLOCK JORDAN BLVD,39.388651961908,-77.303647842622,Match
5600 BLOCK JOSEPH CT,39.387803757962,-77.277365015259,Match
5600 BLOCK LAKEVIEW DR,39.437506133861,-77.474141845984,Match
5600 BLOCK MANOR WOODS RD,,,No Match
5600 BLOCK MOUNTAIN LAUREL DR,39.479726627097,-77.47317601261,Match
"5600 BLOCK MOUNTAIN LAUREL DR, IN FRONT OF LOCATION",39.479726627097,-77.47317601261,Match
"5600 BLOCK MUSSETTER RD, BRIGHT EYES CHILD CARE",39.386908087018,-77.297909090436,Match
"5600 BLOCK MUSSETTER RD, BRIGHT EYES CHILD CARE - NEW MARKET",39.386908087018,-77.297909090436,Match
5600 BLOCK NEW DESIGN RD,39.386027934325,-77.422358138013,Match
"5600 BLOCK NEW DESIGN RD, Apt/Unit:301, CRESTWOOD MANOR - 5600 BLOCK NEW DESIGN RD",39.386027934325,-77.422358138013,Match
"5600 BLOCK NEW DESIGN RD, Apt/Unit:310",39.386027934325,-77.422358138013,Match
"5600 BLOCK NEW DESIGN RD, Apt/Unit:4, CRESTWOOD MANOR - 5600 BLOCK NEW DESIGN RD",39.386027934325,-77.422358138013,Match
"5600 BLOCK NEW DESIGN RD, Apt/Unit:A308",39.386027934325,-77.422358138013,Match
"5600 BLOCK NEW DESIGN RD, Apt/Unit:B101",39.386027934325,-77.422358138013,Match
"5600 BLOCK NEW DESIGN RD, Apt/Unit:B110",39.386027934325,-77.422358138013,Match
"5600 BLOCK NEW DESIGN RD, Apt/Unit:B111",39.386027934325,-77.422358138013,Match
"5600 BLOCK NEW DESIGN RD, Apt/Unit:B212",39.386027934325,-77.422358138013,Match
"5600 BLOCK NEW DESIGN RD, Apt/Unit:C104",39.386027934325,-77.422358138013,Match
"5600 BLOCK NEW DESIGN RD, Apt/Unit:C108",39.386027934325,-77.422358138013,Match
"5600 BLOCK NEW DESIGN RD, Apt/Unit:C201, CRESTWOOD MANOR - 5600 BLOCK NEW DESIGN RD",39.386027934325,-77.422358138013,Match
"5600 BLOCK NEW DESIGN RD, Apt/Unit:C308",39.386027934325,-77.422358138013,Match
"5600 BLOCK NEW DESIGN RD, Apt/Unit:C308, CRESTWOOD MANOR - 5600 BLOCK NEW DESIGN RD",39.386027934325,-77.422358138013,Match
"5600 BLOCK NEW DESIGN RD, Bldg:4LLC",39.386027934325,-77.422358138013,Match
"5600 BLOCK NEW DESIGN RD, Bldg:A",39.386027934325,-77.422358138013,Match
"5600 BLOCK NEW DESIGN RD, Bldg:A, Apt/Unit:319",39.386027934325,-77.422358138013,Match
"5600 BLOCK NEW DESIGN RD, Bldg:B, Apt/Unit:202",39.386027934325,-77.422358138013,Match
"5600 BLOCK NEW DESIGN RD, Bldg:B, Apt/Unit:301",39.386027934325,-77.422358138013,Match
"5600 BLOCK NEW DESIGN RD, Bldg:B, CRESTWOOD MANOR - 5600 BLOCK NEW DESIGN RD",39.386027934325,-77.422358138013,Match
"5600 BLOCK NEW DESIGN RD, Bldg:C, CRESTWOOD MANOR - 5600 BLOCK NEW DESIGN RD",39.386027934325,-77.422358138013,Match
"5600 BLOCK NEW DESIGN RD, CRESTWOOD MANOR - 5600 BLOCK NEW DESIGN RD",39.386027934325,-77.422358138013,Match
5600 BLOCK OLD NEW MARKET RD,,,No Match
"5600 BLOCK OLD NEW MARKET RD, RT75 / OLD NEW MARKET RD",,,No Match
5600 BLOCK PEBBLE DR,39.387632326327,-77.436931645165,Match
5600 BLOCK PINE BLUFF CT,39.385305214711,-77.376806616677,Match
5600 BLOCK QUEEN ANNE CT,39.38804533385,-77.276687227276,Match
5600 BLOCK SCOTT RIDGE PL,39.387139358694,-77.373438887162,Match
5600 BLOCK SINGLETREE DR,39.388381318785,-77.433472829105,Match
5600 BLOCK SPECTRUM DR,39.383840001702,-77.402996633342,Match
"5600 BLOCK SPECTRUM DR, BJ'S RESTAURANT AND BREWHOUSE - FRANCIS SCOTT KEY MALL",39.383840001702,-77.402996633342,Match
"5600 BLOCK SPECTRUM DR, GOLDEN CORRAL RESTAURANT",39.383840001702,-77.402996633342,Match
"5600 BLOCK SPECTRUM DR, OLIVE GARDEN RESTAURANT",39.383840001702,-77.402996633342,Match
5600 BLOCK TUSCARORA RD,39.259823664925,-77.477144014589,Match
"5600 BLOCK URBANA PIKE, Apt/Unit:A, KEY PLAZA",39.382273532839,-77.400775718027,Match
"5600 BLOCK URBANA PIKE, BY FSK MALL",39.382273532839,-77.400775718027,Match
"5600 BLOCK URBANA PIKE, CARMAX",39.382273532839,-77.400775718027,Match
"5600 BLOCK URBANA PIKE, CARMAX PH2",39.382273532839,-77.400775718027,Match
"5600 BLOCK URBANA PIKE, HI LO AUTO SALES",39.382273532839,-77.400775718027,Match
"5600 BLOCK URBANA PIKE, KEY PLAZA",39.382273532839,-77.400775718027,Match
"5600 BLOCK URBANA PIKE, MAYS RESTAURANT",39.382273532839,-77.400775718027,Match
"5600 BLOCK URBANA PIKE, PANERA BREAD - KEY PLAZA",39.382273532839,-77.400775718027,Match
"5600 BLOCK URBANA PIKE, PARTY CITY - KEY PLAZA",39.382273532839,-77.400775718027,Match
5600 BLOCK WADE CT,39.386817907916,-77.444450648589,Match
5600 BLOCK ZOE LN,,,No Match
"5600 BLOCKA BUCKEYSTOWN PIKE, SAMS CLUB FUEL STATION",,,No Match
5700 BLOCK BARTONSVILLE RD,39.389947107699,-77.344109465819,Match
5700 BLOCK BARTS WAY,,,No Match
5700 BLOCK BELLS LN,39.389938230091,-77.343509829215,Match
5700 BLOCK BILLET ST,,,No Match
"5700 BLOCK BILLET ST, Apt/Unit:111",,,No Match
"5700 BLOCK BILLET ST, Apt/Unit:304",,,No Match
"5700 BLOCK BILLET ST, Bldg:8",,,No Match
5700 BLOCK BOX ELDER CT,39.390347092823,-77.425643108617,Match
5700 BLOCK BROOK HILL LN,39.390452724465,-77.420448432885,Match
"5700 BLOCK BROOK HILL LN, PRINCETON COURT APTS",39.390452724465,-77.420448432885,Match
5700 BLOCK BUCKEYSTOWN PIKE,39.390384425918,-77.409468966252,Match
"5700 BLOCK BUCKEYSTOWN PIKE, Apt/Unit:1,2,3",39.390384425918,-77.409468966252,Match
"5700 BLOCK BUCKEYSTOWN PIKE, Apt/Unit:14, BIKE DOCTOR - EVERGREEN SQUARE",39.390384425918,-77.409468966252,Match
"5700 BLOCK BUCKEYSTOWN PIKE, Apt/Unit:4",39.390384425918,-77.409468966252,Match
"5700 BLOCK BUCKEYSTOWN PIKE, Apt/Unit:4, BIKE DOCTOR - EVERGREEN SQUARE",39.390384425918,-77.409468966252,Match
"5700 BLOCK BUCKEYSTOWN PIKE, BANK OF AMERICA - BUCKEYSTOWN PIKE",39.390384425918,-77.409468966252,Match
"5700 BLOCK BUCKEYSTOWN PIKE, BURGER KING EVERGREEN",39.390384425918,-77.409468966252,Match
"5700 BLOCK BUCKEYSTOWN PIKE, Bldg:B, BRIGHT NOW DENTAL - EVERGREEN SQUARE",39.390384425918,-77.409468966252,Match
"5700 BLOCK BUCKEYSTOWN PIKE, CHECKERS - EVERGREEN POINT",39.390384425918,-77.409468966252,Match
"5700 BLOCK BUCKEYSTOWN PIKE, EVERGREEN SQUARE",39.390384425918,-77.409468966252,Match
"5700 BLOCK BUCKEYSTOWN PIKE, OLD DOMINION GRILL AND SUSHI - EVERGREEN SQUARE",39.390384425918,-77.409468966252,Match
"5700 BLOCK BUCKEYSTOWN PIKE, ONE LIFE FITNESS",39.390384425918,-77.409468966252,Match
"5700 BLOCK BUCKEYSTOWN PIKE, SHEETZ - FSK MALL",39.390384425918,-77.409468966252,Match
"5700 BLOCK BUCKEYSTOWN PIKE, THE AUTO SPA EXPRESS",39.390384425918,-77.409468966252,Match
"5700 BLOCK BUCKEYSTOWN PIKE, THE LUBE CENTER",39.390384425918,-77.409468966252,Match
"5700 BLOCK BUCKEYSTOWN PIKE, THE LUBE CENTER - EVERGREEN POINT",39.390384425918,-77.409468966252,Match
"5700 BLOCK BUCKEYSTOWN PIKE, VICTORY VAPORS",39.390384425918,-77.409468966252,Match
5700 BLOCK CATHOLIC CHURCH RD,39.387843946841,-77.606170783443,Match
5700 BLOCK CATOCTIN VISTA DR,39.390629860513,-77.23425447704,Match
5700 BLOCK CHARSTONE CT,39.387781535408,-77.435452713621,Match
5700 BLOCK COUNTRY WOOD CT,39.392190155088,-77.256238817507,Match
5700 BLOCK DETRICK RD,39.389937879664,-77.239830587074,Match
5700 BLOCK DUKE CT,39.377595040469,-77.426007279069,Match
5700 BLOCK ELIZABETHAN CIR,39.390067747445,-77.294341659206,Match
5700 BLOCK ELMER DERR RD,,,No Match
5700 BLOCK GUILFORD GARDEN TER,,,No Match
5700 BLOCK HALLER PL,,,No Match
5700 BLOCK HANNOVER CT,39.389725639886,-77.441241390401,Match
"5700 BLOCK HANNOVER CT, PH 2",39.389725639886,-77.441241390401,Match
5700 BLOCK HAWK RIDGE RD,39.387153639419,-77.368997768952,Match
5700 BLOCK HEATHERWOOD CT,39.389619177138,-77.258557315379,Match
5700 BLOCK HONEY GLEN CT,39.391658603551,-77.252906635245,Match
5700 BLOCK INDUSTRY LN,39.390338585997,-77.413804026589,Match
"5700 BLOCK INDUSTRY LN, BEACON BLDG PRODUCTS",39.390338585997,-77.413804026589,Match
"5700 BLOCK INDUSTRY LN, BEACON BUILDING PRODUCTS",39.390338585997,-77.413804026589,Match
"5700 BLOCK INDUSTRY LN, BEACON BULDG",39.390338585997,-77.413804026589,Match
"5700 BLOCK INDUSTRY LN, MANNING MEDIA",39.390338585997,-77.413804026589,Match
"5700 BLOCK INDUSTRY LN, MISCELLANEOUS METALS - INDUSTRY LN",39.390338585997,-77.413804026589,Match
"5700 BLOCK INDUSTRY LN, RELIANT DRYWALL",39.390338585997,-77.413804026589,Match
"5700 BLOCK INDUSTRY LN, UNIFIED COMMUNITY CONNECTIONS",39.390338585997,-77.413804026589,Match
"5700 BLOCK INDUSTRY LN, WAFY KEY 103 RADIO STATION",39.390338585997,-77.413804026589,Match
5700 BLOCK JEFFERSON BLVD,39.390539396022,-77.512427754527,Match
5700 BLOCK JOSEPH CT,39.38715396248,-77.275100428379,Match
5700 BLOCK KATSURA CT,39.394407583824,-77.429986475943,Match
5700 BLOCK KENT DR,39.390177203584,-77.273472354973,Match
"5700 BLOCK MAGNOLIA TREE CT, Apt/Unit:A33, MOUNTAIN GLEN APTS - 5700 BLOCK MAGNOLIA TREE CT",39.39209730951,-77.425323079303,Match
"5700 BLOCK MAGNOLIA TREE CT, MOUNTAIN GLEN APTS",39.39209730951,-77.425323079303,Match
5700 BLOCK MANOR WOODS RD,,,No Match
5700 BLOCK MEADOWOOD ST,39.392865246478,-77.308119949269,Match
"5700 BLOCK MEADOWOOD ST, Apt/Unit:104",39.392865246478,-77.308119949269,Match
5700 BLOCK MEYER AVE,39.38957422255,-77.304311521189,Match
5700 BLOCK MIDDLEBURG RD,39.593157376567,-77.202402155199,Match
5700 BLOCK MORLAND DR N,39.307762257724,-77.464513294275,Match
5700 BLOCK MORLAND DR S,39.305763721224,-77.468501118276,Match
5700 BLOCK MOUNT PHILLIP RD,39.389667688308,-77.487928441781,Match
"5700 BLOCK MOUNT PHILLIP RD, MOUNT ZION LUTHERAN CHURCH",39.389667688308,-77.487928441781,Match
5700 BLOCK MOUNTVILLE RD,39.302328935102,-77.4692785347,Match
5700 BLOCK MUSSETTER CT,,,No Match
5700 BLOCK N MAYER DR,39.388675585323,-77.405542817244,Match
5700 BLOCK NOTTINGHAM PL,39.307906704165,-77.468051973926,Match
5700 BLOCK ROCKSPRAY CT,39.39470288088,-77.428272770691,Match
5700 BLOCK ROYAL OAK DR,,,No Match
"5700 BLOCK ROYAL OAK DR, NEW MARKET NATURE PARK",,,No Match
5700 BLOCK S RENN RD,39.360789846353,-77.468756242339,Match
5700 BLOCK SCOTT RIDGE PL,39.389398753773,-77.37176291561,Match
5700 BLOCK STONE SCHOOL LN,,,No Match
5700 BLOCK SUNSET VIEW LN,39.390332091901,-77.422040355405,Match
"5700 BLOCK SUNSET VIEW LN, Bldg:`",39.390332091901,-77.422040355405,Match
5700 BLOCK TOBERY RD,39.390289512108,-77.364177139779,Match
"5700 BLOCK TRAILVIEW CT, Apt/Unit:B12, MOUNTAIN GLEN APTS - 5700 BLOCK TRAILVIEW CT",,,No Match
"5700 BLOCK TRAILVIEW CT, MOUNTAIN GLEN APTS - 5700 BLOCK TRAILVIEW CT",,,No Match
5700 BLOCK TUSCARORA RD,39.256966304689,-77.47010052453,Match
"5700 BLOCK URBANA PIKE, TATE USED CARS",39.389826073709,-77.404804352592,Match
5700 BLOCK WESTERN VIEW PL,39.388496180909,-77.190767509485,Match
5700 BLOCK WOODGLADE CIR,39.392831378874,-77.255399645479,Match
5800 BLOCK ADAMSTOWN RD,39.312706443298,-77.465339991702,Match
5800 BLOCK BALLENGER CREEK PIKE,39.393984717214,-77.438295618788,Match
"5800 BLOCK BALLENGER CREEK PIKE, BALLENGER CREEK SHOPPING CENTER",39.393984717214,-77.438295618788,Match
"5800 BLOCK BALLENGER CREEK PIKE, CELEBREE LEARNING CENTER - BALLENGER CREEK PLAZA",39.393984717214,-77.438295618788,Match
"5800 BLOCK BALLENGER CREEK PIKE, DOLLAR GENERAL - BALLENGER CREEK PLAZA",39.393984717214,-77.438295618788,Match
"5800 BLOCK BALLENGER CREEK PIKE, PAISANOS - BALLENGER CREEK PLAZA",39.393984717214,-77.438295618788,Match
"5800 BLOCK BALLENGER CREEK PIKE, PNC BANK",39.393984717214,-77.438295618788,Match
"5800 BLOCK BALLENGER CREEK PIKE, PNC BANK - BALLENGER CREEK PLAZA",39.393984717214,-77.438295618788,Match
"5800 BLOCK BALLENGER CREEK PIKE, URBAN AIR TRAMPOLINE AND ADVENTURE PARK - BALLENGER CREEK PLAZA",39.393984717214,-77.438295618788,Match
"5800 BLOCK BALLENGER CREEK PIKE, WAWA",39.393984717214,-77.438295618788,Match
"5800 BLOCK BALLENGER CREEK PIKE, WAWA - BALLENGER CREEK",39.393984717214,-77.438295618788,Match
5800 BLOCK BARTS WAY,39.392520285116,-77.352781776741,Match
5800 BLOCK BELLS LN,39.393079507266,-77.342537240336,Match
5800 BLOCK BILLET ST,,,No Match
5800 BLOCK BOX ELDER CT,39.389832423913,-77.42596764478,Match
5800 BLOCK BOYERS MILL RD,,,No Match
5800 BLOCK BUCKEYSTOWN PIKE,39.394232669235,-77.409205265782,Match
"5800 BLOCK BUCKEYSTOWN PIKE, TRUIST - POINTE PLAZA",39.394232669235,-77.409205265782,Match
5800 BLOCK BURIN ST,39.392075443265,-77.308883023276,Match
"5800 BLOCK BURIN ST, Apt/Unit:303",39.392075443265,-77.308883023276,Match
5800 BLOCK BUTTERFLY LN,39.411624417558,-77.464438754645,Match
5800 BLOCK DRAWBRIDGE CT,39.391647798598,-77.420447175593,Match
5800 BLOCK DREXAL AVE,39.390607338693,-77.299222650319,Match
"5800 BLOCK DREXAL AVE, LOT 3256",39.390607338693,-77.299222650319,Match
5800 BLOCK EAGLEHEAD DR,39.39392821153,-77.309527970826,Match
"5800 BLOCK EAGLEHEAD DR, Apt/Unit:A118, OAKDALE HIGH SCHOOL",39.39392821153,-77.309527970826,Match
"5800 BLOCK EAGLEHEAD DR, OAKDALE HIGH SCHOOL",39.39392821153,-77.309527970826,Match
5800 BLOCK ELMER DERR RD,,,No Match
5800 BLOCK FOXVILLE RD,,,No Match
"5800 BLOCK FOXVILLE RD, FALLS AREA - CUNNINGHAM FALLS STATE PARK",,,No Match
"5800 BLOCK GENESIS LN, EDENTON RETIREMENT MANOR HOUSE",39.392466900839,-77.436742116804,Match
5800 BLOCK HANNOVER DR,39.390838255291,-77.442880557491,Match
"5800 BLOCK HANNOVER DR, ORCHARD GROVE ELEMENTARY",39.390838255291,-77.442880557491,Match
"5800 BLOCK HANNOVER DR, ORCHARD GROVE ELEMENTARY SCHOOL",39.390838255291,-77.442880557491,Match
5800 BLOCK HANNOVER TER,39.390838255291,-77.442880557491,Match
"5800 BLOCK HANOVER RD, STATION AC029 - SOUTHEASTERN ADAMS VOL EMERGENCY SERVICES",39.390439475263,-77.447717239703,Match
5800 BLOCK HAWK RIDGE RD,39.387292608494,-77.369869404801,Match
5800 BLOCK HOLLYS WAY,39.393652498526,-77.294851011488,Match
5800 BLOCK IMPERIAL DR,39.392383142498,-77.454760549042,Match
5800 BLOCK IROQUOIS PL,39.457189780335,-77.466942091973,Match
5800 BLOCK JEFFERSON TECHNOLOGY BLVD,,,No Match
"5800 BLOCK LANTANA CIR, Apt/Unit:A",39.393390181932,-77.42937884218,Match
5800 BLOCK LITTLELEAF CT,39.393328104867,-77.296953371476,Match
5800 BLOCK MARY LOU LN,39.393459807928,-77.453026893398,Match
5800 BLOCK MEADOW DR,39.441713581296,-77.46510716349,Match
5800 BLOCK MEADOW RD,39.395000771351,-77.32493181236,Match
5800 BLOCK MERCANTILE DR W,39.391347247017,-77.446705923704,Match
5800 BLOCK N CATOCTIN OVERLOOK DR,39.392608993184,-77.233169923849,Match
"5800 BLOCK OAKDALE SCHOOL RD, OAKDALE ELEMENTARY SCHOOL",,,No Match
"5800 BLOCK OAKDALE SCHOOL RD, OAKDALE MIDDLE SCHOOL",,,No Match
5800 BLOCK OLD BOHN RD,39.398252485798,-77.162342393255,Match
5800 BLOCK PECKING STONE ST,39.393913421164,-77.309405949032,Match
5800 BLOCK ROSEBAY CT,39.391782923535,-77.434279927408,Match
"5800 BLOCK ROSEBAY CT, IAO //AT THE ROUNDABOUT",39.391782923535,-77.434279927408,Match
5800 BLOCK SHADBUSH CT,39.393345899019,-77.429363500545,Match
5800 BLOCK SHEPHERD DR,39.392953080355,-77.35265864323,Match
5800 BLOCK SHOOKSTOWN RD,39.435979944283,-77.467190241115,Match
5800 BLOCK SURFINIA MEWS,,,No Match
5800 BLOCK TOBERY RD,,,No Match
5800 BLOCK UNION RIDGE DR,39.307841777194,-77.46217137345,Match
"5800 BLOCK URBANA PIKE, HYUNDAI DEALERSHIP",39.391265777792,-77.405350901563,Match
"5800 BLOCK URBANA PIKE, IDEAL BUICK GMC HYUNDAI",39.391265777792,-77.405350901563,Match
"5800 BLOCK URBANA PIKE, MARIACHI RESTAURANT",39.391265777792,-77.405350901563,Match
"5800 BLOCK URBANA PIKE, ROBERTS ELECTRIC MOTORS",39.391265777792,-77.405350901563,Match
5800 BLOCK WHITE LAKE LN,39.393080975229,-77.453314882664,Match
"5800 BLOCK WHITE LAKE LN, Apt/Unit:104",39.393080975229,-77.453314882664,Match
"5800 BLOCK WHITE LAKE LN, Apt/Unit:204",39.393080975229,-77.453314882664,Match
5800 BLOCK WHITEROSE WAY,39.390034421432,-77.296220957513,Match
5800 BLOCK WINDING OAKS CT,39.392710272806,-77.363381431665,Match
5800 BLOCK WINDING RIDGE WAY,39.394527621195,-77.336157626112,Match
5800 BLOCK WOODBINE RD,39.417141721515,-77.050670117546,Match
5800 BLOCK WOODWINDS CIR,39.356844199154,-77.467608581514,Match
5800 BLOCK YEAGERTOWN RD,39.391658786016,-77.307119405354,Match
5800 BLOCK ZOE LN,,,No Match
5800 BLOCKB JEFFERSON PIKE,,,No Match
5900 BLOCK ADAMSTOWN RD,39.312705984176,-77.46050640476,Match
5900 BLOCK APLOMADO LN,,,No Match
5900 BLOCK BARTONSVILLE RD,39.390945322993,-77.353006549444,Match
5900 BLOCK BOYERS MILL RD,39.398147184408,-77.28837652477,Match
"5900 BLOCK BOYERS MILL RD, NEXT TO",39.398147184408,-77.28837652477,Match
5900 BLOCK BROAD BRANCH WAY,39.392815681377,-77.352547459503,Match
5900 BLOCK BROAD RUN RD,39.393781912357,-77.597563050217,Match
"5900 BLOCK BUCKEYSTOWN PIKE, CAPITAL ONE BANK - BUCKEYSTOWN PIKE",,,No Match
5900 BLOCK CONSTANCE WAY,39.396077748654,-77.295999528787,Match
"5900 BLOCK EDENTON CT, BUBBLES CAR WASH",,,No Match
"5900 BLOCK EDENTON CT, ORCHARD TERRACE AT EDENTON",,,No Match
5900 BLOCK ELMER DERR RD,39.379216357006,-77.45993347318,Match
5900 BLOCK ETTERBEEK ST,39.396433599641,-77.315359482768,Match
5900 BLOCK FORUM SQ,39.394819230029,-77.453518892941,Match
"5900 BLOCK FREDERICK CROSSING LN, Apt/Unit:100",39.397799246093,-77.412521592244,Match
5900 BLOCK GARDEN WALK DR,39.393683720531,-77.456223809835,Match
"5900 BLOCK GENESIS LN, EDENTON RETIREMENT BLOSSOM PLACE",,,No Match
"5900 BLOCK GENESIS LN, EDENTON RETIREMENT FIDDLERS GREEN",,,No Match
5900 BLOCK GREEN VALLEY RD,39.395458693415,-77.261417620711,Match
5900 BLOCK HOLTER RD,39.392613685559,-77.520748100814,Match
5900 BLOCK JACOBEAN PL,39.394680042334,-77.295360566348,Match
5900 BLOCK JEFFERSON COMMONS WAY,39.39478927478,-77.449273595358,Match
"5900 BLOCK JEFFERSON STATION CT, JEFFERSTATION BLVD",,,No Match
5900 BLOCK JEFFERSON TECHNOLOGY BLVD,,,No Match
5900 BLOCK KRANTZ DR,39.395530642688,-77.454107655674,Match
"5900 BLOCK KRANTZ DR, Apt/Unit:5943",39.395530642688,-77.454107655674,Match
"5900 BLOCK LADD CT, FREDERICK VILLAS APTS - 5900 BLOCK LADD CT",39.385853295789,-77.421376935567,Match
5900 BLOCK LAWRENCE CT,39.307809296021,-77.462027657734,Match
5900 BLOCK LEBEN DR,39.394365957278,-77.45149336081,Match
5900 BLOCK MEADOW RD,,,No Match
5900 BLOCK OAKCROSS LN,,,No Match
"5900 BLOCK OLD NATIONAL PIKE, ASIAN AMERICAN FAMILY SUPPORT CENTER",,,No Match
5900 BLOCK PECKING STONE ST,,,No Match
5900 BLOCK POOLE RD,39.394395891559,-77.526564958411,Match
"5900 BLOCK QUINN ORCHARD RD, Apt/Unit:116/117, COUNTRY MEADOWS OF FREDERICK - 5900 BLOCK QUINN ORCHARD RD",39.394404876514,-77.383927777981,Match
"5900 BLOCK QUINN ORCHARD RD, Bldg:1, Apt/Unit:129, COUNTRY MEADOWS OF FREDERICK - 5900 BLOCK QUINN ORCHARD RD",39.394404876514,-77.383927777981,Match
"5900 BLOCK QUINN ORCHARD RD, Bldg:1, Apt/Unit:205, COUNTRY MEADOWS OF FREDERICK - 5900 BLOCK QUINN ORCHARD RD",39.394404876514,-77.383927777981,Match
"5900 BLOCK QUINN ORCHARD RD, Bldg:1, Apt/Unit:228, COUNTRY MEADOWS OF FREDERICK - 5900 BLOCK QUINN ORCHARD RD",39.394404876514,-77.383927777981,Match
"5900 BLOCK QUINN ORCHARD RD, Bldg:1, COUNTRY MEADOWS OF FREDERICK - 5900 BLOCK QUINN ORCHARD RD",39.394404876514,-77.383927777981,Match
"5900 BLOCK QUINN ORCHARD RD, Bldg:2, Apt/Unit:RM N117, COUNTRY MEADOWS OF FREDERICK #5597",39.394404876514,-77.383927777981,Match
"5900 BLOCK QUINN ORCHARD RD, COUNTRY MEADOWS ATTIC",39.394404876514,-77.383927777981,Match
"5900 BLOCK QUINN ORCHARD RD, COUNTRY MEADOWS OF FREDERICK #5900 BLOCK",39.394404876514,-77.383927777981,Match
"5900 BLOCK QUINN ORCHARD RD, COUNTRY MEADOWS OF FREDERICK - 5900 BLOCK QUINN ORCHARD RD",39.394404876514,-77.383927777981,Match
5900 BLOCK QUINN RD,39.396563443235,-77.341616944684,Match
"5900 BLOCK RAMSEUR CIR, CAMDEN CLEARBROOK APTS - 5900 BLOCK RAMSEUR CIR",,,No Match
5900 BLOCK SHEPHERD LN,38.971026663725,-76.834412569775,Match
5900 BLOCK TOMAHAWK ST,,,No Match
5900 BLOCK UNION RIDGE CT,39.308874696975,-77.467080014517,Match
5900 BLOCK WHITE FLINT DR,39.47030541182,-77.461460758563,Match
5900 BLOCK WOODVILLE RD,39.394886396423,-77.18144100944,Match
5900 BLOCK YEAGERTOWN RD,39.396022098046,-77.304738308485,Match
5900 BLOCK(5925) BLK KRANTZ DR,,,No Match
5900 BLOCKB MEADOW RD,,,No Match
600 BLOCK AMBERFIELD RD,,,No Match
600 BLOCK ANGELWING LN,39.411237262397,-77.469605451436,Match
600 BLOCK APPLE AVE,39.426495899748,-77.422992352809,Match
600 BLOCK BARLOW GREENMOUNT RD,,,No Match
600 BLOCK BIGGS AVE,39.427233676918,-77.42373039552,Match
600 BLOCK BLANDWOOD RD,39.424297997558,-77.393998397329,Match
600 BLOCK BLAZER TRL,39.424317965367,-77.418652386787,Match
"600 BLOCK BLAZER TRL, Apt/Unit:BLDG WHITAKER CAMPUS, HOOD COLLEGE - COBLENTZ HALL",39.424317965367,-77.418652386787,Match
"600 BLOCK BLAZER TRL, HOOD COLLEGE - BB&T ARENA",39.424317965367,-77.418652386787,Match
"600 BLOCK BLAZER TRL, HOOD COLLEGE - COBLENTZ HALL",39.424317965367,-77.418652386787,Match
"600 BLOCK BLAZER TRL, HOOD COLLEGE COBLENTZ HALL",39.424317965367,-77.418652386787,Match
600 BLOCK BLK E D ST,,,No Match
600 BLOCK BUSHYTAIL CT,39.405698049334,-77.464303029121,Match
600 BLOCK BUSHYTAIL DR,39.408685025076,-77.462844344828,Match
600 BLOCK CAMP GETTYSBURG RD,,,No Match
"600 BLOCK CARROLL PKWY, FREDERICK HIGH SCHOOL",39.415947296693,-77.425279026542,Match
600 BLOCK CAWLEY DR,39.394725724342,-77.432967255736,Match
600 BLOCK CENTRAL AVE,,,No Match
600 BLOCK CHRIST CHURCH RD,,,No Match
"600 BLOCK CONTENDER WAY, BUTTERFLY RIDGE ELEMENTARY SCHOOL",,,No Match
600 BLOCK CROSSOVER CT,39.406967332964,-77.464040196347,Match
600 BLOCK CULLER AVE,39.425439859346,-77.422007532508,Match
600 BLOCK E CHURCH ST,,,No Match
"600 BLOCK E CHURCH ST, ACROSS FROM LOCATION",,,No Match
"600 BLOCK E CHURCH ST, Apt/Unit:C, FHH MATERIALS CENTER",,,No Match
"600 BLOCK E CHURCH ST, DIFFERENCE 217",,,No Match
"600 BLOCK E CHURCH ST, FHH MATERIALS CENTER",,,No Match
"600 BLOCK E CHURCH ST, UNRIVALED IRON GYM",,,No Match
600 BLOCK E E ST,39.315575442156,-77.617683355333,Match
600 BLOCK E H ST,39.318437611209,-77.616598463212,Match
600 BLOCK E MAIN ST,,,No Match
"600 BLOCK E PATRICK ST, Apt/Unit:C, HURLEY HILTON",39.411902273955,-77.39702324936,Match
"600 BLOCK E PATRICK ST, WELLS HOUSE INC",39.411902273955,-77.39702324936,Match
600 BLOCK E POTOMAC ST,38.534800044824,-76.972424991042,Match
"600 BLOCK E POTOMAC ST, BRUNSWICK CITY PARK",38.534800044824,-76.972424991042,Match
"600 BLOCK EVERGREEN AVE, HOOD COLLEGE - JOSEPH PASTORE FACILITIES BUILDING",39.422397751118,-77.421638360174,Match
600 BLOCK FAIRVIEW AVE,,,No Match
600 BLOCK FIFTH AVE,,,No Match
600 BLOCK FIRE THORN CT,39.38949082577,-77.152969755038,Match
600 BLOCK FRANCIS SCOTT KEY HIGHWAY,39.591910071555,-77.241562777537,Match
600 BLOCK FRANCIS SCOTT KEY HWY,39.591910071555,-77.241562777537,Match
600 BLOCK GALA WAY,39.388808262993,-77.261847731299,Match
600 BLOCK GILLESPIE DR,,,No Match
600 BLOCK GLENBROOK DR,,,No Match
600 BLOCK HEDGEROW CT,39.405294499288,-77.463146201838,Match
"600 BLOCK HIMES AVE, Apt/Unit:104, OVERLOOK APTS",39.407752169159,-77.446311391373,Match
"600 BLOCK HIMES AVE, Apt/Unit:104, OVERLOOK APTS - 600 BLOCK HIMES AVE",39.407752169159,-77.446311391373,Match
"600 BLOCK HIMES AVE, LA PETITE ACADEMY",39.407752169159,-77.446311391373,Match
"600 BLOCK HIMES AVE, LA PETITE ACADEMY - HIMES AVE",39.407752169159,-77.446311391373,Match
"600 BLOCK HIMES AVE, OVERLOOK APTS - 600 BLOCK HIMES AVE",39.407752169159,-77.446311391373,Match
"600 BLOCK HIMES AVE, OVERLOOK APTS - 617 HIMES AVE",39.407752169159,-77.446311391373,Match
600 BLOCK HUNTING RIDGE DR,39.409543785386,-77.462988653714,Match
600 BLOCK HUNTOVER LN,39.408017801266,-77.463896741637,Match
"600 BLOCK JEFFERSON PIKE, IAO",39.3296968731,-77.649552749683,Match
600 BLOCK KARN CT,39.322679006432,-77.632688894815,Match
"600 BLOCK LAKEVIEW DR, MOUNT AIRY SHELL",,,No Match
600 BLOCK LEE PL,39.431411613106,-77.426942592106,Match
600 BLOCK MAGNOLIA AVE,39.424822560201,-77.418924229926,Match
600 BLOCK MAIN ST,,,No Match
"600 BLOCK MAIN ST, CREATIVE CHILDREN'S CENTER",,,No Match
"600 BLOCK MAIN ST, CREATIVE CHILDRENS CENTER",,,No Match
600 BLOCK MARBLEWING CT,39.409649035219,-77.467900587176,Match
600 BLOCK MARY ST,39.41200482466,-77.42939253551,Match
600 BLOCK MILITARY RD,39.43200884654,-77.42789616594,Match
600 BLOCK MOUNT LENA RD,,,No Match
600 BLOCK N BENTZ ST,39.421778118115,-77.41201133072,Match
"600 BLOCK N BENTZ ST, Apt/Unit:102",39.421778118115,-77.41201133072,Match
"600 BLOCK N BENTZ ST, Apt/Unit:302, WATER TOWER VERNON AVE",39.421778118115,-77.41201133072,Match
600 BLOCK N MAPLE AVE,39.317660225479,-77.625739399969,Match
"600 BLOCK NEIMAN ST, FORT DETRICK - BLDG 600 BLOCK - MED LOG BLDG",39.43326955767,-77.429646687437,Match
"600 BLOCK NINTH AVE, BRUNSWICK MEDICAL CENTER",,,No Match
"600 BLOCK NINTH AVE, MED ONE PHARMACY",,,No Match
600 BLOCK PEREGRINE LANE,,,No Match
600 BLOCK PETERSVILLE RD,39.353918036537,-77.096960560634,Match
600 BLOCK POTOMAC VIEW PKWY,,,No Match
600 BLOCK PROSSER ST,39.386619933988,-77.266636888587,Match
600 BLOCK RED CT,39.407097827757,-77.461985061034,Match
"600 BLOCK RESEARCH CT, ASTRA ZENECA",39.401576353073,-77.43461924559,Match
"600 BLOCK RESEARCH CT, ASTRA ZENECA #600 BLOCK",39.401576353073,-77.43461924559,Match
"600 BLOCK RESEARCH CT, ASTRA ZENECA - 600 BLOCK RESEARCH CT - CENTERGATE",39.401576353073,-77.43461924559,Match
"600 BLOCK RESEARCH CT, Apt/Unit:BLDG 600 BLOCK 1FL 1A13 AD, ASTRA ZENECA",39.401576353073,-77.43461924559,Match
"600 BLOCK RESEARCH CT, Apt/Unit:BLDG 633 1FL 1A13 AD, ASTRA ZENECA - 633 RESEARCH CT - CENTERGATE",39.401576353073,-77.43461924559,Match
600 BLOCK ROSEMONT AVE,39.421036771011,-77.42175931547,Match
600 BLOCK S MAIN ST,,,No Match
600 BLOCK SCHLEY AVE,39.428015801666,-77.424459577039,Match
"600 BLOCK SOLAREX CT, ALLEGANY PEPSI BOTTLING CO - CENTERGATE",39.400291859263,-77.436782534795,Match
"600 BLOCK SOLAREX CT, ASTRA ZENECA #600 BLOCK",39.400291859263,-77.436782534795,Match
"600 BLOCK SOLAREX CT, ASTRA ZENECA #600 BLOCK CENTERPARK PROFESSIONAL CENTER",39.400291859263,-77.436782534795,Match
"600 BLOCK SOLAREX CT, Apt/Unit:STE 200, CENTERPARK PROFESSIONAL CENTER - CENTERGATE",39.400291859263,-77.436782534795,Match
"600 BLOCK SOLAREX CT, Apt/Unit:SUIT 202, CENTERPARK PROFESSIONAL CENTER - CENTERGATE",39.400291859263,-77.436782534795,Match
"600 BLOCK SOLAREX CT, CENTERPARK PROFESSIONAL CENTER - CENTERGATE",39.400291859263,-77.436782534795,Match
"600 BLOCK SOLAREX CT, FREDERICK PRIMARY CARE ASSOCIATES - CENTERGATE",39.400291859263,-77.436782534795,Match
600 BLOCK SOUDER RD,39.319544666293,-77.61481283974,Match
"600 BLOCK SOUDER RD, BRUNSWICK FARM & HOME",39.319544666293,-77.61481283974,Match
"600 BLOCK SOUDER RD, OAK TREE INN",39.319544666293,-77.61481283974,Match
"600 BLOCK SOUDER RD, TRAVEL LODGE",39.319544666293,-77.61481283974,Match
600 BLOCK TANEY AVE,39.428915330352,-77.424431289758,Match
600 BLOCK TIVOLI RD,39.394540113848,-77.432764737276,Match
600 BLOCK TRAIL AVE,39.422109311769,-77.413324042131,Match
600 BLOCK TRITAPOE DR,39.319571802823,-77.648619015172,Match
"600 BLOCK VILLAGE GROVE DR, Apt/Unit:206, RESERVE OF BALLENGER - 600 BLOCK VILLAGE GROVE DR",39.394672550277,-77.435385274687,Match
"600 BLOCK VILLAGE GROVE DR, Apt/Unit:208, RESERVE AT BALLENGER - 600 BLOCK VILLAGE GROVE DR",39.394672550277,-77.435385274687,Match
600 BLOCK W ADAMS CIR,39.529134943794,-77.316416223003,Match
"600 BLOCK W ADAMS CIR, BELLE COURT APTS",39.529134943794,-77.316416223003,Match
"600 BLOCK W ADAMS CIR, BELLE COURT APTS #600 BLOCK",39.529134943794,-77.316416223003,Match
"600 BLOCK W ADAMS CIR, BELLE COURT APTS - 600 BLOCK W ADAMS CIR",39.529134943794,-77.316416223003,Match
"600 BLOCK W ADAMS CIR, FREDERICK COUNTY BELL COURT",39.529134943794,-77.316416223003,Match
"600 BLOCK W ADAMS CIR, FREDERICK HOUSING",39.529134943794,-77.316416223003,Match
600 BLOCK W MAIN ST,39.706156071491,-77.332486469008,Match
"600 BLOCK W MAIN ST, Apt/Unit:12, EMMIT HOUSE",39.706156071491,-77.332486469008,Match
"600 BLOCK W MAIN ST, WILES BRANCH PARK",39.706156071491,-77.332486469008,Match
600 BLOCK W PATRICK ST,39.414002304925,-77.42835714964,Match
"600 BLOCK W PATRICK ST, Apt/Unit:12",39.414002304925,-77.42835714964,Match
"600 BLOCK W PATRICK ST, CLEARVIEW COMMUNITIES - 600 BLOCK W PATRICK ST",39.414002304925,-77.42835714964,Match
600 BLOCK W POTOMAC ST,39.31446997509,-77.635171462612,Match
"600 BLOCK W POTOMAC ST, HOPWOOD SELF STORAGE",39.31446997509,-77.635171462612,Match
"600 BLOCK W SECOND ST, CULLER LAKE - BAKER PARK",39.593050028919,-75.943945788593,Match
600 BLOCK WEVERTON RD,39.330882868377,-77.681982836991,Match
600 BLOCK WILD HUNT RD,39.394315906201,-77.43151228926,Match
600 BLOCK WILSON PL,39.430111811211,-77.426312254549,Match
"600 BLOCK WINDVIEW WAY, Apt/Unit:302, RESERVE AT BALLENGER - 600 BLOCK WINDVIEW WAY",,,No Match
"600 BLOCK WINDVIEW WAY, Apt/Unit:303, RESERVE AT BALLENGER - 600 BLOCK WINDVIEW WAY",,,No Match
"600 BLOCK WINDVIEW WAY, FREDERICK PEDIATRIC ASSOCIATES - MERCANTILE DR - FREDERICK",,,No Match
"600 BLOCK WINDVIEW WAY, RESERVE AT BALLENGER - 600 BLOCK WINDVIEW WAY",,,No Match
6000 BLOCK ADAMSTOWN RD,39.312697023967,-77.459049433878,Match
"6000 BLOCK BLUE STONE CIR, TRO",39.491434875705,-77.458258304688,Match
6000 BLOCK BOYERS MILL RD,39.400181520974,-77.288000523874,Match
"6000 BLOCK BUCKEYSTOWN PIKE, SHEETZ - I70 / EAST ST",39.398058786593,-77.408147610596,Match
"6000 BLOCK BUCKEYSTOWN PIKE, SHEETZ I70",39.398058786593,-77.408147610596,Match
6000 BLOCK CALLA PL,39.396987697489,-77.455420715236,Match
6000 BLOCK DETRICK RD,39.399120642552,-77.232467478576,Match
6000 BLOCK DICKERSON RD,39.258704324453,-77.46040523123,Match
6000 BLOCK DOUGLAS AVE,39.39807909901,-77.299468668925,Match
6000 BLOCK DUVALLS FOREST DR,,,No Match
6000 BLOCK ELMER DERR RD,39.374258881149,-77.460033558331,Match
"6000 BLOCK ELMER DERR RD, IAO",39.374258881149,-77.460033558331,Match
6000 BLOCK ETTERBEEK ST,,,No Match
6000 BLOCK FALLFISH CT,39.396822266539,-77.308330825811,Match
"6000 BLOCK FORD RD, 6000 BLOCK FORUM SQ",39.489165290649,-77.458847593868,Match
6000 BLOCK FORUM SQ,39.396564187051,-77.452327759795,Match
"6000 BLOCK FRANCIS SCOTT KEY DR, ECONO LODGE",,,No Match
6000 BLOCK GARDENIA MEWS,,,No Match
6000 BLOCK GREENFIELD DR,39.396800948469,-77.460295712226,Match
6000 BLOCK JEFFERSON BLVD,39.399033227397,-77.509373968193,Match
"6000 BLOCK JEFFERSON BLVD, AUTUMN LAKE HEALTH CARE",39.399033227397,-77.509373968193,Match
"6000 BLOCK JEFFERSON BLVD, VINDOBONA NURSING HOME",39.399033227397,-77.509373968193,Match
6000 BLOCK JEFFERSON PIKE,39.396222039206,-77.458246169679,Match
6000 BLOCK JEFFERSON STATION CT,,,No Match
6000 BLOCK KEYSER LN,39.480225462882,-77.459539785811,Match
6000 BLOCK KRANTZ DR,39.397258844473,-77.4537779595,Match
6000 BLOCK LEBEN DR,39.395935394549,-77.451511476059,Match
"6000 BLOCK LINGANORE RD, IN AREA OF// TOWARDS OLD NATIONAL PIKE",39.397740257741,-77.362315951458,Match
6000 BLOCK MARGARITA WAY,,,No Match
6000 BLOCK MOUNT PHILLIP RD,39.399315780041,-77.488407258232,Match
6000 BLOCK MOUNTAINDALE RD,39.524171637992,-77.457426279408,Match
6000 BLOCK MURRAY TER,39.394903426596,-77.456281402118,Match
"6000 BLOCK NEW DESIGN RD, TRINITY SCHOOL",39.39921729821,-77.416162016951,Match
6000 BLOCK PISCATAWAY ST,,,No Match
6000 BLOCK QUARTZ CIR,39.491494265092,-77.455928547939,Match
6000 BLOCK QUINN RD,39.399997421081,-77.338871927632,Match
6000 BLOCK SPRING RIDGE PKWY,,,No Match
"6000 BLOCK SPRING RIDGE PKWY, CELEBREE LEARNING CENTER",,,No Match
"6000 BLOCK SPRING RIDGE PKWY, CELEBREE LEARNING CENTER - SPRING RIDGE",,,No Match
"6000 BLOCK SPRING RIDGE PKWY, STATION 33",,,No Match
6000 BLOCK STONEROLLER ST,,,No Match
6000 BLOCK TANEYTOWN PIKE,39.673851697074,-77.212328202669,Match
"6000 BLOCK URBANA PIKE, ENTERPRISE CAR RENTAL",39.395928023924,-77.407249615305,Match
6000 BLOCK WALLEYE PL,,,No Match
6000 BLOCKA BARTONSVILLE RD,,,No Match
"6000 BLOCKB FRANCIS SCOTT KEY DR, Apt/Unit:229",,,No Match
6100 BLOCK ASTER VIEW LN,39.393697426804,-77.455453403735,Match
6100 BLOCK BALDRIDGE TER,39.401806678373,-77.347771891983,Match
6100 BLOCK BURKITTSVILLE RD,,,No Match
6100 BLOCK CLEVELANDTOWN RD,39.482366072843,-77.639327561517,Match
6100 BLOCK COOLSPRING TER S,39.401572550595,-77.352578892787,Match
6100 BLOCK CORNWALL TER,39.402951604265,-77.351153772171,Match
6100 BLOCK DETRICK RD,39.399627288852,-77.229945410882,Match
6100 BLOCK DICKERSON RD,39.256122425781,-77.455292030527,Match
"6100 BLOCK DICKERSON RD, Bldg:F",39.256122425781,-77.455292030527,Match
6100 BLOCK DOCK ST,39.396329551867,-77.456516654543,Match
6100 BLOCK E FAGAN LN,39.44590338545,-77.42839236962,Match
6100 BLOCK FALLFISH CT,39.397989289487,-77.308007908428,Match
6100 BLOCK FIELDCREST CT,39.403620919924,-77.353246033038,Match
6100 BLOCK FIELDCREST DR,39.401191144986,-77.354154510555,Match
6100 BLOCK FORD RD,39.488103770769,-77.455718865881,Match
6100 BLOCK FULMER RD,39.401822409028,-77.492570160873,Match
6100 BLOCK GOSHAWK ST,,,No Match
6100 BLOCK HOLTER RD,39.396784217165,-77.523497372635,Match
6100 BLOCK HUCKLEBERRY WAY,39.402088398962,-77.295466337362,Match
6100 BLOCK JEFFERSON BLVD,39.400319623334,-77.509150009931,Match
6100 BLOCK LONG BRANCH RD,39.40128442171,-77.361983924329,Match
6100 BLOCK MANOR WOODS RD,39.331096631627,-77.454818845509,Match
6100 BLOCK MARY ANN CT,39.482518417651,-77.674895704287,Match
"6100 BLOCK MEADOW RD, LAT/ LONG MESSAGE",39.401116426204,-77.321103558852,Match
6100 BLOCK MIDDLEBURG RD,39.594599232151,-77.216633644657,Match
6100 BLOCK MOUNTAINDALE RD,39.52219882527,-77.455981366633,Match
6100 BLOCK MURRAY TER,39.394922506277,-77.454617826656,Match
6100 BLOCK NEWPORT TER,39.402713269574,-77.338965150679,Match
6100 BLOCK OLD NATIONAL PK,39.484757756985,-77.620411310837,Match
6100 BLOCK PICNIC WOODS RD,39.402023040692,-77.608204736298,Match
6100 BLOCK PINE CREST LN,39.404403420478,-77.343567247424,Match
6100 BLOCK QUINN ORCHARD RD,39.400471611609,-77.378983029888,Match
"6100 BLOCK QUINN ORCHARD RD, PH2",39.400471611609,-77.378983029888,Match
6100 BLOCK S STEAMBOAT WAY,39.403631507855,-77.293613761019,Match
"6100 BLOCK SPRING RIDGE PKWY, NEW YORK J&P PIZZA",,,No Match
"6100 BLOCK SPRINGWATER PL, Apt/Unit:1, HAMPTON COURT CONDOS - 6100 BLOCK SPRINGWATER PL",39.400069173165,-77.354288191263,Match
"6100 BLOCK SPRINGWATER PL, Apt/Unit:1101, HAMPTON COURT CONDOS - 6100 BLOCK SPRINGWATER PL",39.400069173165,-77.354288191263,Match
"6100 BLOCK SPRINGWATER PL, Apt/Unit:2204, HAMPTON COURT CONDOS - 6100 BLOCK SPRINGWATER PL",39.400069173165,-77.354288191263,Match
"6100 BLOCK SPRINGWATER PL, Apt/Unit:2304, HAMPTON COURT CONDOS - 6100 BLOCK SPRINGWATER PL",39.400069173165,-77.354288191263,Match
"6100 BLOCK SPRINGWATER PL, Apt/Unit:G, HAMPTON COURT CONDOS",39.400069173165,-77.354288191263,Match
"6100 BLOCK SPRINGWATER PL, Apt/Unit:M, HAMPTON COURT CONDOS",39.400069173165,-77.354288191263,Match
"6100 BLOCK SPRINGWATER PL, HAMPTON COURT CONDOS - 6100 BLOCK SPRINGWATER PL",39.400069173165,-77.354288191263,Match
6100 BLOCK STONECAT CT,,,No Match
6100 BLOCK TWAIN DR,39.400125206812,-77.300198641164,Match
6100 BLOCK YEAGER CT,39.399553937354,-77.304504710782,Match
"6100 BLOCK YEAGERTOWN RD, PH2",39.402841880664,-77.30318815691,Match
6200 BLOCK ADELAY CT,39.386773462013,-77.444168148915,Match
6200 BLOCK ALAN LINTON BLVD W,39.369986238474,-77.449704762287,Match
6200 BLOCK APPLETOWN RD,39.484987733631,-77.649727919349,Match
6200 BLOCK BELLMONT CIRCLE,39.404629190313,-77.107841423548,Match
6200 BLOCK CLEVELANDTOWN RD,39.484718169205,-77.638446962142,Match
6200 BLOCK CLIFFSIDE TER,39.406954923025,-77.349424574903,Match
6200 BLOCK DAVINCI ST,39.398250918931,-77.45257155187,Match
6200 BLOCK DICKERSON RD,39.253931992382,-77.451406317243,Match
6200 BLOCK DISPATCH WAY,39.370692396176,-77.452675803646,Match
6200 BLOCK FAIRFAX CT,39.4029312733,-77.384430909292,Match
6200 BLOCK FULMER RD,39.404133934166,-77.498151102806,Match
"6200 BLOCK GLEN VALLEY TER, Apt/Unit:1G, HAMPTON COURT CONDOS - 6200 BLOCK GLEN VALLEY TER",,,No Match
"6200 BLOCK GLEN VALLEY TER, HAMPTON COURT CONDOS - 6200 BLOCK GLEN VALLEY TER",,,No Match
"6200 BLOCK GLEN VALLEY TER, HAMPTON COURT CONDOS BLDG 6200 BLOCK",,,No Match
6200 BLOCK HASTINGS CT,39.389422695204,-77.447223195659,Match
6200 BLOCK JEFFERSON BLVD,39.404891584646,-77.508344578345,Match
6200 BLOCK LANEVE CT,,,No Match
6200 BLOCK MARGARITA WAY,39.395124187957,-77.452125262275,Match
6200 BLOCK MOUNT PHILLIP RD,39.403650068916,-77.491189743115,Match
6200 BLOCK N STEAMBOAT WAY,39.404862941442,-77.293524459985,Match
6200 BLOCK NEW LONDON RD,39.403963907244,-77.259166367191,Match
6200 BLOCK NEWPORT PL,39.403599072359,-77.339898507029,Match
6200 BLOCK NIGHTFIRE TER,,,No Match
6200 BLOCK OLD NATIONAL PIKE,39.485409111432,-77.624121283242,Match
6200 BLOCK PAUL RUDY RD,,,No Match
6200 BLOCK PAYTON WAY,39.370034045257,-77.453083518584,Match
6200 BLOCK POSEY ST,39.397908211864,-77.453215231308,Match
6200 BLOCK QUINN RD,39.402810060786,-77.333655102227,Match
6200 BLOCK RITTER DR,39.395085754538,-77.450574471598,Match
6200 BLOCK SAWYER RD,39.404564109291,-77.295499288746,Match
6200 BLOCK STONECAT CT,,,No Match
6200 BLOCK TANEYTOWN PIKE,39.67561480706,-77.217696227327,Match
6200 BLOCK WALLEYE PL,,,No Match
6200 BLOCK WHITE OAK DR,39.403824878342,-77.326118074125,Match
6200 BLOCK WOODVILLE RD,39.40490057056,-77.179849571458,Match
"6200 BLOCK WOODVILLE RD, Bldg:A",39.40490057056,-77.179849571458,Match
6300 BLOCK BANNISTER DR,39.411248302812,-77.33176144369,Match
6300 BLOCK BETTY LINTON LN,39.369636024762,-77.446144232672,Match
6300 BLOCK CLARIDGE DR N,39.408565785797,-77.33622952974,Match
6300 BLOCK DICKERSON RD,,,No Match
6300 BLOCK E WHITECOAT DR,,,No Match
6300 BLOCK FULMER RD,39.405662497476,-77.498679567802,Match
6300 BLOCK IVERSON TER N,39.407136318749,-77.339697884851,Match
6300 BLOCK JEFFERSON BLVD,39.407240727722,-77.507933660022,Match
6300 BLOCK KNOLLWOOD DR,39.405377149323,-77.346887617258,Match
"6300 BLOCK LAMBERT DR, Apt/Unit:TUSCARORA ELEMENTARY, TUSCARORA ELEMENTARY SCHOOL",39.37167146778,-77.44538317067,Match
"6300 BLOCK LAMBERT DR, TUSCARORA ELEMENTARY SCHOOL",39.37167146778,-77.44538317067,Match
6300 BLOCK LYSANDER CT,39.373003050766,-77.439238565104,Match
6300 BLOCK MANOR WOODS RD,39.331880847086,-77.449699944266,Match
"6300 BLOCK MANOR WOODS RD, BHUDIST TEMPLE",39.331880847086,-77.449699944266,Match
6300 BLOCK MEANDERING WOODS CT,39.406046981118,-77.358388905652,Match
6300 BLOCK MOUNTAINDALE RD,39.519546537173,-77.450926287349,Match
"6300 BLOCK MOUNTAINDALE RD, Bldg:A",39.519546537173,-77.450926287349,Match
6300 BLOCK NEW HAVEN CT,39.388636243556,-77.446539384356,Match
6300 BLOCK NEW LONDON RD,39.406249761719,-77.259654750393,Match
6300 BLOCK OLD MIDDLETOWN RD,,,No Match
6300 BLOCK OLD NATIONAL PIKE,39.488086175264,-77.631996455366,Match
6300 BLOCK POSEY ST,39.397072813562,-77.451746125376,Match
6300 BLOCK REMINGTON CT,39.40968751329,-77.343069452941,Match
6300 BLOCK RUTHERFORD CT,,,No Match
6300 BLOCK SPRING FOREST RD,39.407093467615,-77.343066852839,Match
6300 BLOCK SPRING RIDGE PKWY,,,No Match
"6300 BLOCK SPRING RIDGE PKWY 231, Apt/Unit:231",,,No Match
"6300 BLOCK SPRING RIDGE PKWY, Apt/Unit:136, SPRING RIDGE SENIOR APTS",,,No Match
"6300 BLOCK SPRING RIDGE PKWY, Apt/Unit:306, SPRING RIDGE SENIOR APTS",,,No Match
"6300 BLOCK SPRING RIDGE PKWY, Apt/Unit:340, SPRING RIDGE SENIOR APTS",,,No Match
"6300 BLOCK SPRING RIDGE PKWY, Apt/Unit:APT 336, SPRING RIDGE SENIOR APTS",,,No Match
"6300 BLOCK SPRING RIDGE PKWY, SPRING RIDGE SENIOR APTS",,,No Match
"6300 BLOCK SPRINGWATER TER, Apt/Unit:1121, HAMPTON COURT CONDOS - 6300 BLOCK SPRINGWATER TER",39.400013070884,-77.354484865294,Match
"6300 BLOCK SPRINGWATER TER, Apt/Unit:1122, HAMPTON COURT CONDOS - 6300 BLOCK SPRINGWATER TER",39.400013070884,-77.354484865294,Match
6300 BLOCK WALCOTT LN,39.366642064799,-77.446067850815,Match
6300 BLOCKA DICKERSON RD,,,No Match
6400 BLOCK ALAN LINTON BLVD E,39.368530553219,-77.446954446525,Match
6400 BLOCK BARRINGTON DR,39.409996543921,-77.33944720543,Match
6400 BLOCK BELLEVUE PL,39.410154887513,-77.333764654972,Match
6400 BLOCK BOYERS MILL RD,39.409265864964,-77.29608677133,Match
"6400 BLOCK BOYERS MILL RD, IAO",39.409265864964,-77.29608677133,Match
6400 BLOCK CALVERTON DR,39.366902880981,-77.445378939566,Match
6400 BLOCK DRESDEN PL,39.411302351479,-77.332625882426,Match
6400 BLOCK ENGLISH MUFFIN WAY,,,No Match
"6400 BLOCK ENGLISH MUFFIN WAY, GOODWILL",,,No Match
"6400 BLOCK ENGLISH MUFFIN WAY, MANTAN CO",,,No Match
6400 BLOCK FOXVILLE RD,39.631750121649,-77.445491418883,Match
6400 BLOCK GREEN VALLEY RD,39.409495114519,-77.256239111188,Match
6400 BLOCK JEFFERSON PIKE,39.402020294985,-77.446259761834,Match
"6400 BLOCK JEFFERSON PIKE, FIRST MISSIONARY BAPTIST CHURCH",39.402020294985,-77.446259761834,Match
"6400 BLOCK JEFFERSON PIKE, SEVENTH DAY ADVENTIST CHURCH",39.402020294985,-77.446259761834,Match
"6400 BLOCK JEFFERSON PIKE, TRANQUILITY AT FREDERICKTOWNE",39.402020294985,-77.446259761834,Match
6400 BLOCK KELLY CT,39.387649779815,-77.444801204665,Match
6400 BLOCK LAKERIDGE DR,,,No Match
6400 BLOCK LINGANORE RD,39.411647364784,-77.360063979701,Match
6400 BLOCK MADIGAN TRL,39.36588369726,-77.449472791473,Match
6400 BLOCK MERCANTILE DR E,,,No Match
"6400 BLOCK MERCANTILE DR E, Apt/Unit:101, CAMDEN CLEARBROOK APTS - 6400 BLOCK MERCANTILE DR",,,No Match
"6400 BLOCK MERCANTILE DR E, Apt/Unit:104, CAMDEN CLEARBROOK APTS - 6400 BLOCK MERCANTILE DR",,,No Match
"6400 BLOCK MERCANTILE DR E, Apt/Unit:108, CAMDEN CLEARBROOK APTS - 6400 BLOCK MERCANTILE DR",,,No Match
"6400 BLOCK MERCANTILE DR E, Apt/Unit:108, CAMDEN CLEARBROOK APTS 6400 BLOCK MERCANTILE DR",,,No Match
"6400 BLOCK MERCANTILE DR E, Apt/Unit:202, CAMDEN CLEARBROOK APTS - 6400 BLOCK MERCANTILE DR",,,No Match
"6400 BLOCK MERCANTILE DR E, Apt/Unit:306, CAMDEN CLEARBROOK APTS - 6400 BLOCK MERCANTILE DR",,,No Match
"6400 BLOCK MERCANTILE DR E, CAMDEN CLEARBROOK APTS - 6400 BLOCK MERCANTILE DR",,,No Match
"6400 BLOCK MERCANTILE DR E, CAMDEN CLEARBROOK CLUBHOUSE & POOL",,,No Match
6400 BLOCK MOUNTAINDALE RD,39.51776364658,-77.446582804782,Match
6400 BLOCK OLD MIDDLETOWN RD,39.40810541286,-77.542820105802,Match
"6400 BLOCK PLANT RD, CHARLES V MAIN TRAINING CENTER",39.411642273535,-77.359999785054,Match
"6400 BLOCK PLANT RD, MONOCACY PISTOL CLUB",39.411642273535,-77.359999785054,Match
6400 BLOCK POLING LN,39.409947591174,-77.499468910724,Match
6400 BLOCK QUINN RD,39.408504706066,-77.329350655751,Match
6400 BLOCK S CLIFTON RD,39.408435094877,-77.504601422774,Match
6400 BLOCK SADDLEBROOK LN,39.410100704943,-77.335314302082,Match
6400 BLOCK SPRING FOREST RD,39.410028695396,-77.339306412177,Match
6400 BLOCK TARRINGTON CT,39.38754451305,-77.443059226854,Match
6400 BLOCK WALCOTT LN,39.367817611836,-77.447161184257,Match
6400 BLOCK WEATHERBY CT,39.385877419267,-77.445279936443,Match
"6400 BLOCK WEATHERBY CT, Apt/Unit:H",39.385877419267,-77.445279936443,Match
6400 BLOCK(5900) BLK MERCANTILE DR E,,,No Match
6500 BLOCK BALLENGER RUN BLVD,39.379246686475,-77.441963649258,Match
6500 BLOCK BOYERS MILL RD,39.410731728416,-77.299054402892,Match
6500 BLOCK BROADMOOR TER S,39.380308466079,-77.323376314752,Match
6500 BLOCK BUFFALO RD,39.395576510257,-77.152585426821,Match
6500 BLOCK DAYTONA CT,39.383533059619,-77.441412793993,Match
"6500 BLOCK DAYTONA CT, Apt/Unit:A",39.383533059619,-77.441412793993,Match
"6500 BLOCK DAYTONA CT, Bldg:G",39.383533059619,-77.441412793993,Match
6500 BLOCK DUNCAN PL,39.367823280307,-77.436663512323,Match
6500 BLOCK EWALD CT,39.391700308481,-77.440828707719,Match
6500 BLOCK FOXVILLE RD,39.629441318807,-77.443836194439,Match
"6500 BLOCK FOXVILLE RD, IAO",39.629441318807,-77.443836194439,Match
6500 BLOCK GREEN VALLEY RD,39.412263975929,-77.255142899225,Match
6500 BLOCK HEMLOCK POINT RD,39.413792822847,-77.293347800176,Match
"6500 BLOCK HOLTER RD, JUMBOS PUMPKIN PATCH",,,No Match
6500 BLOCK JEFFERSON BLVD,39.41193876709,-77.507108335233,Match
6500 BLOCK LAKEVIEW CT,39.411596044638,-77.298215685035,Match
"6500 BLOCK MERCANTILE DR E, Apt/Unit:SUITE204",39.394730008958,-77.438824686755,Match
"6500 BLOCK MERCANTILE DR E, FREDERICK PEDIATRIC ASSOCIATES - MERCANTILE DR - FREDERICK",39.394730008958,-77.438824686755,Match
"6500 BLOCK MONTALTO XING, Apt/Unit:F",39.382924428376,-77.440612177641,Match
"6500 BLOCK MONTALTO XING, Apt/Unit:L",39.382924428376,-77.440612177641,Match
6500 BLOCK MORNINGSIDE CT,39.410389663286,-77.589795254452,Match
6500 BLOCK MOUNT PHILLIP RD,39.411261981138,-77.480000626913,Match
6500 BLOCK MOUNTAINDALE RD,39.518521275037,-77.442505246282,Match
6500 BLOCK NEWTON DR,39.365419734155,-77.444865844896,Match
6500 BLOCK NIGHTINGALE CT,39.41309551565,-77.303887647729,Match
"6500 BLOCK NIGHTINGALE CT, PH2",39.41309551565,-77.303887647729,Match
6500 BLOCK OLD NATIONAL PIKE,39.493897462136,-77.641455158004,Match
6500 BLOCK PICNIC WOODS RD,39.411225913241,-77.603063316618,Match
6500 BLOCK PUTMAN RD,39.544704802933,-77.434039832852,Match
6500 BLOCK RIMROCK LN,39.411806302908,-77.298322310275,Match
6500 BLOCK RIMROCK RD,39.412589926045,-77.301239512244,Match
6500 BLOCK S CLIFTON RD,39.412663086986,-77.500197430911,Match
6500 BLOCK SCHNEIDER DR,39.410910649174,-77.587132132472,Match
"6500 BLOCK SPRINGWATER CT 8203, Apt/Unit:8203",,,No Match
"6500 BLOCK SPRINGWATER CT, Apt/Unit:7204, HAMPTON COURT CONDOS - 6500 BLOCK SPRINGWATER CT",39.398644529737,-77.354909999141,Match
"6500 BLOCK SPRINGWATER CT, Apt/Unit:7304, HAMPTON COURT CONDOS - 6500 BLOCK SPRINGWATER CT",39.398644529737,-77.354909999141,Match
"6500 BLOCK SPRINGWATER CT, Apt/Unit:7401, HAMPTON COURT CONDOS - 6500 BLOCK SPRINGWATER CT",39.398644529737,-77.354909999141,Match
"6500 BLOCK SPRINGWATER CT, Apt/Unit:7402, HAMPTON COURT CONDOS - 6500 BLOCK SPRINGWATER CT",39.398644529737,-77.354909999141,Match
"6500 BLOCK SPRINGWATER CT, HAMPTON COURT CONDOS",39.398644529737,-77.354909999141,Match
"6500 BLOCK SPRINGWATER CT, HAMPTON COURT CONDOS - 6500 BLOCK SPRINGWATER CT",39.398644529737,-77.354909999141,Match
6500 BLOCK TWIN LAKE DR,39.412749703675,-77.298887584818,Match
6500 BLOCK WALCOTT LN,39.367423624362,-77.44460931279,Match
"6500 BLOCK WALCOTT LN, Apt/Unit:102",39.367423624362,-77.44460931279,Match
"6500 BLOCK WALCOTT LN, Apt/Unit:201",39.367423624362,-77.44460931279,Match
"6500 BLOCK WALCOTT LN, Apt/Unit:303",39.367423624362,-77.44460931279,Match
6500 BLOCK WHETSTONE DR,39.38924909062,-77.438505385755,Match
6500 BLOCK WHITE MULBERRY LN,,,No Match
6500 BLOCK WILD PLUM DR,39.377895665194,-77.442292104003,Match
6500 BLOCK WILLARD HORINE CT,39.390922997104,-77.441292013026,Match
"6500 BLOCK WILTSHIRE DR, Apt/Unit:D",39.383485341239,-77.442114890263,Match
6500 BLOCK WORSHAM CT,39.381797969285,-77.44023903714,Match
6500 BLOCKH NEW LONDON RD,,,No Match
6600 BLOCK ACCIPITER DR,39.420465196564,-77.318818224284,Match
6600 BLOCK AMBERTON DR,39.190978759654,-76.753315920008,Match
6600 BLOCK ASHFORD LN,39.457473747742,-77.436455877182,Match
6600 BLOCK BALLENGER RUN BLVD,39.379006749489,-77.4398235357,Match
6600 BLOCK BEACH DR,39.412551714764,-77.2956179102,Match
"6600 BLOCK BOYERS MILL RD, IAO",39.41552241665,-77.303771752889,Match
6600 BLOCK BROWNS QUARRY RD,39.692701073911,-77.439042301722,Match
"6600 BLOCK BROWNS QUARRY RD, IFO",39.692701073911,-77.439042301722,Match
6600 BLOCK CANADA GOOSE CT,39.37298482558,-77.435655948851,Match
6600 BLOCK CARPENTER RD,39.412590952627,-77.475112218016,Match
"6600 BLOCK CARPENTER RD, FREDERICK CHRISTIAN ACADEMY",39.412590952627,-77.475112218016,Match
6600 BLOCK CHARLES DR,39.414385120118,-77.207179760884,Match
6600 BLOCK CHERRY HILL DR,39.458124780186,-77.46008251168,Match
6600 BLOCK COLDSTREAM DR,39.415027864793,-77.309789426873,Match
6600 BLOCK COLDSTREAM DR W,39.415027864793,-77.309789426873,Match
6600 BLOCK COMMODORE CT,39.415649980763,-77.31309014033,Match
6600 BLOCK CORBEL WAY,39.365576919909,-77.442528530486,Match
6600 BLOCK DUNCAN PL,39.367470992023,-77.436775184673,Match
6600 BLOCK EDGEWOOD RD,39.414816694281,-77.291954688819,Match
"6600 BLOCK ENGLISH MUFFIN WAY, Apt/Unit:APT 120, SPRING ARBOR LIVING",,,No Match
"6600 BLOCK ENGLISH MUFFIN WAY, SPRING ARBOR LIVING",,,No Match
6600 BLOCK EYLERS VALLEY FLINT RD,39.662154925617,-77.440185044802,Match
6600 BLOCK FISH HATCHERY RD,39.536166692576,-77.439359604233,Match
6600 BLOCK FOX MEADE CT,39.456088040573,-77.436648882648,Match
"6600 BLOCK FOXVILLE RD, PARK HEADQUARTERS - CATOCTIN MOUNTAIN PARK",39.626916937427,-77.44426478432,Match
"6600 BLOCK FOXVILLE RD, PHASE 2",39.626916937427,-77.44426478432,Match
6600 BLOCK GREEN VALLEY RD,39.414336121663,-77.254423064055,Match
6600 BLOCK HUNTER TRAIL WAY,39.458714148063,-77.436265599273,Match
6600 BLOCK JACKS CT,39.394122729415,-77.137675901484,Match
6600 BLOCK LAKERIDGE RD E,39.414878581436,-77.290056123732,Match
6600 BLOCK LINGANORE RD,39.415314684966,-77.356025452831,Match
"6600 BLOCK MANOR WOODS RD, ACROSS FROM",39.332814977497,-77.442179051509,Match
6600 BLOCK MOUNT PHILLIP RD,39.41242052383,-77.477760458273,Match
"6600 BLOCK MOUNT PHILLIP RD, ACROSS FROM",39.41242052383,-77.477760458273,Match
6600 BLOCK MOUNTAIN CHURCH RD,39.412764744608,-77.632777562325,Match
6600 BLOCK MOUNTAINVIEW DR,39.451108764263,-77.43798493537,Match
6600 BLOCK PEBBLE CT,39.38816584273,-77.437457520781,Match
6600 BLOCK PLANTATION RD,39.415063156781,-77.334610298636,Match
6600 BLOCK ROCKRIDGE PL,39.416097212743,-77.297021550353,Match
6600 BLOCK S CLIFTON RD,39.41447261597,-77.49587997072,Match
6600 BLOCK SEA GULL CT,39.371662139787,-77.434946538841,Match
6600 BLOCK STABLE VIEW CT,39.412604779805,-77.600317868578,Match
"6600 BLOCK SYKESVILLE RD, STATION CC012 - SYKESVILLE FREEDOM DISTRICT FD",39.39303383495,-76.959087837017,Match
6600 BLOCK TEAL LOOP,,,No Match
6600 BLOCK WILLIS LN,39.504446376797,-77.438131348992,Match
6600 BLOCK WOODBINE RD,39.393565468807,-77.057713474428,Match
6700 BLOCK ACCIPITER DR,39.418954970146,-77.322374372017,Match
6700 BLOCK AMERICAN HOLLY DR,39.379279428863,-77.434424926524,Match
6700 BLOCK BALLENGER RUN BLVD,39.378713388556,-77.438608892883,Match
6700 BLOCK BALMORAL RDG,39.418687293507,-77.301849477208,Match
6700 BLOCK BLACK DUCK CT,39.373912769241,-77.433063409167,Match
6700 BLOCK BOWMANS XING,,,No Match
6700 BLOCK BROWNS QUARRY RD,39.696485930721,-77.438237536451,Match
6700 BLOCK BURKITTSVILLE RD,39.418424362565,-77.576452039521,Match
6700 BLOCK DANBROOK CT,39.462784357465,-77.43165083813,Match
6700 BLOCK DEER SPRING LN,39.41576000311,-77.509549597525,Match
6700 BLOCK DICKERSON RD,,,No Match
6700 BLOCK ENGLISH MUFFIN WAY,39.364608106526,-77.434766479074,Match
"6700 BLOCK ENGLISH MUFFIN WAY, ROYAL FARMS",39.364608106526,-77.434766479074,Match
"6700 BLOCK ENGLISH MUFFIN WAY, ROYAL FARMS - ENGLISH MUFFIN WAY",39.364608106526,-77.434766479074,Match
"6700 BLOCK ENGLISH MUFFIN WAY, UNITED PARCEL SERVICE",39.364608106526,-77.434766479074,Match
"6700 BLOCK FALLOW HILL CT, IRO",39.38940756966,-77.433190550348,Match
6700 BLOCK HEMLOCK POINT RD,39.417973112261,-77.29208609587,Match
6700 BLOCK JEFFERSON BLVD,39.416699836913,-77.506238153819,Match
"6700 BLOCK JEFFERSON BLVD, STATION 12",39.416699836913,-77.506238153819,Match
6700 BLOCK KEYSVILLE RD,39.641908369102,-77.234836502146,Match
"6700 BLOCK KILLDEER CT, IAO",39.370369121032,-77.433405603031,Match
6700 BLOCK KINGS MILL CT,39.462197047127,-77.434369185296,Match
6700 BLOCK MANOR WOODS RD,39.33173047138,-77.435400575709,Match
"6700 BLOCK MANOR WOODS RD, DEWEY JORDON",39.33173047138,-77.435400575709,Match
6700 BLOCK MANORLY CT,39.381589739048,-77.439127673739,Match
6700 BLOCK MEADOW LAWN CIR,39.419398235829,-77.304925366478,Match
6700 BLOCK MEADOWSIDE DR,39.458496824737,-77.434353083431,Match
6700 BLOCK MOUNT PHILLIP RD,39.418979265332,-77.466480422931,Match
"6700 BLOCK MOUNT PHILLIP RD, IFO ADDRESS",39.418979265332,-77.466480422931,Match
6700 BLOCK MOUNTAINDALE RD,39.52072295803,-77.434828220125,Match
6700 BLOCK NATIONAL PIKE,39.706247917789,-79.208851482949,Match
"6700 BLOCK OVERTON CIR, Apt/Unit:28C, WELLINGTON TRACE APTS - 6700 BLOCK OVERTON CIR",39.366737468585,-77.434550664396,Match
"6700 BLOCK OVERTON CIR, Bldg:A, Apt/Unit:3, WELLINGTON TRACE APTS - 6700 BLOCK OVERTON CIR",39.366737468585,-77.434550664396,Match
"6700 BLOCK OVERTON CIR, Bldg:A, WELLINGTON TRACE APTS - 6700 BLOCK OVERTON CIR",39.366737468585,-77.434550664396,Match
"6700 BLOCK OVERTON CIR, Bldg:A, WELLINGTON TRACE APTS - 6700 BLOCKA OVERTON CIR",39.366737468585,-77.434550664396,Match
"6700 BLOCK OVERTON CIR, Bldg:B, Apt/Unit:14, WELLINGTON TRACE APTS - 6700 BLOCKB OVERTON CIR",39.366737468585,-77.434550664396,Match
"6700 BLOCK OVERTON CIR, Bldg:B, Apt/Unit:21, WELLINGTON TRACE APTS - 6700 BLOCKB OVERTON CIR",39.366737468585,-77.434550664396,Match
"6700 BLOCK OVERTON CIR, Bldg:B, WELLINGTON TRACE APTS - 6700 BLOCKB OVERTON CIR",39.366737468585,-77.434550664396,Match
6700 BLOCK PUTMAN RD,39.54385157603,-77.440534875905,Match
6700 BLOCK S CLIFTON RD,39.417363824212,-77.489831515152,Match
"6700 BLOCK S CLIFTON RD, IFO",39.417363824212,-77.489831515152,Match
6700 BLOCK SANDPIPER CT,39.369292616808,-77.432704481356,Match
6700 BLOCK SINGLETREE CT,39.387277564912,-77.433345890796,Match
6700 BLOCK SNOW GOOSE CT,,,No Match
6700 BLOCK STONEWALL CT W,39.320648346007,-77.437549672262,Match
6700 BLOCK SUNNYBROOK DR,39.453712312768,-77.433158468768,Match
6700 BLOCK WOODRIDGE RD,39.417224031512,-77.327068939088,Match
6700 BLOCKB OVERTON CIR,,,No Match
"6700 BLOCKB OVERTON CIR, Apt/Unit:14",,,No Match
"6700 BLOCKC OVERTON CIR, Apt/Unit:31",,,No Match
6800 BLOCK ACACIA CT,39.392642275985,-77.430621112056,Match
6800 BLOCK AMELANO DR,39.475847131684,-77.431127644275,Match
6800 BLOCK ARBOR CT,39.388151946726,-77.428668894342,Match
6800 BLOCK BALLENGER RUN BLVD,39.378477599604,-77.434873869563,Match
6800 BLOCK BLACKS MILL RD,39.574381684536,-77.432228195929,Match
"6800 BLOCK BLENTLINGER RD, MASONIC TEMPLE",39.420636555724,-77.471321950868,Match
"6800 BLOCK BOWMANS XING, ALLIANCE MATERIAL HANDLING - UNISON SITE MANAGEMENT",39.360642374972,-77.43283585345,Match
"6800 BLOCK BOYERS MILL RD, FAIRVIEW UNITED METHODIST CHAPEL",39.420419322944,-77.309333240968,Match
6800 BLOCK BUCKINGHAM LN,39.328459529541,-77.430736002308,Match
6800 BLOCK BUFFALO RD,39.388360661829,-77.153925170157,Match
6800 BLOCK CLOVIS CT,,,No Match
6800 BLOCK CRABAPPLE CT,39.389056186866,-77.428460693141,Match
6800 BLOCK CRESTWOOD BLVD,39.421752721584,-77.327308925173,Match
6800 BLOCK DELAFIELD CT,,,No Match
6800 BLOCK E SHAVANO RD,39.423517554258,-77.318227412555,Match
6800 BLOCK ENGLISH MUFFIN WAY,39.362222368134,-77.431469263094,Match
"6800 BLOCK ENGLISH MUFFIN WAY, ARC 3 GASES",39.362222368134,-77.431469263094,Match
"6800 BLOCK ENGLISH MUFFIN WAY, ARC3",39.362222368134,-77.431469263094,Match
"6800 BLOCK ENGLISH MUFFIN WAY, ARC3 GAS",39.362222368134,-77.431469263094,Match
"6800 BLOCK ENGLISH MUFFIN WAY, UNITED RENTALS",39.362222368134,-77.431469263094,Match
6800 BLOCK FARMBROOK CT,39.388688346753,-77.433191221125,Match
6800 BLOCK FOREST PARK CT,39.419254395446,-77.315290973616,Match
6800 BLOCK HALLARD CT,39.383248433401,-77.430325765283,Match
6800 BLOCK KELLYS STORE RD,39.584941503902,-77.432415294894,Match
"6800 BLOCK KELLYS STORE RD, ACROSS FROM",39.584941503902,-77.432415294894,Match
6800 BLOCK KINGFISHER CT,39.372935855347,-77.432008332076,Match
6800 BLOCK LAKE POINT OVERLOOK,39.421582189212,-77.293821177636,Match
6800 BLOCK LARKSPUR SQ,39.393855501137,-77.430921379733,Match
"6800 BLOCK MARYLAND AVE, PH 2 LOCATION",39.418969872214,-77.504002930722,Match
6800 BLOCK MICHAELS MILL RD,39.332508284102,-77.43217089148,Match
6800 BLOCK MIDDLEBURG RD,39.603088130286,-77.242278948247,Match
6800 BLOCK MORROW WAY,39.384736900249,-77.433598033161,Match
"6800 BLOCK MOUNTAINDALE RD, Bldg:C",39.521208053587,-77.432912602219,Match
"6800 BLOCK PUTMAN RD, MOUNTAINDALE CONVENIENCE STORE - PUTMAN RD",39.544704802933,-77.434039832852,Match
6800 BLOCK QUAIL KNOB CT,39.508906403058,-77.432741780663,Match
6800 BLOCK RED BIRD LN,39.584835477312,-77.43237574696,Match
6800 BLOCK REHNQUIST CT,39.421107988621,-77.332522479046,Match
6800 BLOCK ROY SHAFER RD,,,No Match
6800 BLOCK RUNNING SPRINGS CT,39.421180400698,-77.487933422304,Match
6800 BLOCK SNOW GOOSE CT,39.374273857308,-77.432950912814,Match
6800 BLOCK SNOWDEN CT,39.381310861058,-77.43468204367,Match
6800 BLOCK SOUTHRIDGE WAY,39.419513683457,-77.517525934298,Match
6800 BLOCK SUNDAYS LN,39.491408289043,-77.430917665993,Match
6800 BLOCK WHISTLING SWAN WAY,39.419848084131,-77.314772390312,Match
6800 BLOCK WHOOPING CRANE WAY,39.422097238273,-77.314787763372,Match
6800 BLOCK WOODCREST RD,39.421752721584,-77.327308925173,Match
6800 BLOCK WOODRIDGE RD,39.421182868473,-77.329422495231,Match
6800 BLOCK WOODRISE RD,39.422771203395,-77.327120308828,Match
6800 BLOCK YELLOW SHEAVE CT,39.389427470161,-77.432993141004,Match
6900 BLOCK ALEX CT,39.392184533022,-77.428227351189,Match
"6900 BLOCK BALTIMORE NATIONAL PIKE PIKE, Apt/Unit:STE G",,,No Match
6900 BLOCK BOWERS RD,39.425651311721,-77.473343790956,Match
6900 BLOCK BOYERS MILL RD,39.424782576239,-77.312828990496,Match
"6900 BLOCK BRIGHTON CT, Apt/Unit:101, KINGSCREST APTS - 6900 BLOCK BRIGHTON CT",39.377196271763,-77.428542917043,Match
"6900 BLOCK BRIGHTON CT, Apt/Unit:103, KINGSCREST APTS - 6900 BLOCK BRIGHTON CT",39.377196271763,-77.428542917043,Match
"6900 BLOCK BRIGHTON CT, Apt/Unit:208, KINGSCREST APTS - 6900 BLOCK BRIGHTON CT",39.377196271763,-77.428542917043,Match
"6900 BLOCK BRIGHTON CT, Apt/Unit:APT 105, KINGSCREST APTS",39.377196271763,-77.428542917043,Match
"6900 BLOCK BRIGHTON CT, Apt/Unit:APT 105, KINGSCREST APTS - 6900 BLOCK BRIGHTON CT",39.377196271763,-77.428542917043,Match
"6900 BLOCK BRIGHTON CT, KINGSCREST APTS - 6900 BLOCK BRIGHTON CT",39.377196271763,-77.428542917043,Match
6900 BLOCK BURKITTSVILLE RD,39.421472694895,-77.567561173734,Match
6900 BLOCK CARDOZO ST,,,No Match
"6900 BLOCK CASTLE CT, Apt/Unit:107",,,No Match
"6900 BLOCK CASTLE CT, Apt/Unit:207, KINGSCREST APTS",,,No Match
"6900 BLOCK CASTLE CT, KINGSCREST COMMUNITY CENTER",,,No Match
6900 BLOCK CLOVERHILL DR,39.449044277267,-77.434149809654,Match
"6900 BLOCK CRESTWOOD BLVD, BRUSTERS ICE CREAM",39.390767542544,-77.425603595047,Match
"6900 BLOCK CRESTWOOD BLVD, BRUSTERS ICECREAM",39.390767542544,-77.425603595047,Match
"6900 BLOCK CRESTWOOD BLVD, FOOD LION",39.390767542544,-77.425603595047,Match
6900 BLOCK EAGLEHEAD DR,,,No Match
6900 BLOCK ENGLISH MUFFIN WAY,39.360080345087,-77.426449311334,Match
"6900 BLOCK ENGLISH MUFFIN WAY, Bldg:A, HERC RENTALS",39.360080345087,-77.426449311334,Match
6900 BLOCK EXECUTIVE WAY,39.372036779344,-77.425035964564,Match
"6900 BLOCK EXETER CT, Apt/Unit:108",39.380953428333,-77.429285926242,Match
"6900 BLOCK EXETER CT, Apt/Unit:208",39.380953428333,-77.429285926242,Match
"6900 BLOCK EXETER CT, Apt/Unit:303",39.380953428333,-77.429285926242,Match
6900 BLOCK EYLERS VALLEY FLINT RD,39.668006104643,-77.429302489269,Match
6900 BLOCK FAIR LN,39.424060850998,-77.277744706,Match
6900 BLOCK FOX CHASE RD,39.421912610091,-77.30513888383,Match
6900 BLOCK GOLDEN VALLEY CT,39.390228769407,-77.421372895802,Match
6900 BLOCK GREEN VALLEY RD,39.425024591368,-77.253090563531,Match
6900 BLOCK GREENVALE CT,39.461938944926,-77.426074144611,Match
"6900 BLOCK HATFIELD CT, Apt/Unit:102, KINGSCREST APTS - 6900 BLOCK HATFIELD CT",,,No Match
"6900 BLOCK HATFIELD CT, KINGSCREST APTS - 6900 BLOCK HATFIELD CT",,,No Match
6900 BLOCK KIMMEL RD,39.42313737466,-77.21781511294,Match
6900 BLOCK LINGANORE RD,39.422835625297,-77.351267888768,Match
"6900 BLOCK LINGANORE RD, EDDIE MERCER AGRICULTURAL SERVICE INC",39.422835625297,-77.351267888768,Match
"6900 BLOCK LORDS CT, KINGSCREST APTS - 6900 BLOCK LORDS CT",39.377893428947,-77.429416429646,Match
6900 BLOCK MANDALONG WAY,,,No Match
6900 BLOCK MEADOWLAKE RD,39.423227475284,-77.303095548489,Match
6900 BLOCK MEADOWPOINT TER,39.420555075746,-77.302514045133,Match
6900 BLOCK MICHAELS MILL RD,39.33106780038,-77.42730385492,Match
6900 BLOCK MORIAH FURNACE RD,39.504163609151,-77.642341043681,Match
6900 BLOCK MOUNTAINDALE RD,39.519542186946,-77.426902008023,Match
6900 BLOCK N CLIFTON CT,39.421423783711,-77.482758931533,Match
6900 BLOCK N CLIFTON RD,39.421423783711,-77.482758931533,Match
6900 BLOCK NEW LONDON RD,39.420576739222,-77.254268947572,Match
6900 BLOCK PALACE CT,39.382096428182,-77.431265924338,Match
"6900 BLOCK REGENTS CT, Apt/Unit:202, KINGSCREST APTS - 6900 BLOCK REGENTS CT",,,No Match
"6900 BLOCK REGENTS CT, Apt/Unit:306, KINGSCREST APTS - 6900 BLOCK REGENTS CT",,,No Match
6900 BLOCK REPRESENTATION LN,,,No Match
"6900 BLOCK ROOKS CT, Apt/Unit:107, KINGSCREST APTS - 6900 BLOCK ROOKS CT",39.376914139448,-77.427304678056,Match
"6900 BLOCK ROOKS CT, Apt/Unit:203, KINGSCREST APTS - 6900 BLOCK ROOKS CT",39.376914139448,-77.427304678056,Match
"6900 BLOCK ROOKS CT, Apt/Unit:303, KINGSCREST APTS",39.376914139448,-77.427304678056,Match
"6900 BLOCK ROOKS CT, Apt/Unit:306, KINGSCREST APTS - 6900 BLOCK ROOKS CT",39.376914139448,-77.427304678056,Match
"6900 BLOCK ROOKS CT, KINGSCREST APTS - 6900 BLOCK ROOKS CT",39.376914139448,-77.427304678056,Match
6900 BLOCK RUNKLES RD,,,No Match
6900 BLOCK SARAZEN CT,39.423959411681,-77.522157360589,Match
6900 BLOCK SLATE LN,39.425089422851,-77.514817196831,Match
6900 BLOCK SOUTHRIDGE PL,39.42240748993,-77.515212988435,Match
6900 BLOCK SOVEREIGN PL,39.381322428337,-77.431310925195,Match
6900 BLOCK SUMMERSWOOD DR,39.421179484446,-77.481411727487,Match
6900 BLOCK SUNDAYS LN,39.489924886428,-77.424773914069,Match
"6900 BLOCK URNER AVE, BRADDOCK MOTORS",39.422945774992,-77.504428758874,Match
"6900 BLOCK URNER AVE, BRADDOCK MOTORS - 6900 BLOCK URNER AVE",39.422945774992,-77.504428758874,Match
6900 BLOCK VISTA DR,39.452272923157,-77.427316148998,Match
6900 BLOCK WOODVILLE RD,39.422789575733,-77.178310064848,Match
"700 BLOCK ACROPOLIS WAY, Apt/Unit:102, PROSPECT HALL APARTMENTS - 700 BLOCK ACROPOLIS WAY",39.404587792456,-77.441344970861,Match
"700 BLOCK ACROPOLIS WAY, Apt/Unit:107, PROSPECT HALL APARTMENTS - 700 BLOCK ACROPOLIS WAY",39.404587792456,-77.441344970861,Match
"700 BLOCK ACROPOLIS WAY, Apt/Unit:306, PROSPECT HALL APARTMENTS - 700 BLOCK ACROPOLIS WAY",39.404587792456,-77.441344970861,Match
"700 BLOCK ACROPOLIS WAY, Apt/Unit:307, PROSPECT HALL APARTMENTS",39.404587792456,-77.441344970861,Match
"700 BLOCK ACROPOLIS WAY, Apt/Unit:702, PROSPECT HALL APARTMENTS - 700 BLOCK ACROPOLIS WAY",39.404587792456,-77.441344970861,Match
"700 BLOCK ACROPOLIS WAY, PROSPECT HALL APARTMENTS",39.404587792456,-77.441344970861,Match
700 BLOCK ANGELWING LN,39.408480661526,-77.467821404695,Match
700 BLOCK BARLOW RD,,,No Match
700 BLOCK BLK E POTOMAC ST,,,No Match
700 BLOCK BLK MERRY GO ROUND WAY,,,No Match
700 BLOCK BOND ST,39.418540100982,-77.392824981501,Match
"700 BLOCK CARROLL PKWY, Apt/Unit:9, PARKVIEW APTS",39.418398940432,-77.426431315864,Match
"700 BLOCK CARROLL PKWY, Apt/Unit:9C, PARKVIEW APTS",39.418398940432,-77.426431315864,Match
"700 BLOCK CARROLL PKWY, Bldg:1, Apt/Unit:D, PARKVIEW APTS",39.418398940432,-77.426431315864,Match
"700 BLOCK CARROLL PKWY, Bldg:10, PARKVIEW APTS",39.418398940432,-77.426431315864,Match
"700 BLOCK CARROLL PKWY, Bldg:7, PARKVIEW APTS",39.418398940432,-77.426431315864,Match
"700 BLOCK CARROLL PKWY, Bldg:9, PARKVIEW APTS",39.418398940432,-77.426431315864,Match
700 BLOCK COUNTRY SQUIRE WAY,39.387674000088,-77.262778546012,Match
700 BLOCK CROUSE MILL RD,39.594783439892,-77.218068385592,Match
700 BLOCK E B ST,39.312165107731,-77.616385851833,Match
700 BLOCK E MAIN ST,,,No Match
700 BLOCK E PATRICK ST,39.411317553242,-77.395873765325,Match
"700 BLOCK E PATRICK ST(NEAR FIRE RESCUE), Bldg:15, BLDG 15 - FIRE RESCUE",,,No Match
"700 BLOCK E PATRICK ST, Bldg:7, FREDERICK FAIRGROUNDS - BLDG 7 - COMMERCIAL EXHIBIT",39.411317553242,-77.395873765325,Match
"700 BLOCK E PATRICK ST, Bldg:7, FREDERICK FAIRGROUNDS BLDG 7 - COMMERCIAL EXHIBIT",39.411317553242,-77.395873765325,Match
"700 BLOCK E PATRICK ST, Bldg:7/8",39.411317553242,-77.395873765325,Match
"700 BLOCK E PATRICK ST, FREDERICK FAIRGROUNDS",39.411317553242,-77.395873765325,Match
"700 BLOCK E PATRICK ST, WELLS HOUSE",39.411317553242,-77.395873765325,Match
700 BLOCK E POTOMAC ST,39.650689382461,-77.712068752126,Match
"700 BLOCK E SOUTH ST, AMVETS POST 2 FREDERICK",39.408126220951,-77.397539347604,Match
700 BLOCK GLENBROOK DR,,,No Match
"700 BLOCK HEATHER RIDGE DR F, Apt/Unit:F",,,No Match
"700 BLOCK HEATHER RIDGE DR, Apt/Unit:E, AMBERTOWN CONDOS #700 BLOCK",39.439732556346,-77.416069150735,Match
"700 BLOCK HEATHER RIDGE DR, Apt/Unit:K, AMBERTOWN CONDOS #700 BLOCK",39.439732556346,-77.416069150735,Match
"700 BLOCK HEATHER RIDGE DR, Apt/Unit:M, AMBERTOWN CONDOS - 700 BLOCK HEATHER RIDGE DR",39.439732556346,-77.416069150735,Match
700 BLOCK HOLDEN RD,39.42290722784,-77.391841270982,Match
700 BLOCK IRON FORGE RD,,,No Match
"700 BLOCK IRON FORGE RD, GAMBRILL GLEN",,,No Match
700 BLOCK JEFFERSON PIKE,39.331663473675,-77.647295286686,Match
"700 BLOCK LISBON CENTER DR, MCDONALDS",39.350264054214,-77.067252089847,Match
700 BLOCK MAGNOLIA AVE,39.422995435292,-76.328759532782,Match
"700 BLOCK MIDWAY AVE, LORIEN ASSISTED LIVING",39.369624778204,-77.153367810669,Match
"700 BLOCK MIDWAY AVE, LORIEN NURSING HOME",39.369624778204,-77.153367810669,Match
700 BLOCK MIDWAY DR,39.410093798023,-77.432502090798,Match
700 BLOCK MONARCH RIDGE RD,39.410668425421,-77.470346428105,Match
"700 BLOCK MOTTER AVE, Apt/Unit:307, CATOCTIN MANOR APTS",39.422990576582,-77.411537039324,Match
"700 BLOCK MOTTER AVE, CHARLIES CARRY OUT",39.422990576582,-77.411537039324,Match
"700 BLOCK MOTTER AVE, PIZZA BOLIS",39.422990576582,-77.411537039324,Match
700 BLOCK N EAST ST,39.422340466453,-77.404086158888,Match
"700 BLOCK N MAIN ST, STATION CC001 - MOUNT AIRY VFD",,,No Match
700 BLOCK N MARKET ST,39.42279980944,-77.40952401441,Match
"700 BLOCK N MARKET ST, FAITH HOUSE",39.42279980944,-77.40952401441,Match
"700 BLOCK N MARKET ST, NOMA LAUNDRY",39.42279980944,-77.40952401441,Match
700 BLOCK N WARFIELD DR,39.373659242647,-77.160850428938,Match
700 BLOCK PARK AVE,,,No Match
"700 BLOCK PARK AVE, BRUNSWICK RESERVOIR",,,No Match
700 BLOCK POTOMAC VIEW PKWY,39.329925806696,-77.631766252859,Match
700 BLOCK POTTERFIELDS CT,39.323559892874,-77.63283300755,Match
700 BLOCK SEWELL ST,39.386009066522,-77.265180273226,Match
700 BLOCK TATUM CT,,,No Match
700 BLOCK TRAIL AVE,39.423342961954,-77.412635995535,Match
700 BLOCK UNION ST,39.541388603969,-76.091542736316,Match
700 BLOCK VALLEY VIEW RD,39.653220541625,-78.818461489908,Match
700 BLOCK W MAIN ST,,,No Match
700 BLOCK W PATRICK ST,39.414534901243,-77.431022323273,Match
"700 BLOCK W PATRICK ST, TRINITY UNITED METHODIST CHURCH",39.414534901243,-77.431022323273,Match
"700 BLOCK W PATRICK ST, TRINITY UNITED METHODIST CHURCH - 700 BLOCK W PATRICK ST",39.414534901243,-77.431022323273,Match
"700 BLOCK W POTOMAC ST, Bldg:A, DOLLAR GENERAL - BRUNSWICK",39.315075849629,-77.636965039616,Match
"700 BLOCK W POTOMAC ST, Bldg:A, IFO DOLLAR GENERAL - BRUNSWICK",39.315075849629,-77.636965039616,Match
700 BLOCK WEAVERTON RD,39.332837611079,-77.682127604778,Match
"700 BLOCK WEMBLY DR, Apt/Unit:A, DERBYSHIRE APTS",39.429650965151,-77.397140777352,Match
"700 BLOCK WEMBLY DR, Apt/Unit:D, DERBYSHIRE APTS - 700 BLOCKE WEMBLY DR",39.429650965151,-77.397140777352,Match
"700 BLOCK WEMBLY DR, Apt/Unit:G, DERBYSHIRE APTS - 700 BLOCK WEMBLY DR",39.429650965151,-77.397140777352,Match
"700 BLOCK WEMBLY DR, Bldg:G, DERBYSHIRE APTS - 700 BLOCK WEMBLY DR",39.429650965151,-77.397140777352,Match
"700 BLOCK WEMBLY DR, DERBYSHIRE APTS - 700 BLOCK WEMBLY DR",39.429650965151,-77.397140777352,Match
7000 BLOCK ALLINGTON MANOR CIR E,39.382430215556,-77.42357311598,Match
7000 BLOCK BALTIMORE NATIONAL PIKE,,,No Match
7000 BLOCK BALTIMORE NATIONAL PIKE PIKE,,,No Match
"7000 BLOCK BALTIMORE NATIONAL PIKE, MOUNTAIN MOTORS",,,No Match
7000 BLOCK BASSWOOD RD,39.387323684063,-77.423766464017,Match
"7000 BLOCK BOWERS RD, FIRST BAPTIST CHURCH OF FREDERICK",39.428623001349,-77.475368293101,Match
7000 BLOCK CATALPA RD,39.386845194411,-77.425598533911,Match
7000 BLOCK CLUB HOUSE CIR,39.425042643292,-77.272062980751,Match
7000 BLOCK DELEGATE PL,,,No Match
"7000 BLOCK DRUMMINE RD, LOTTE HUNTING FARM",39.430997302675,-77.254543354939,Match
7000 BLOCK EAGLEHEAD DR,39.420483911814,-77.320976156801,Match
"7000 BLOCK EXECUTIVE WAY, Bldg:A",39.370954026865,-77.422994783851,Match
7000 BLOCK FREEDOM WAY,,,No Match
7000 BLOCK GRESHAM CT W,39.387989105921,-77.42142326537,Match
"7000 BLOCK KIMMEL RD, KLINE FHH HOSPICE HOUSE",39.425858792498,-77.21719916386,Match
7000 BLOCK KOKANEE WAY,,,No Match
7000 BLOCK LILY PONS RD,39.292422073955,-77.429886194591,Match
7000 BLOCK MANDALONG CT,,,No Match
7000 BLOCK MICHAELS MILL RD,39.331288405582,-77.424677668162,Match
7000 BLOCK MOUNTAINDALE RD,39.517456682962,-77.42458874475,Match
7000 BLOCK RIDGE RD,,,No Match
7000 BLOCK ROCK CREEK DR,39.424878418524,-77.471287137395,Match
7000 BLOCK SLATE CT,39.425971422676,-77.514830697527,Match
7000 BLOCK SPRINGDALE LN,39.426391276482,-77.510474976581,Match
7000 BLOCK SUMMERFIELD DR,39.45463522362,-77.425869936231,Match
7000 BLOCK WOOD CT,39.595571555753,-77.422472953718,Match
7000 BLOCKB KIMMEL RD,,,No Match
7100 BLOCK AUTUMN LEAF LN,39.456280012843,-77.420599886896,Match
7100 BLOCK BLUE MOUNTAIN RD,39.598644309645,-77.421595921487,Match
7100 BLOCK BOWERS RD,39.429460112516,-77.473933883042,Match
7100 BLOCK CENTRAL CHURCH RD,39.432924050649,-77.260875382323,Match
"7100 BLOCK CIMARRON CT, Bldg:A",,,No Match
7100 BLOCK COLLINSWORTH PL,39.385753405307,-77.417960533097,Match
"7100 BLOCK CRESTWOOD BLVD, Apt/Unit:FLOOR 1, KAISER PERMANENTE",39.389129154211,-77.420289212072,Match
"7100 BLOCK CRESTWOOD BLVD, KAISER PERMANENTE",39.389129154211,-77.420289212072,Match
7100 BLOCK DELEGATE PL,,,No Match
"7100 BLOCK EAGLEHEAD DR, BLUE HERON ELEMENTARY SCHOOL",,,No Match
7100 BLOCK ENGLISH MUFFIN WAY,39.356201357072,-77.413210461542,Match
"7100 BLOCK ENGLISH MUFFIN WAY, BIMBO BAKERIES",39.356201357072,-77.413210461542,Match
"7100 BLOCK ENGLISH MUFFIN WAY, BIMBO BAKERIES - 7100 BLOCK ENGLISH MUFFIN WAY",39.356201357072,-77.413210461542,Match
"7100 BLOCK ENGLISH MUFFIN WAY, BIMBO BAKERIES ENGLISH MUFFIN",39.356201357072,-77.413210461542,Match
"7100 BLOCK ENGLISH MUFFIN WAY, GEORGE WESTIN BAKERIES",39.356201357072,-77.413210461542,Match
"7100 BLOCK FERN CT, MIDDLETOWN UNITED METHODIST CHURCH",39.429399179526,-77.508487277047,Match
7100 BLOCK FISH HATCHERY RD,39.536783134973,-77.419796557241,Match
"7100 BLOCK FOXCROFT DR, CRESTWOOD MIDDLE SCHOOL",39.393069812213,-77.425159921923,Match
7100 BLOCK GEOFFREY WAY,39.353416263452,-77.41742661078,Match
"7100 BLOCK GEOFFREY WAY, Apt/Unit:P, EMERGENT BIOSOLUTIONS",39.353416263452,-77.41742661078,Match
"7100 BLOCK GEOFFREY WAY, GILBANE BUILDING CO",39.353416263452,-77.41742661078,Match
"7100 BLOCK GEOFFREY WAY, KROGER FULFILLMENT CENTER",39.353416263452,-77.41742661078,Match
"7100 BLOCK GEOFFREY WAY, LEIDOS VACCINE",39.353416263452,-77.41742661078,Match
"7100 BLOCK GEOFFREY WAY, LEIDOS VACCINE PILOT PLACE",39.353416263452,-77.41742661078,Match
7100 BLOCK GLENMEADOW CT,39.390772362139,-77.434785313196,Match
7100 BLOCK GUILFORD DR,39.396757683996,-77.418917441201,Match
"7100 BLOCK GUILFORD DR, BEFORE BRYD DENTAL",39.396757683996,-77.418917441201,Match
7100 BLOCK JOHN PICKETT RD,39.37664115721,-77.07610411039,Match
7100 BLOCK JUDICIAL MEWS,,,No Match
"7100 BLOCK KEHNE RD, BRUCHEY BUILDERS",,,No Match
7100 BLOCK KELLYS STORE RD,39.585031461219,-77.423014706583,Match
7100 BLOCK LADD CIR,39.386330951279,-77.420544592957,Match
"7100 BLOCK LADD LN, EMMANUEL ALLIANCE",39.386330951279,-77.420544592957,Match
7100 BLOCK LINGANORE RD,39.42803611273,-77.339715250708,Match
7100 BLOCK MACON ST,38.858298874406,-76.885637373097,Match
7100 BLOCK MASTERS RD,39.426524614065,-77.30600665961,Match
7100 BLOCK MCHENRY MEWS,,,No Match
7100 BLOCK MEADOWBROOKE DR,39.472093018894,-77.421292732564,Match
7100 BLOCK MICHAELS MILL RD,39.330591013816,-77.420151448681,Match
7100 BLOCK MONTEVIDEO RD,39.17427237025,-76.776586206444,Match
7100 BLOCK OBERLIN CIR,39.384862681917,-77.418334147179,Match
7100 BLOCK POOLE JONES RD,39.459807425751,-77.42050445909,Match
7100 BLOCK PROCLAMATION PL,39.37037063875,-77.420164577017,Match
"7100 BLOCK PROCLAMATION PL, Bldg:29, WESTVIEW",39.37037063875,-77.420164577017,Match
7100 BLOCK PROSPECT DR,39.546504841283,-77.422277213795,Match
7100 BLOCK RIDGE RD,,,No Match
7100 BLOCK ROCK CREEK DR,39.428936691585,-77.470339111862,Match
7100 BLOCK ROY SHAFER RD,,,No Match
7100 BLOCK STARMOUNT CT,,,No Match
7100 BLOCK STARMOUNT WAY,,,No Match
7100 BLOCK SUNDAYS LN,39.492918779093,-77.420176422882,Match
7100 BLOCK W FAGAN LN,39.44600254099,-77.430325355052,Match
7100 BLOCK WATERSVILLE RD,39.380653827783,-77.111070516044,Match
7100 BLOCK WOODVILLE RD,39.429032933924,-77.180457460079,Match
"7100 BLOCK WOODVILLE RD, TWDS WOODVILLE",39.429032933924,-77.180457460079,Match
7100 BLOCKB BURKITTSVILLE RD,,,No Match
7100 BLOCKC CYPRESS CT,,,No Match
7200 BLOCK BALTIMORE NATIONAL PIKE,39.429231560195,-77.487663663654,Match
"7200 BLOCK BALTIMORE NATIONAL PIKE PIKE, RT40 / GAMBRILL PARK RD",,,No Match
7200 BLOCK BLACK CREEK LN,39.380727293429,-77.420711745174,Match
7200 BLOCK BLACK RD,39.672755680825,-77.414398811104,Match
7200 BLOCK BOWERS RD,39.430836719509,-77.468289912572,Match
7200 BLOCK CORPORATE CT,39.378841629345,-77.415905157231,Match
"7200 BLOCK CORPORATE CT, Apt/Unit:305, HILTON GARDEN INN",39.378841629345,-77.415905157231,Match
"7200 BLOCK CORPORATE CT, CARROLL CREEK MONTESSORI SCHOOL",39.378841629345,-77.415905157231,Match
"7200 BLOCK CORPORATE CT, HILTON GARDEN INN",39.378841629345,-77.415905157231,Match
"7200 BLOCK CORPORATE CT, WESTVIEW ONE",39.378841629345,-77.415905157231,Match
7200 BLOCK CRESTWOOD BLVD,,,No Match
7200 BLOCK DELEGATE PL,,,No Match
7200 BLOCK DOGWOOD LN,39.42992121593,-77.507126498591,Match
7200 BLOCK DOLOMITE RD,,,No Match
7200 BLOCK GUILFORD DR,39.395700859335,-77.417591525437,Match
"7200 BLOCK GUILFORD DR, LIGHT & DAY - FREDERICK CROSSING",39.395700859335,-77.417591525437,Match
"7200 BLOCK HOLLOW RD, MIDDLETOWN POST OFFICE",,,No Match
7200 BLOCK JAMES I HARRIS MEM DR,39.430901176928,-77.474019287095,Match
7200 BLOCK LINGANORE RD,39.430445282383,-77.339724051563,Match
"7200 BLOCK MARCIES CHOICE LN, COUNTY WORK RELEASE CENTER",,,No Match
7200 BLOCK MCKAIG RD,39.431799102965,-77.310618652492,Match
7200 BLOCK MCKINNEY CIR,39.361687105915,-77.41845599851,Match
"7200 BLOCK MCKINNEY CIR, BUILDERS FIRST SOURCE",39.361687105915,-77.41845599851,Match
"7200 BLOCK MCKINNEY CIR, BUILDERS FIRST SOURCE - MCKINNEY CIR",39.361687105915,-77.41845599851,Match
"7200 BLOCK MCKINNEY CIR, PRO BUILD",39.361687105915,-77.41845599851,Match
"7200 BLOCK MCKINNEY CIR, WOLTERS KLUWER LAW & BUSINESS",39.361687105915,-77.41845599851,Match
"7200 BLOCK MICHAELS MILL RD, BUCKEYSTOWN PARK",,,No Match
7200 BLOCK MOUNTAIN CHURCH RD,39.430954488834,-77.630869507897,Match
7200 BLOCK PICNIC WOODS RD,39.427898768607,-77.581374580604,Match
7200 BLOCK RAINBOW LN,39.459947889508,-77.416192357311,Match
7200 BLOCK W HUFF BLVD,39.446940702572,-77.43120382274,Match
7200 BLOCK WILSON RD,39.429692757221,-77.185761760556,Match
7200 BLOCK(7500) BLK BLUE MOUNTAIN RD,,,No Match
7200 BLOCKB KEHNE RD,,,No Match
7200 BLOCKE COACH LIGHT CT,,,No Match
7300 BLOCK BALTIMORE NATIONAL PIKE,,,No Match
"7300 BLOCK BALTIMORE NATIONAL PIKE, IFO",,,No Match
"7300 BLOCK BEECHTREE DR, IAO",,,No Match
7300 BLOCK BROOKSIDE DR,39.434506079709,-77.472068966173,Match
"7300 BLOCK BURKITTSVILLE RD, HOLY FAMILY CATHOLIC CHURCH",,,No Match
7300 BLOCK COUNTRYSIDE DR,39.434314099892,-77.551563300337,Match
7300 BLOCK DANCE HALL RD,39.433214825279,-77.33026572533,Match
7300 BLOCK DOLOMITE RD,,,No Match
7300 BLOCK E SPRINGBROOK CT,39.432228294547,-77.516300514279,Match
7300 BLOCK EXECUTIVE WAY,39.36948653098,-77.411105760899,Match
"7300 BLOCK EXECUTIVE WAY, LIFE TECH",39.36948653098,-77.411105760899,Match
"7300 BLOCK EXECUTIVE WAY, LIFE TECHNOLOGIES",39.36948653098,-77.411105760899,Match
"7300 BLOCK EXECUTIVE WAY, MAINSTAY SUITES - BUCKEYSTOWN PIKE",39.36948653098,-77.411105760899,Match
"7300 BLOCK EXECUTIVE WAY, PHOENIX MECANO",39.36948653098,-77.411105760899,Match
"7300 BLOCK EXECUTIVE WAY, SHEETZ - EXECUTIVE WAY",39.36948653098,-77.411105760899,Match
"7300 BLOCK EXECUTIVE WAY, SHEETZ EXECUTIVE",39.36948653098,-77.411105760899,Match
7300 BLOCK EYLERS VALLEY FLINT RD,39.676772781543,-77.411990492523,Match
7300 BLOCK GOVERNORS WAY,39.369259986042,-77.410643901941,Match
"7300 BLOCK GROVE RD, Apt/Unit:E",39.389886523878,-77.413169460386,Match
"7300 BLOCK GROVE RD, EZ STORAGE",39.389886523878,-77.413169460386,Match
"7300 BLOCK GROVE RD, PH2",39.389886523878,-77.413169460386,Match
7300 BLOCK GUILFORD DR,39.394566958784,-77.416453722322,Match
"7300 BLOCK GUILFORD DR, Apt/Unit:#3038 OFF BROADWAY",39.394566958784,-77.416453722322,Match
"7300 BLOCK GUILFORD DR, BEST BUY",39.394566958784,-77.416453722322,Match
"7300 BLOCK GUILFORD DR, BEST BUY - FREDERICK CROSSING",39.394566958784,-77.416453722322,Match
"7300 BLOCK GUILFORD DR, KOHLS DEPARTMENT STORE - FREDERICK CROSSING",39.394566958784,-77.416453722322,Match
"7300 BLOCK GUILFORD DR, OFF BROADWAY SHOES - FREDERICK CROSSING",39.394566958784,-77.416453722322,Match
"7300 BLOCK GUILFORD DR, PARTNERS VETERINARY EMERGENCY & SPECIALTY CENTER",39.394566958784,-77.416453722322,Match
"7300 BLOCK GUILFORD DR, PARTNERS VETERINARY EMERGENCY & SPECIALTY CENTER - FREDERICK*",39.394566958784,-77.416453722322,Match
"7300 BLOCK GUILFORD DR, RUBY TUESDAY - FREDERICK CROSSING",39.394566958784,-77.416453722322,Match
"7300 BLOCK GUILFORD DR, RUBY TUESDAY FREDERICK CROSSING",39.394566958784,-77.416453722322,Match
"7300 BLOCK GUILFORD DR, ULTA COSMETICS",39.394566958784,-77.416453722322,Match
"7300 BLOCK GUILFORD DR, ULTA COSMETICS - FREDERICK CROSSING",39.394566958784,-77.416453722322,Match
7300 BLOCK HAYWARD RD,38.080035447733,-75.580858151164,Match
7300 BLOCK HILLTOP CT,39.433435527622,-77.480301389213,Match
7300 BLOCK HOLLOW RD,39.434735503491,-77.519076021036,Match
"7300 BLOCK HOLTER RD, REMSBERG PARK//CALLER WALKING ON LOOP",,,No Match
"7300 BLOCK HOLTER RD, REMSBURG PARK",,,No Match
"7300 BLOCK MARCIES CHOICE LN, Apt/Unit:FIRST, COUNTY DETENTION CENTER",39.365042120237,-77.412788572676,Match
"7300 BLOCK MARCIES CHOICE LN, IAO",39.365042120237,-77.412788572676,Match
7300 BLOCK MARKER RD,38.392074858899,-75.345595143178,Match
7300 BLOCK OLD LINE CT,39.433965187263,-77.57872999898,Match
7300 BLOCK OLD MIDDLETOWN RD,39.432462664074,-77.545765174043,Match
7300 BLOCK PARKVIEW DR,39.435647186909,-77.474917653729,Match
7300 BLOCK W SPRINGBROOK CT,39.432702704955,-77.517515536703,Match
7300 BLOCK W WHITECOAT DR,,,No Match
7300 BLOCK WESTWOOD DR,39.432047337162,-77.326584662412,Match
"7300 BLOCKC BANNER RD, HALLOWOOD RETREAT CENTER",,,No Match
7300 BLOCKE FRIENDS CREEK RD,,,No Match
7400 BLOCK BLUE MOUNTAIN RD,39.59503827764,-77.41325298933,Match
7400 BLOCK DANCE HALL RD,39.436031076072,-77.330172112598,Match
"7400 BLOCK DANCE HALL RD, TRO",39.436031076072,-77.330172112598,Match
"7400 BLOCK GROVE RD, MCDONALDS - EVERGREEN POINT",39.390380620791,-77.409313687153,Match
"7400 BLOCK GROVE RD, MCDONALDS EVERGREEN POINT",39.390380620791,-77.409313687153,Match
"7400 BLOCK GUILFORD DR, SONIC - FREDERICK CROSSING",39.394537662676,-77.413173643836,Match
"7400 BLOCK GUILFORD DR, SUBWAY WALMART",39.394537662676,-77.413173643836,Match
"7400 BLOCK GUILFORD DR, WALMART",39.394537662676,-77.413173643836,Match
"7400 BLOCK GUILFORD DR, WALMART - FREDERICK CROSSING",39.394537662676,-77.413173643836,Match
"7400 BLOCK HAYWARD RD, MONOCACY ELEMENTARY SCHOOL",,,No Match
"7400 BLOCK HILLSIDE DR, IAO",39.434952681656,-77.473294116134,Match
7400 BLOCK KELLYS STORE RD,39.586432061816,-77.405901568311,Match
"7400 BLOCK KEMP LN, IAO",39.437072651046,-77.460376387934,Match
7400 BLOCK KIMMEL RD,39.436511015775,-77.213204141289,Match
"7400 BLOCK LEWISTOWN RD, ACROSS THE ST",39.535358683071,-77.40977772335,Match
"7400 BLOCK MARCIES CHOICE LN, COUNTY WASTEWATER PLANT - MARCIES CHOICE LN - FREDERICK",,,No Match
7400 BLOCK MCKAIG RD,39.438234903654,-77.31011501887,Match
"7400 BLOCK MCKAIG RD, MORNINGSIDE INN",39.438234903654,-77.31011501887,Match
"7400 BLOCK NEW HORIZON WAY, Apt/Unit:100, WELLS FARGO HOME MORTGAGE - BLDG 7400 BLOCK",39.380238074152,-77.399345373395,Match
"7400 BLOCK NEW HORIZON WAY, Apt/Unit:STE 100, WELLS FARGO HOME MORTGAGE",39.380238074152,-77.399345373395,Match
"7400 BLOCK NEW HORIZON WAY, Apt/Unit:SUITE 100",39.380238074152,-77.399345373395,Match
"7400 BLOCK NEW HORIZON WAY, US DEPARTMENT OF VETERANS AFFAIRS",39.380238074152,-77.399345373395,Match
7400 BLOCK PICNIC WOODS RD,39.435630613719,-77.57588657193,Match
7400 BLOCK ROUND HILL RD,39.43455601284,-77.497593361474,Match
7400 BLOCK SHADOWS REALM LN,,,No Match
"7400 BLOCK SHOCKLEY DR, ROYAL FARMS - SHOCKLEY DR",39.375729626143,-77.409476953328,Match
7400 BLOCK SKYLINE DR,39.436976658063,-77.47591350356,Match
"7400 BLOCK TECHNOLOGY WAY, EMINENT SERVICES CORP",39.377534073398,-77.397675542672,Match
"7400 BLOCK WESTVALE CT, IAO",39.437364907974,-77.184153690378,Match
"7400 BLOCK WILLOW RD, Apt/Unit:217, WOODSBORO BANK HOMEWOOD AT CRUMLAND",39.472443577566,-77.408880870828,Match
"7400 BLOCK WILLOW RD, Apt/Unit:UNIT OFFICE, HOMEWOOD AT CRUMLAND - 7400 BLOCK WILLOW RD",39.472443577566,-77.408880870828,Match
"7400 BLOCK WILLOW RD, HOMEWOOD AT CRUMLAND",39.472443577566,-77.408880870828,Match
"7400 BLOCK WILLOW RD, HOMEWOOD AT CRUMLAND - 7400 BLOCK WILLOW RD",39.472443577566,-77.408880870828,Match
7500 BLOCK BALTIMORE NATIONAL PIKE,,,No Match
7500 BLOCK BLK WOODVILLE RD,,,No Match
7500 BLOCK FINGERBOARD RD,39.329053197972,-77.407108676164,Match
"7500 BLOCK FINGERBOARD RD, PH 2",39.329053197972,-77.407108676164,Match
7500 BLOCK FRANKLINVILLE RD,39.643037205359,-77.406166086649,Match
7500 BLOCK FRIENDS CREEK RD,39.711397074724,-77.406714506004,Match
7500 BLOCK GREEN VALLEY RD,39.439346026144,-77.252155296108,Match
"7500 BLOCK GREEN VALLEY RD, HIDDEN HILLS FARM AND VINEYARD",39.439346026144,-77.252155296108,Match
7500 BLOCK HAYWARD RD,,,No Match
"7500 BLOCK HAYWARD RD, BOE ISA BUILDING",,,No Match
"7500 BLOCK HAYWARD RD, BOE ISA BUILDING - GOVERNORS CHOICE",,,No Match
"7500 BLOCK HAYWARD RD, EMERGENCY SHELTER",,,No Match
7500 BLOCK MIDDLEBURG RD,39.60402203872,-77.267780019547,Match
"7500 BLOCK N MARKET ST, MAKE N MUSIC - WORMANS MILL INDUSTRIAL PARK",39.445442155364,-77.392243597104,Match
7500 BLOCK PICNIC WOODS RD,39.439339599087,-77.576409195545,Match
7500 BLOCK RIDGE RD,,,No Match
"7500 BLOCK RIDGE RD, Bldg:B",,,No Match
7500 BLOCK SOMERSET TER,39.439689625618,-77.472669356925,Match
7500 BLOCK SUNDAYS LN,39.487658641463,-77.408826555805,Match
7600 BLOCK BALTIMORE NATIONAL PIKE,39.43442863303,-77.487398684396,Match
7600 BLOCK BALTIMORE NATIONAL PIKE PIKE,,,No Match
"7600 BLOCK COBLENTZ RD, MIDDLETOWN PARK",39.441790012351,-77.528650842308,Match
"7600 BLOCK DEVILBISS BRIDGE RD, CUSTOM SIDING OF FREDERICK",39.507146586501,-77.403775119289,Match
"7600 BLOCK DEVILBISS BRIDGE RD, TRACTOR SUPPLY COMPANY",39.507146586501,-77.403775119289,Match
"7600 BLOCK HAMPTON VALLEY RD, SUMMIT LAKE CAMP",39.686706386588,-77.405820103632,Match
7600 BLOCK IRONGATE LN,39.442002785075,-77.488882863943,Match
7600 BLOCK MAPLEVILLE RD,39.523284474593,-77.648901421977,Match
7600 BLOCK MCKAIG RD,39.44204288768,-77.310327732293,Match
"7600 BLOCK OLD NATIONAL PK, STATION WC069 - BOONSBORO AMBULANCE & RESCUE",39.523370495355,-77.662066318173,Match
7600 BLOCK OLD RECEIVER RD,39.441214794916,-77.467714702354,Match
7600 BLOCK ROYAL TROON TER,39.379541390109,-77.320538855612,Match
7600 BLOCK STEWART HILL RD,39.2883254459,-77.406403537397,Match
"7600 BLOCK WILLOW RD, BECKLEYS MOTEL",39.470068273049,-77.404205014848,Match
7600 BLOCK YALE CT,39.440665086489,-77.471421854485,Match
7700 BLOCK BLACK RD,39.668417912823,-77.400907075532,Match
7700 BLOCK BRIDLE PATH CIR,39.447626321356,-77.279877994207,Match
7700 BLOCK COBLENTZ RD,39.445812170312,-77.525654306452,Match
7700 BLOCK DANCE HALL RD,39.44398078558,-77.326028287294,Match
7700 BLOCK DOLLYHYDE RD,39.444367992815,-77.207598126617,Match
7700 BLOCK EDGEWOOD CHURCH RD,39.44316599078,-77.476204722266,Match
"7700 BLOCK GROVE RD, PLEASANT PAVING",39.391446744283,-77.404292051385,Match
7700 BLOCK HARVEST HILLS CT,39.446041353764,-77.165856563981,Match
7700 BLOCK HOBBS CT,39.445828836479,-77.165455616351,Match
7700 BLOCK HOLLOW RD,39.442063793208,-77.515864653992,Match
7700 BLOCK LIBERTY RD,39.350193615047,-76.748009842632,Match
7700 BLOCK MARKER RD,39.445140214056,-77.598917485342,Match
"7700 BLOCK MARKER RD, Apt/Unit:F2",39.445140214056,-77.598917485342,Match
"7700 BLOCK MARKER RD, Bldg:F",39.445140214056,-77.598917485342,Match
"7700 BLOCK MARKER RD, Bldg:F2",39.445140214056,-77.598917485342,Match
7700 BLOCK MCKAIG RD,39.445746927344,-77.310917025602,Match
7700 BLOCK PICNIC WOODS RD,39.443108885237,-77.576824039128,Match
7700 BLOCK RIDGE RD,,,No Match
"7700 BLOCK RODDY CREEK RD, RODDY CREEK AUTOMOTIVE",39.640331415082,-77.400841836459,Match
"7700 BLOCK SUNDAYS LN, SEVEN ELEVEN - SUNDAYS LN",39.486140518154,-77.400522477959,Match
7700 BLOCK UTICA RD,39.525338425882,-77.397719861103,Match
7800 BLOCK BALTIMORE NATIONAL PIKE,39.445950846932,-77.496044140967,Match
"7800 BLOCK BALTIMORE NATIONAL PIKE, Bldg:A, ELIM",39.445950846932,-77.496044140967,Match
"7800 BLOCK BALTIMORE NATIONAL PIKE, Bldg:A, GAMBRILLS PHYSICAL THERAPY",39.445950846932,-77.496044140967,Match
"7800 BLOCK BIGGS FORD RD, Bldg:E, BACKYARD CAFE",39.481851213634,-77.39591163399,Match
7800 BLOCK CHESTNUT GROVE RD,,,No Match
7800 BLOCK EDGEWOOD CHURCH RD,39.447603417271,-77.47631186966,Match
7800 BLOCK FINGERBOARD RD,39.333702249891,-77.396339013617,Match
"7800 BLOCK FINGERBOARD RD, Bldg:G, THE RANCH",39.333702249891,-77.396339013617,Match
"7800 BLOCK FINGERBOARD RD, IFO",39.333702249891,-77.396339013617,Match
7800 BLOCK FRIENDS CREEK RD,39.715810941392,-77.396123631958,Match
7800 BLOCK GAMBRILL PARK RD,39.448030711746,-77.495462342692,Match
"7800 BLOCK GENSTAR DR, MARC TRAIN STATION - MONOCACY",,,No Match
7800 BLOCK LYTHAN PL,39.377852737396,-77.321583775904,Match
7800 BLOCK MYERSVILLE RD,39.447394893382,-77.544352371846,Match
7800 BLOCK OLD RECEIVER RD,39.449917893035,-77.467290693159,Match
7800 BLOCK PICNIC WOODS RD,39.444430743053,-77.576559308329,Match
7800 BLOCK RIDGE RD,,,No Match
7800 BLOCK ROCKY SPRINGS RD,39.44931061892,-77.454399225676,Match
"7800 BLOCK ROCKY SPRINGS RD, DAYBREAK ADULT DAYCARE",39.44931061892,-77.454399225676,Match
7800 BLOCK RODDY CREEK RD,39.639780261003,-77.398737298324,Match
7800 BLOCK SPOUT SPRING RD,39.44629131453,-77.434196840368,Match
7800 BLOCK SUGARLOAF MOUNTAIN DR,,,No Match
7800 BLOCK TALBOT RUN RD,39.447778083077,-77.151727569815,Match
7800 BLOCK WORMANS MILL RD,39.446600552503,-77.396372771685,Match
"7800 BLOCK WORMANS MILL RD, BEHIND",39.446600552503,-77.396372771685,Match
"7800 BLOCK WORMANS MILL RD, Bldg:A, COAL FIRE PIZZA - CLEMSON CORNER",39.446600552503,-77.396372771685,Match
"7800 BLOCK WORMANS MILL RD, Bldg:D, Apt/Unit:Z, CHIPOTLE",39.446600552503,-77.396372771685,Match
"7800 BLOCK WORMANS MILL RD, Bldg:J, MADRONES AMERICAN GRILL - CLEMSON CORNER",39.446600552503,-77.396372771685,Match
"7800 BLOCK WORMANS MILL RD, Bldg:N, SPORT CLIPS HAIRCUTS - CLEMSON CORNER",39.446600552503,-77.396372771685,Match
"7800 BLOCK WORMANS MILL RD, Bldg:T, NAVY FEDERAL CREDIT UNION - CLEMSON CORNER",39.446600552503,-77.396372771685,Match
"7800 BLOCK WORMANS MILL RD, Bldg:Z, CHIPOTLE MEXICAN GRILL - CLEMSON CORNER",39.446600552503,-77.396372771685,Match
"7800 BLOCK WORMANS MILL RD, LOWES - CLEMSON CORNER",39.446600552503,-77.396372771685,Match
"7800 BLOCK WORMANS MILL RD, MARSHALLS - CLEMSON CORNER",39.446600552503,-77.396372771685,Match
"7800 BLOCK WORMANS MILL RD, WEGMANS",39.446600552503,-77.396372771685,Match
"7800 BLOCK WORMANS MILL RD, WEGMANS - CLEMSON CORNER",39.446600552503,-77.396372771685,Match
"7800 BLOCK WORMANS MILL RD, WELLS FARGO BANK - CLEMSON CORNER",39.446600552503,-77.396372771685,Match
"7800 BLOCK WORMANS MILL RD, WELLS FARGO BANK CLEMSON CORNER",39.446600552503,-77.396372771685,Match
7800 BLOCKA GAMBRILL PARK RD,,,No Match
7900 BLOCK BLACK RD,39.66661179423,-77.39219105829,Match
7900 BLOCK CLEARFIELD RD,39.451082344456,-77.42820763887,Match
7900 BLOCK EDGEWOOD FARM RD,39.450911643822,-77.429176866667,Match
"7900 BLOCK FINGERBOARD RD, Apt/Unit:B, THE RANCH",39.333595396316,-77.391429513292,Match
"7900 BLOCK FINGERBOARD RD, Bldg:B",39.333595396316,-77.391429513292,Match
"7900 BLOCK FINGERBOARD RD, Bldg:E, THE RANCH",39.333595396316,-77.391429513292,Match
7900 BLOCK FOREST STREAM CLUB RD,39.612007484838,-77.278529388082,Match
7900 BLOCK GAMBRILL PARK RD,39.451666046973,-77.495494705192,Match
7900 BLOCK HOLLOW RD,39.449911386329,-77.513089892876,Match
7900 BLOCK HOPE VALLEY CT,39.317911919931,-77.392868698803,Match
7900 BLOCK JUNIPER DR,39.448814630626,-77.435912636749,Match
7900 BLOCK LEWISTOWN RD,,,No Match
7900 BLOCK LONGMEADOW DR,,,No Match
7900 BLOCK MAPLEVILLE RD,39.529760634409,-77.647202625429,Match
7900 BLOCK MARKER RD,39.449591189959,-77.596770159672,Match
7900 BLOCK MCKAIG RD,39.449631201362,-77.310935579663,Match
7900 BLOCK MOUNT PLEASANT CT,39.4501357662,-77.315726387156,Match
7900 BLOCK MYERSVILLE RD,39.451308245628,-77.542346721121,Match
7900 BLOCK OLD HAGERSTOWN RD,,,No Match
7900 BLOCK OPOSSUMTOWN PIKE,39.450730359453,-77.413058819389,Match
"7900 BLOCK OPOSSUMTOWN PIKE, Apt/Unit:BLDG P, FREDERICK COMMUNITY COLLEGE",39.450730359453,-77.413058819389,Match
"7900 BLOCK OPOSSUMTOWN PIKE, Bldg:B, FCC ACADEMIC HALL",39.450730359453,-77.413058819389,Match
"7900 BLOCK OPOSSUMTOWN PIKE, Bldg:B, MAIN ENTRANCE",39.450730359453,-77.413058819389,Match
"7900 BLOCK OPOSSUMTOWN PIKE, Bldg:F, Apt/Unit:BLDG:H, FCC PERFORMING ARTS CENTER",39.450730359453,-77.413058819389,Match
"7900 BLOCK OPOSSUMTOWN PIKE, Bldg:H, STUDENT CENTER",39.450730359453,-77.413058819389,Match
"7900 BLOCK OPOSSUMTOWN PIKE, Bldg:P, FCC ACADEMIC HALL",39.450730359453,-77.413058819389,Match
"7900 BLOCK OPOSSUMTOWN PIKE, FREDERICK CO CAREER & TECHNOLOGY CENTER",39.450730359453,-77.413058819389,Match
"7900 BLOCK OPOSSUMTOWN PIKE, FREDERICK COMMUNITY COLLEGE",39.450730359453,-77.413058819389,Match
"7900 BLOCK PETERS RD, Bldg:A&B, MOUNT ANNA PRAYER CHURCH",,,No Match
"7900 BLOCK PETERS RD, Bldg:A, MOUNT ANNA PRAYER CHURCH - 7900 BLOCKA PETERS RD",,,No Match
"7900 BLOCK PETERS RD, Bldg:E, Apt/Unit:SUITES A-B, MOUNT ANNA PRAYER CHURCH",,,No Match
7900 BLOCK QUAY CT,39.451292493248,-77.377600131084,Match
"7900 BLOCK REICHS FORD RD, MACHINE GUN NEST",39.398583075371,-77.388769344553,Match
"7900 BLOCK REICHS FORD RD, T & S CUSTOMIZING",39.398583075371,-77.388769344553,Match
7900 BLOCK RIVER RUN CT,39.452243900185,-77.380660918433,Match
"7900 BLOCK ROCKY RIDGE RD, THURMONT PRIMARY SCHOOL",39.615234941875,-77.394511162381,Match
7900 BLOCK SCHOONER CT,39.450970513941,-77.379465484323,Match
7900 BLOCK WIT-MERE CT,39.450706385709,-77.464702988378,Match
7900 BLOCK WORMANS MILL RD,39.449003888792,-77.398926992444,Match
7900 BLOCK YELLOW SPRINGS RD,39.449021632766,-77.434280609934,Match
"7900 BLOCK YELLOW SPRINGS RD, IFO",39.449021632766,-77.434280609934,Match
7900 BLOCKB FINGERBOARD RD,,,No Match
800 BLOCK APACHE CT,39.422560322802,-77.398221723603,Match
800 BLOCK AZTEC DR,39.426845830002,-77.39591385764,Match
800 BLOCK BADGER AVE,,,No Match
800 BLOCK BARLOW RD,,,No Match
800 BLOCK BEETZ RD,39.348859349237,-77.108412481653,Match
800 BLOCK BLAKELY CT,39.420687687142,-77.434210359387,Match
"800 BLOCK BLAKELY CT, Apt/Unit:225",39.420687687142,-77.434210359387,Match
"800 BLOCK BLAKELY CT, Apt/Unit:283, CRYSTAL PARK APTS - 800 BLOCK BLAKELY CT UNIT 283",39.420687687142,-77.434210359387,Match
"800 BLOCK BLAKELY CT, Apt/Unit:347, CRYSTAL PARK APTS",39.420687687142,-77.434210359387,Match
"800 BLOCK BLAKELY CT, Apt/Unit:369, CRYSTAL PARK APTS - 800 BLOCK BLAKELY CT UNIT 359",39.420687687142,-77.434210359387,Match
800 BLOCK BOND ST,39.420567778091,-77.388542656011,Match
800 BLOCK BRUNSWICK ST,,,No Match
800 BLOCK CAMP GETTYSBURG RD,,,No Match
800 BLOCK CENTRAL AVE,,,No Match
800 BLOCK CROMWELL DR,39.433805424224,-77.394094888462,Match
800 BLOCK DUNBROOKE CT,39.451324126106,-77.388687599208,Match
800 BLOCK E A ST,39.310931644005,-77.615428398568,Match
800 BLOCK E B ST,39.311901429322,-77.615097884623,Match
800 BLOCK E E ST,39.314966787526,-77.614385889022,Match
800 BLOCK E H ST,39.317691339763,-77.613109333449,Match
800 BLOCK E MAIN ST,,,No Match
"800 BLOCK E MAIN ST, GOODWILL - MIDDLETOWN",,,No Match
"800 BLOCK E MAIN ST, GOODWILL STORE",,,No Match
"800 BLOCK E MAIN ST, SAFEWAY",,,No Match
"800 BLOCK E MAIN ST, SAFEWAY - TOWN CENTER PLAZA",,,No Match
"800 BLOCK E MAIN ST, THURMONT ELEMENTARY SCHOOL",,,No Match
"800 BLOCK E MAIN ST, THURMONT POLICE STATION",,,No Match
"800 BLOCK E MAIN ST, TOWN CENTER PLAZA",,,No Match
800 BLOCK E PATRICK ST,39.410489458957,-77.394299414121,Match
800 BLOCK E POTOMAC ST,39.651627447509,-77.710218686887,Match
800 BLOCK E SOUTH ST,39.40789936502,-77.396671931444,Match
"800 BLOCK E SOUTH ST, FARMERS COOP",39.40789936502,-77.396671931444,Match
"800 BLOCK E SOUTH ST, WERRES CORPORATION",39.40789936502,-77.396671931444,Match
800 BLOCK FOUNDRY ST,,,No Match
800 BLOCK FRANCIS SCOTT KEY HWY,39.596883467913,-77.237529496703,Match
800 BLOCK GABRIEL CT,39.421137095116,-77.434484313274,Match
"800 BLOCK GABRIEL CT, Apt/Unit:321, CRYSTAL PARK APTS - 800 BLOCK GABRIEL CT UNIT 313",39.421137095116,-77.434484313274,Match
"800 BLOCK GABRIEL CT, Apt/Unit:355, CRYSTAL PARK APTS - 800 BLOCK GABRIEL CT UNIT 355",39.421137095116,-77.434484313274,Match
800 BLOCK GREENFIELD RD,,,No Match
800 BLOCK HARVEST TER,39.38788883729,-77.265024853208,Match
"800 BLOCK HEATHER RIDGE DR, AMBERTOWN CONDOS - 800 BLOCK HEATHER RIDGE DR",39.440559800785,-77.414097425668,Match
"800 BLOCK HEATHER RIDGE DR, Apt/Unit:8, AMBERTOWN CONDOS #800 BLOCK",39.440559800785,-77.414097425668,Match
"800 BLOCK HIGHLAND ST, VINNYS TOWING AND RECOVERY",,,No Match
800 BLOCK INSLEY CIR,39.436511469643,-77.394946315697,Match
"800 BLOCK IVY WAY, APARTMENTS AT SUNSET",39.427668952927,-77.416982217846,Match
"800 BLOCK IVY WAY, SUNSET WALK - 800 BLOCK IVY WAY",39.427668952927,-77.416982217846,Match
800 BLOCK JEFFERSON PIKE,39.335064214652,-77.643187633083,Match
"800 BLOCK JEFFERSON PIKE, MCDONALDS - BRUNSWICK",39.335064214652,-77.643187633083,Match
"800 BLOCK JEFFERSON PIKE, MCDONALDS BRUNSWICK",39.335064214652,-77.643187633083,Match
800 BLOCK JUBAL WAY,39.457430043784,-77.390735578096,Match
800 BLOCK KAPLON CT,,,No Match
"800 BLOCK KAPLON CT, BEHIND KAPLON AND KARN AREAS",,,No Match
800 BLOCK KINGS BRIDGE TER,39.373410003005,-77.131301329106,Match
800 BLOCK LINDLEY RD,39.423380877588,-77.395147055323,Match
800 BLOCK LONDON CT,39.433959999875,-77.391283695354,Match
800 BLOCK MONTCLAIRE AVE,39.424718635272,-77.413337076171,Match
800 BLOCK MOTTER AVE,39.424177846479,-77.411055051392,Match
"800 BLOCK MOTTER AVE, Apt/Unit:301, CATOCTIN VIEW APTS",39.424177846479,-77.411055051392,Match
"800 BLOCK MOTTER AVE, Apt/Unit:306, SHARPES SQUARE",39.424177846479,-77.411055051392,Match
"800 BLOCK MOTTER AVE, Apt/Unit:307",39.424177846479,-77.411055051392,Match
"800 BLOCK MOTTER AVE, Apt/Unit:404, CATOCTIN VIEW APTS",39.424177846479,-77.411055051392,Match
"800 BLOCK MOTTER AVE, Apt/Unit:421, SHARPES SQUARE",39.424177846479,-77.411055051392,Match
"800 BLOCK MOTTER AVE, CATOCTIN VIEW APTS",39.424177846479,-77.411055051392,Match
"800 BLOCK MOTTER AVE, SHARPES SQUARE",39.424177846479,-77.411055051392,Match
"800 BLOCK N EAST ST, EAST STREET TRADING CENTER",,,No Match
"800 BLOCK N EAST ST, SHOWROOM",,,No Match
800 BLOCK N MARKET ST,39.424292712871,-77.408659698322,Match
"800 BLOCK N MARKET ST, Bldg:A",39.424292712871,-77.408659698322,Match
"800 BLOCK N MARKET ST, Bldg:A, Apt/Unit:8",39.424292712871,-77.408659698322,Match
800 BLOCK N WARFIELD DR,39.372929701059,-77.161907958364,Match
"800 BLOCK NEW DESIGN RD, NEW DESIGN WATER PLANT",39.254866836974,-77.479030458864,Match
800 BLOCK OAK ST,,,No Match
800 BLOCK PETERSVILLE RD,39.320295326116,-77.627683785157,Match
"800 BLOCK PETERSVILLE RD, LOWRY FARM MARKET",39.320295326116,-77.627683785157,Match
800 BLOCK POTOMAC VIEW PKWY,39.330932761532,-77.633828568599,Match
800 BLOCK ROCKY FOUNTAIN DR,39.514863791414,-77.57081277134,Match
800 BLOCK ROSEMONT AVE,39.421919499138,-77.423313263231,Match
"800 BLOCK S WASHINGTON ST, STATION FC003 - RESCUE HOSE CO #1",,,No Match
"800 BLOCK SCHREIDER ST, FORT DETRICK - BLDG 800 BLOCK",39.435991602871,-77.426287912675,Match
800 BLOCK SHERMAN DR,,,No Match
800 BLOCK STRATFORD WAY,39.430984557295,-77.392687999301,Match
"800 BLOCK STRATFORD WAY, Apt/Unit:A",39.430984557295,-77.392687999301,Match
"800 BLOCK STRATFORD WAY, Apt/Unit:F",39.430984557295,-77.392687999301,Match
800 BLOCK TOLL HOUSE AVE,39.424981215041,-77.414449672575,Match
"800 BLOCK TOLL HOUSE AVE, Apt/Unit:G1",39.424981215041,-77.414449672575,Match
800 BLOCK TRAIL AVE,39.424458424767,-77.41220361788,Match
800 BLOCK W MAIN ST,,,No Match
"800 BLOCK W MAIN ST, ACROSS STREET",,,No Match
800 BLOCK W SEVENTH ST,39.425560427844,-77.416657633672,Match
800 BLOCK WATERFORD DR,39.422723818296,-77.432446334758,Match
800 BLOCK WAYNESBORO PIKE,,,No Match
800 BLOCK WILSON PL,,,No Match
800 BLOCK YOUNG PL,39.433392376237,-77.422609084585,Match
8000 BLOCK ADMIRALTY PL,39.453867319509,-77.375830115135,Match
8000 BLOCK BALL RD,39.361839909832,-77.384149023159,Match
8000 BLOCK BULL RUSH CT,39.451793878836,-77.377898756351,Match
8000 BLOCK CAPTAINS CT,39.455145504755,-77.376174287838,Match
8000 BLOCK CLEARFIELD RD,39.453539867759,-77.426666698841,Match
8000 BLOCK DAMASCUS RD,39.277747945576,-77.164555939849,Match
8000 BLOCK DOLLYHYDE RD,39.452579046102,-77.212701570962,Match
8000 BLOCK E BROOKRIDGE DR,39.448675651385,-77.557514803723,Match
8000 BLOCK FIELDSTONE DR,39.453761033811,-77.433326047778,Match
8000 BLOCK FINGERBOARD RD,39.331872522794,-77.388424750789,Match
8000 BLOCK GAMBRILL PARK RD,39.455308146865,-77.49286923602,Match
8000 BLOCK GLENDALE DR,39.453773912008,-77.428281158623,Match
"8000 BLOCK HAMPTON VALLEY RD, RAINBOW LAKE",,,No Match
8000 BLOCK HARBOR PL,39.45296574743,-77.374451604187,Match
8000 BLOCK HILLMARK CT,39.393199718148,-77.386213082329,Match
8000 BLOCK HOLLOW REED CT,39.454379572405,-77.378139374992,Match
"8000 BLOCK LIBERTY RD, CVS PHARMACY - LIBERTY RD - FREDERICK",,,No Match
8000 BLOCK LIGHTHOUSE LNDG,39.452666630205,-77.375474631961,Match
8000 BLOCK MILLS MANOR CT,,,No Match
"8000 BLOCK OPOSSUMTOWN PIKE, MONOCACY MIDDLE SCHOOL",,,No Match
8000 BLOCK RAMSBURG RD,39.528428123743,-77.388681909898,Match
8000 BLOCK REICHS FORD RD,39.397223490997,-77.387883097006,Match
"8000 BLOCK REICHS FORD RD, RELIABLE RECYCLING CENTER",39.397223490997,-77.387883097006,Match
8000 BLOCK RIDGE RD,39.452456786373,-77.501816005113,Match
8000 BLOCK ROCKY SPRINGS RD,39.453100212376,-77.458449232112,Match
8000 BLOCK RUNNYMEADE DR,39.452902244794,-77.423105462197,Match
8000 BLOCK SIXES BRIDGE RD,39.621861351889,-77.283131527125,Match
8100 BLOCK BLACKS MILL RD,39.57075477367,-77.387119206165,Match
8100 BLOCK BOLIVAR RD,39.454265312723,-77.600837946992,Match
"8100 BLOCK BOLIVAR RD, Apt/Unit:A",39.454265312723,-77.600837946992,Match
8100 BLOCK CLAIBORNE CT,39.455042956174,-77.421990794106,Match
8100 BLOCK CRUM RD,39.456341817525,-77.331346361009,Match
"8100 BLOCK FROSTY FIELD CT, STANFORD TRADING CENTER II - STANFORD INDUSTRIAL CENTER",39.456267785945,-77.420747945621,Match
8100 BLOCK GAMBRILL PARK RD,,,No Match
8100 BLOCK HAMPTON VALLEY RD,,,No Match
8100 BLOCK LEWISTOWN RD,,,No Match
8100 BLOCK MAPLEVILLE RD,,,No Match
8100 BLOCK OLD HAGERSTOWN RD,39.456561508703,-77.561163157948,Match
8100 BLOCK PETE WILES RD,39.456564942472,-77.541730250174,Match
"8100 BLOCK REICHS FORD RD, REPUBLIC SERVICES",39.389694925081,-77.381926264385,Match
8100 BLOCK RETREAT RD,,,No Match
8100 BLOCK ROCKY RIDGE RD,39.614504281449,-77.386562474128,Match
8100 BLOCK ROCKY SPRINGS RD,39.455184070203,-77.459254360046,Match
8100 BLOCK RUNNYMEADE DR,39.455439481718,-77.4235832583,Match
"8100 BLOCK STEVENS RD, Bldg:B",,,No Match
8100 BLOCK WATER STREET RD,39.456023193269,-77.309292261624,Match
8100 BLOCK WOODSBORO PIKE,39.457338427052,-77.366578453963,Match
"8100 BLOCK YELLOW SPRINGS RD, FAITH REFORMED PRESBYTERIAN",39.456858237028,-77.438506703613,Match
8200 BLOCK BALL RD,39.358837835792,-77.37652648613,Match
8200 BLOCK BALTIMORE NATIONAL PIKE PIKE,,,No Match
8200 BLOCK BLACK HAW CT,39.453940640529,-77.379446776673,Match
8200 BLOCK BLACKS MILL RD,39.571952986256,-77.383050249429,Match
8200 BLOCK BLK MYERSVILLE RD,,,No Match
8200 BLOCK BLUE HERON DR,39.453332459391,-77.378066793384,Match
"8200 BLOCK BLUE HERON DR, Apt/Unit:1C",39.453332459391,-77.378066793384,Match
"8200 BLOCK BLUE HERON DR, Apt/Unit:2D",39.453332459391,-77.378066793384,Match
"8200 BLOCK BLUE HERON DR, Apt/Unit:3A",39.453332459391,-77.378066793384,Match
"8200 BLOCK BLUE HERON DR, Apt/Unit:3D",39.453332459391,-77.378066793384,Match
8200 BLOCK CRUM RD,39.458859001376,-77.332013042025,Match
8200 BLOCK DAMASCUS RD,39.27951269135,-77.1688276658,Match
"8200 BLOCK DEVILBISS BRIDGE RD, DEVILBISS BRIDGE LANDING",39.509222755681,-77.387261706307,Match
8200 BLOCK EDGEWOOD CHURCH RD,39.459769364144,-77.475597031467,Match
8200 BLOCK EMERSON BURRIER RD,,,No Match
8200 BLOCK FOREST STREAM CLUB RD,39.613971453061,-77.28937512042,Match
"8200 BLOCK FOREST STREAM CLUB RD, 8200 BLOCK FOREST AND STREAM CLUB",39.613971453061,-77.28937512042,Match
8200 BLOCK FOREST STREAM CLUB ROAD,39.613971453061,-77.28937512042,Match
8200 BLOCK FOX HUNT CT,39.459723977569,-77.439562244322,Match
8200 BLOCK GLEN HEATHER DR,39.461760845157,-77.438337243577,Match
8200 BLOCK HAMPTON VALLEY RD,,,No Match
8200 BLOCK HOLLOW RD,39.458454482442,-77.509306455136,Match
8200 BLOCK LOOKOUT LN,39.457889224477,-77.414997470247,Match
8200 BLOCK MAPLEVILLE RD,,,No Match
8200 BLOCK PALMER RD,38.488101448017,-77.037324315044,Match
8200 BLOCK PEMBROOK CT,39.402284871283,-77.381871340908,Match
8200 BLOCK RED WING CT,,,No Match
"8200 BLOCK RESEARCH PLZ, FORT DETRICK - BLDG 8200 BLOCK - USAMRIID",,,No Match
8200 BLOCK REVEILLE CT,39.480172492542,-77.382573989726,Match
8200 BLOCK ROCKY RIDGE RD,39.614636418388,-77.381624315033,Match
8200 BLOCK SIXES BRIDGE RD,,,No Match
8200 BLOCK SIXES BRIDGE ROAD,,,No Match
8200 BLOCK VALLEY VIEW TER,39.457924734738,-77.514594605999,Match
8200 BLOCK WATER STREET RD,39.459977720683,-77.308785539506,Match
8200 BLOCK WATERSIDE CT,,,No Match
8200 BLOCK WOODSBORO PIKE,39.460137966724,-77.365740398906,Match
"8200 BLOCK WOODSBORO PIKE, CALVARY ASSEMBLY OF GOD",39.460137966724,-77.365740398906,Match
8200 BLOCK WOODVILLE RD,39.459715454374,-77.180482551215,Match
8300 BLOCK BALTIMORE NATIONAL PIKE,,,No Match
8300 BLOCK BROOK-MERE BLVD,39.459618920129,-77.46126838236,Match
8300 BLOCK DREAM PL,39.463642320822,-77.361834234162,Match
8300 BLOCK EDGEWOOD CHURCH RD,39.458399053161,-77.471762888184,Match
8300 BLOCK EMERSON BURRIER RD,,,No Match
"8300 BLOCK FINGERBOARD RD, WORTHINGTON MANOR GOLF COURSE",39.329150274367,-77.374576100714,Match
"8300 BLOCK GAMBRILL PARK RD, IAO",,,No Match
8300 BLOCK HOLLOW RD,39.460404365057,-77.509904058003,Match
8300 BLOCK INSPIRATION AVE,39.461867464689,-77.360376994489,Match
8300 BLOCK JORDAN VALLEY WAY,39.465269843203,-77.434028100355,Match
8300 BLOCK MAPLEVILLE RD,,,No Match
8300 BLOCK OLD KILN RD,39.650031284588,-77.380171082772,Match
8300 BLOCK OLD NATIONAL PIKE,39.542089964771,-77.674209091361,Match
8300 BLOCK PINECLIFF PARK RD,39.385266921089,-77.376732751457,Match
"8300 BLOCK PINECLIFF PARK RD, BIGGER PLAYGROUND ICE SKATING POND",39.385266921089,-77.376732751457,Match
"8300 BLOCK PINECLIFF PARK RD, PINECLIFF DISTRICT PARK",39.385266921089,-77.376732751457,Match
"8300 BLOCK RESEARCH PLZ, FORT DETRICK - BLDG 8300 BLOCK",,,No Match
8300 BLOCK REVELATION AVE,39.461630552001,-77.363878460412,Match
8300 BLOCK RIVER RUN RD,,,No Match
"8300 BLOCK RIVER RUN RD, LEARNING BEE - WATERSIDE",,,No Match
8300 BLOCK ROCKY RIDGE RD,39.61594400291,-77.37893727932,Match
8300 BLOCK WATER STREET RD,39.462341164227,-77.309855778203,Match
"8300 BLOCK WATERSIDE CT, TRO",39.454643485376,-77.378173324255,Match
"8300 BLOCK YELLOW SPRINGS RD, KOREAN EMMANUEL CHURCH",,,No Match
8400 BLOCK BAKERY WAY,39.207559725704,-76.149585918139,Match
8400 BLOCK BALD EAGLE LN,,,No Match
8400 BLOCK BROADBAND DR,39.441347756249,-77.381962795906,Match
"8400 BLOCK BROADBAND DR, PUBLIC STORAGE - RIVERSIDE CORPORATE PARK",39.441347756249,-77.381962795906,Match
"8400 BLOCK CURIOSITY CT, IAO",39.463138111679,-77.358684419656,Match
8400 BLOCK DEVON LN,39.503969991748,-77.374823055934,Match
"8400 BLOCK E PATRICK ST, I70 GOLF CENTER",39.405926895638,-77.385215595497,Match
8400 BLOCK GAS HOUSE PIKE,39.434256692396,-77.373604665552,Match
"8400 BLOCK GAS HOUSE PIKE, Bldg:EE, Apt/Unit:P, CLUBHOUSE KIDS",39.434256692396,-77.373604665552,Match
"8400 BLOCK GAS HOUSE PIKE, Bldg:EE, FAMILY PARTNERSHIP OF FREDERICK",39.434256692396,-77.373604665552,Match
"8400 BLOCK GAS HOUSE PIKE, Bldg:EE, FAMILY PARTNERSHIP OF FREDERICK - RIVERSIDE CORPORATE PARK",39.434256692396,-77.373604665552,Match
"8400 BLOCK GAS HOUSE PIKE, Bldg:P, CLUBHOUSE KIDS",39.434256692396,-77.373604665552,Match
"8400 BLOCK GAS HOUSE PIKE, SILVERADO FREDERICK MEMORY CARE COMMUNITY",39.434256692396,-77.373604665552,Match
8400 BLOCK GROSSNICKLE CT,39.488207136149,-77.372923553396,Match
8400 BLOCK HEMLER RD,39.67072886727,-77.37401195124,Match
8400 BLOCK INSPIRATION AVE,39.464354952449,-77.356534879139,Match
8400 BLOCK LEGG RD,,,No Match
"8400 BLOCK OPOSSUMTOWN PIKE, SAINT JOHNS REGIONAL CATHOLIC SCHOOL",39.466131671907,-77.414534400986,Match
"8400 BLOCK OPOSSUMTOWN PIKE, SAINT KATHERINES DREXEL CATHOLIC CHURCH",39.466131671907,-77.414534400986,Match
8400 BLOCK PALMER RD,39.462598920352,-77.569648537851,Match
8400 BLOCK PETERS RD,39.299733597123,-77.373892060078,Match
8400 BLOCK PINE BLUFF RD,39.387135778759,-77.373625964484,Match
8400 BLOCK PRECISION WAY,,,No Match
8400 BLOCK PROGRESS CT,39.4375757609,-77.377249278135,Match
"8400 BLOCK PROGRESS CT, NICOLOCK PAVING STONES - RIVERSIDE CORPORATE PARK",39.4375757609,-77.377249278135,Match
8400 BLOCK PROGRESS DR,39.438201542863,-77.373742037217,Match
"8400 BLOCK PROGRESS DR, Apt/Unit:A, WILCOX AND SENSING TECHNOLOGIES",39.438201542863,-77.373742037217,Match
"8400 BLOCK PROGRESS DR, Apt/Unit:SUITE A",39.438201542863,-77.373742037217,Match
"8400 BLOCK PROGRESS DR, Bldg:A, SUBWAY - RIVERSIDE CORPORATE PARK",39.438201542863,-77.373742037217,Match
"8400 BLOCK PROGRESS DR, Bldg:A, SUBWAY RIVERSIDE",39.438201542863,-77.373742037217,Match
"8400 BLOCK PROGRESS DR, MATAN COMPANIES",39.438201542863,-77.373742037217,Match
"8400 BLOCK PROGRESS DR, MATAN PROPERTIES",39.438201542863,-77.373742037217,Match
"8400 BLOCK RESEARCH PLZ, FORT DETRICK - BLDG 8400 BLOCK",,,No Match
8400 BLOCK RIVER MEADOW DR,,,No Match
8400 BLOCK ROCKY SPRINGS RD,39.46280298074,-77.463405435534,Match
8400 BLOCK SHILOH CT,39.338357124131,-77.375134006534,Match
"8400 BLOCK SPIRES WAY, Apt/Unit:A",39.436063849133,-77.374132398738,Match
"8400 BLOCK SPIRES WAY, Bldg:CC, Apt/Unit:A, AT AND T",39.436063849133,-77.374132398738,Match
"8400 BLOCK SPIRES WAY, Bldg:CC, Apt/Unit:A, FREDERICK CLASSICAL CHARTER SCHOOL - RIVERSIDE CORPORATE PARK",39.436063849133,-77.374132398738,Match
"8400 BLOCK SPIRES WAY, Bldg:CC, FREDERICK CLASSICAL CHARTER SCHOOL - RIVERSIDE CORPORATE PARK",39.436063849133,-77.374132398738,Match
8400 BLOCK STAGECOACH CIR,,,No Match
"8400 BLOCK STAGECOACH CIR, WELLS FARGO HOME MORTGAGE",,,No Match
8400 BLOCK STONEHOUSE RD,39.465307834024,-77.46529973095,Match
8400 BLOCK TOHIVEA WAY,39.319640937853,-77.378847778186,Match
8400 BLOCK WATER STREET RD,39.464441117862,-77.310843183631,Match
8400 BLOCK WOODSBORO PIKE,39.463963135164,-77.364565547135,Match
"8400 BLOCK WOODSBORO PIKE, Bldg:A, GOODWILL - WALKERSVILLE",39.463963135164,-77.364565547135,Match
"8400 BLOCK WOODSBORO PIKE, Bldg:B, DOLLAR TREE - DISCOVERY",39.463963135164,-77.364565547135,Match
"8400 BLOCK WOODSBORO PIKE, GOODWILL INDUSTRIES WALKERSVILLE",39.463963135164,-77.364565547135,Match
"8400 BLOCK WOODSBORO PIKE, SEVEN ELEVEN - DISCOVERY",39.463963135164,-77.364565547135,Match
"8400 BLOCK WOODSBORO PIKE, SHEETZ - WALKERSVILLE",39.463963135164,-77.364565547135,Match
8400 BLOCK WOODVILLE RD,39.463768574688,-77.188813827828,Match
"8400 BLOCK YELLOW SPRINGS RD, KELLER FARM",,,No Match
8500 BLOCK ADVENTURE CT,39.466781072532,-77.359526215771,Match
8500 BLOCK ALLEGRO CT,,,No Match
8500 BLOCK APPLES CHURCH RD,39.630777939622,-77.370425916924,Match
"8500 BLOCK APPLES CHURCH RD, IRO ON OLD KILN RD AREA",39.630777939622,-77.370425916924,Match
8500 BLOCK BALD EAGLE LN,,,No Match
8500 BLOCK BALL RD,,,No Match
8500 BLOCK BLACKS MILL RD,39.575914264449,-77.372075814753,Match
8500 BLOCK DISCOVERY BLVD,39.466467347453,-77.360797782605,Match
"8500 BLOCK DOLLYHYDE RD, Apt/Unit:A",39.468102612575,-77.227710376592,Match
8500 BLOCK EDGEWOOD CHURCH RD,39.457916897854,-77.463051358689,Match
8500 BLOCK FINGERBOARD RD,39.326520062875,-77.36846485855,Match
"8500 BLOCK FINGERBOARD RD, IAO",39.326520062875,-77.36846485855,Match
"8500 BLOCK GAMBRILL PARK RD, GAMBRILL STATE PARK NORTH FREDERICK OVERLOOK",,,No Match
"8500 BLOCK GAMBRILL PARK RD, HIGH KNOB AREA GAMBRILL STATE PARK",,,No Match
8500 BLOCK GUE RD,39.300220395367,-77.174511867788,Match
"8500 BLOCK HOLLOW RD, SURREYBROOKE FARMS",39.465538509533,-77.512467425146,Match
8500 BLOCK INDIAN SPRINGS RD,39.466089803572,-77.460461562499,Match
8500 BLOCK INSPIRATION AVE,39.466810759831,-77.356604323344,Match
8500 BLOCK LADDIE CT,39.497216282036,-77.371793605538,Match
"8500 BLOCK LIBERTY RD, CERESVILLE MANSION",39.452712819547,-77.370272313619,Match
8500 BLOCK LONGLEAF DR,39.332521212771,-77.369592701647,Match
"8500 BLOCK MAPLEVILLE RD, FAHRNEY KEEDY HOME & VILLAGE",,,No Match
"8500 BLOCK OLD NATIONAL PIKE, MARYLAND NATIONAL GUARD ARMORY",39.548629226537,-77.678326623918,Match
8500 BLOCK PINE BLUFF RD,39.385983441859,-77.369469960845,Match
8500 BLOCK PROGRESS DR,39.437997064051,-77.366576080578,Match
"8500 BLOCK PROGRESS DR, CANCER REARCH CENTER",39.437997064051,-77.366576080578,Match
"8500 BLOCK PROGRESS DR, CAR MAX",39.437997064051,-77.366576080578,Match
"8500 BLOCK PROGRESS DR, CARMAX SERVICE BUILDING",39.437997064051,-77.366576080578,Match
"8500 BLOCK PROGRESS DR, CHARLES RIVER LABORATORIES - RIVERSIDE CORPORATE PARK",39.437997064051,-77.366576080578,Match
"8500 BLOCK PROGRESS DR, MATAN PROPERTIES",39.437997064051,-77.366576080578,Match
"8500 BLOCK PROGRESS DR, NATIONAL CANCER INSTITUTE",39.437997064051,-77.366576080578,Match
"8500 BLOCK PROGRESS DR, NATIONAL CANCER INSTITUTE RIVERSIDE",39.437997064051,-77.366576080578,Match
"8500 BLOCK PROGRESS DR, NCI - RIVERSIDE CORPORATE PARK",39.437997064051,-77.366576080578,Match
8500 BLOCK RED SAGE WAY S,39.332414132376,-77.369546098093,Match
8500 BLOCK ROCKY RIDGE RD,,,No Match
8500 BLOCK ROCKY SPRINGS RD,39.46525353333,-77.45642261883,Match
8500 BLOCK ROSEBUD CT,39.465070275885,-77.510773328469,Match
8500 BLOCK SILVER LAUREL LN,39.333277837011,-77.369918305634,Match
8500 BLOCK WALTER MARTZ RD,39.466363411686,-77.43764904466,Match
8500 BLOCK WOODSBORO PIKE,39.464998205622,-77.364236898884,Match
"8500 BLOCK WOODSBORO PIKE, SQUARE ACRES FARM",39.464998205622,-77.364236898884,Match
8500 BLOCK WOODVILLE RD,39.468570851357,-77.187702683339,Match
"8500 BLOCK WOODVILLE RD, FREY AGRICULTURAL",39.468570851357,-77.187702683339,Match
8600 BLOCK BALTIMORE NATIONAL PIKE PIKE,,,No Match
"8600 BLOCK BIGGS FORD RD, FREDERICKTOWNE BAPTIST CHURCH",39.483442604521,-77.364144168952,Match
"8600 BLOCK BIGGS FORD RD, SAINT TIMOTHY ROMAN CATHOLIC CHURCH",39.483442604521,-77.364144168952,Match
8600 BLOCK CHESTNUT GROVE RD,39.468046028847,-77.284150644856,Match
8600 BLOCK COVELL RD,39.274802774372,-77.367054487894,Match
8600 BLOCK FOX GAP RD,39.468661517885,-77.607246746141,Match
8600 BLOCK HORNETS NEST RD,,,No Match
8600 BLOCK INDIAN SPRINGS RD,,,No Match
8600 BLOCK LOBLOLLY LN,,,No Match
8600 BLOCK LONGWOOD CIR,39.396002762681,-77.366537891675,Match
"8600 BLOCK MYERSVILLE RD, IAO",39.469546283967,-77.533499805604,Match
8600 BLOCK OPOSSUMTOWN PIKE,39.469670753875,-77.418190375584,Match
8600 BLOCK RANDELL RIDGE RD,39.387404009961,-77.369817219988,Match
8600 BLOCK RED TIMBER PL,,,No Match
8600 BLOCK REICHS FORD RD,39.381093061922,-77.366406986788,Match
8600 BLOCK ROCKY RIDGE RD,39.615959926954,-77.368354261234,Match
8600 BLOCK S PACIFIC CT,39.470403996321,-77.512905134472,Match
8600 BLOCK SATINWOOD DR,39.331551663768,-77.367212915541,Match
8600 BLOCK SHADY PINES DR,39.330097888056,-77.367231252197,Match
8600 BLOCK SHRYOCK MILL RD,,,No Match
8600 BLOCK WALTER MARTZ RD,39.46636088673,-77.437427694869,Match
"8700 BLOCK ADVENTURE AVE, PEACE IN CHRIST LUTHERAN CHURCH - DISCOVERY",39.468662985105,-77.362831823327,Match
8700 BLOCK ANTIETAM DR,,,No Match
8700 BLOCK APPLES CHURCH RD,39.634173052359,-77.366995604791,Match
8700 BLOCK BALL RD,39.354455585739,-77.351572716243,Match
"8700 BLOCK CRYSTAL FOUNTAIN RD, BEHIND MY ADDRESS",39.699478440725,-77.375443967881,Match
8700 BLOCK FINGERBOARD RD,39.321997279829,-77.36058585192,Match
"8700 BLOCK FINGERBOARD RD, CULTA",39.321997279829,-77.36058585192,Match
8700 BLOCK GAMBRILL PARK RD,,,No Match
8700 BLOCK GAS HOUSE PIKE,39.434540797275,-77.361729220732,Match
"8700 BLOCK GAS HOUSE PIKE, ALDI FOODS DISTRIBUTION CENTER",39.434540797275,-77.361729220732,Match
8700 BLOCK GREEN VALLEY RD,39.471324812056,-77.248714326092,Match
8700 BLOCK GUE RD,39.30247780706,-77.178003990531,Match
8700 BLOCK INSPIRATION CT,39.461742060076,-77.362423437034,Match
8700 BLOCK LIBERTY RD,,,No Match
8700 BLOCK MAPLEVILLE RD,,,No Match
8700 BLOCK MOUNT TABOR RD,39.470057240834,-77.589527865962,Match
8700 BLOCK MYERSVILLE RD,39.472995852637,-77.535729582008,Match
"8700 BLOCK MYERSVILLE RD, IAO",39.472995852637,-77.535729582008,Match
8700 BLOCK OLD KILN RD,39.656583983325,-77.365832271715,Match
8700 BLOCK PETE WILES RD,39.473048359638,-77.553240445959,Match
8700 BLOCK RAMSBURG RD,39.531464003298,-77.365054668895,Match
8700 BLOCK REICHS FORD RD,39.380603488215,-77.363749171306,Match
8700 BLOCK ROCKY RIDGE RD,39.615078353328,-77.365798476184,Match
8700 BLOCK ROSEHAVEN LN,,,No Match
8700 BLOCK SHADY PINES DR,39.328663436267,-77.36468400516,Match
8700 BLOCK TREASURE AVE,39.466320817399,-77.362228205038,Match
8700 BLOCK VICTORY CT,39.467402182281,-77.361418489093,Match
8700 BLOCK WATER STREET RD,39.472824509668,-77.317435654722,Match
8700 BLOCK WOODVILLE RD,39.471825949564,-77.186735553778,Match
"8700 BLOCK YELLOW SPRINGS RD, Bldg:A",39.473679727724,-77.454870925639,Match
"8700 BLOCK YELLOW SPRINGS RD, YELLOW SPRINGS ELEMENTARY SCHOOL",39.473679727724,-77.454870925639,Match
8700 BLOCKB YELLOW SPRINGS RD,,,No Match
8700 BLOCKC LINKS BRIDGE LN,,,No Match
8800 BLOCK ADVENTURE AVE,39.468299489218,-77.360563276191,Match
"8800 BLOCK BALL RD, AT PUMPSTATION TO WEST OF THIS ADDRESS",39.354266717771,-77.350174516072,Match
8800 BLOCK BEALLS FARM LN,,,No Match
"8800 BLOCK BIGGS FORD RD, LONZA BIOSCIENCE",39.484317352743,-77.3606129485,Match
8800 BLOCK BRIARCLIFF LN,39.405963856722,-77.347350172551,Match
8800 BLOCK CHESTNUT GROVE RD,39.474075229121,-77.287538676426,Match
8800 BLOCK CLEMSONVILLE RD,39.475263187442,-77.186366644448,Match
8800 BLOCK DEVILBISS BRIDGE RD,39.502226461862,-77.358765594262,Match
"8800 BLOCK FINGERBOARD RD, PARK N RIDE URBANA",,,No Match
8800 BLOCK GAMBRILL PARK RD,,,No Match
8800 BLOCK GAS HOUSE PIKE,39.434572072275,-77.359642901551,Match
8800 BLOCK HAWBOTTOM RD,39.475244057501,-77.513150486089,Match
8800 BLOCK INDIAN SPRINGS RD,39.477875456024,-77.471520416454,Match
8800 BLOCK LEW WALLACE RD,39.332891037466,-77.358834714991,Match
8800 BLOCK LONGS MILL RD,39.577371202023,-77.363360114816,Match
8800 BLOCK SEEKERS WALK,,,No Match
8800 BLOCK SHADY PINES DR,39.329235949769,-77.362641773086,Match
"8800 BLOCK URBANA CHURCH RD, DYNAMIC AUTOMOTIVE",39.325475016621,-77.352741445682,Match
"8800 BLOCK URBANA CHURCH RD, URBANA CONVENIENCE SHOP",39.325475016621,-77.352741445682,Match
8800 BLOCK WATER STREET RD,39.476708717434,-77.319692132665,Match
8800 BLOCK YELLOW SPRINGS RD,39.475272365658,-77.456479697701,Match
8900 BLOCK AMELUNG ST,39.331598449558,-77.357065452441,Match
"8900 BLOCK BENNETT CREEK BLVD, SOCIAL SECURITY ADMINISTRATION NATIONAL SUPPORT CENTER",,,No Match
8900 BLOCK BLOOMFIELD RD,39.478369622133,-77.419776512068,Match
"8900 BLOCK CLEMSONVILLE RD, LINGANORE UNITED METHODIST CHURCH",39.478099399686,-77.185331852684,Match
8900 BLOCK DANVILLE TER,39.409396785219,-77.347024010098,Match
8900 BLOCK DEVILBISS BRIDGE RD,39.501117941165,-77.35661082556,Match
"8900 BLOCK FINGERBOARD RD, ATLANTIC UNION BEHIND IT IN THE FIELD",39.324210122901,-77.353827759374,Match
"8900 BLOCK FINGERBOARD RD, SANDY SPRING BANK",39.324210122901,-77.353827759374,Match
"8900 BLOCK FINGERBOARD RD, SEVEN ELEVEN - URBANA",39.324210122901,-77.353827759374,Match
"8900 BLOCK GAS HOUSE PIKE, FREDERICK COMMERCE CENTER",39.434639399619,-77.355721185987,Match
8900 BLOCK HAWBOTTOM RD,39.47395574352,-77.508135578241,Match
"8900 BLOCK INDIAN SPRINGS RD, BROOK HILL UNITED METHODIST CHURCH",39.480199855814,-77.465821553463,Match
8900 BLOCK KAY ST,39.479381624396,-77.46987454341,Match
8900 BLOCK LIBERTY RD,39.366031749779,-76.791288840508,Match
8900 BLOCK LONGS MILL RD,39.579152098972,-77.358071817398,Match
8900 BLOCK MOUNT TABOR RD,39.476454911209,-77.589182167649,Match
8900 BLOCK MYERSVILLE RD,39.477426284125,-77.53889208545,Match
8900 BLOCK OLD HARMONY RD,,,No Match
8900 BLOCK OPOSSUMTOWN PIKE,,,No Match
8900 BLOCK ORNDORFF RD,39.657276789494,-77.357097310445,Match
8900 BLOCK REMINGTON PL,39.408260849934,-77.343899972067,Match
8900 BLOCK SHADY PINES DR,39.33070884443,-77.363833149628,Match
8900 BLOCK STAUFFER RD,39.464390347276,-77.356397155091,Match
8900 BLOCK URBANA CHURCH RD,,,No Match
"8900 BLOCK URBANA CHURCH RD, Apt/Unit:A",,,No Match
8900 BLOCK YELLOW SPRINGS RD,39.476896444475,-77.458041374792,Match
900 BLOCK BARLOW-GREENMOUNT RD,,,No Match
900 BLOCK BLUELEAF CT,39.437221594531,-77.391419540001,Match
"900 BLOCK BLUELEAF CT, Apt/Unit:10",39.437221594531,-77.391419540001,Match
"900 BLOCK BLUELEAF CT, Apt/Unit:900 BLOCK",39.437221594531,-77.391419540001,Match
"900 BLOCK BLUELEAF CT, Apt/Unit:B",39.437221594531,-77.391419540001,Match
"900 BLOCK BLUELEAF CT, Apt/Unit:M",39.437221594531,-77.391419540001,Match
900 BLOCK CHEROKEE TRL,39.424881402348,-77.399022250341,Match
900 BLOCK E C ST,39.312658347382,-77.613734975141,Match
"900 BLOCK E C ST, BRUNSWICK RESERVOIR",39.312658347382,-77.613734975141,Match
900 BLOCK E E ST,,,No Match
"900 BLOCK E PATRICK ST, BROWNS LIQUORS",39.409481477187,-77.392319698864,Match
900 BLOCK FRANCIS SCOTT KEY HWY,39.599605680156,-77.23732957738,Match
900 BLOCK HALLECK DR,39.455853820612,-77.391782853343,Match
"900 BLOCK HEATHER RIDGE DR, Apt/Unit:D, AMBERTOWN CONDOS - 900 BLOCK HEATHER RIDGE DR",39.440487435228,-77.413882052041,Match
900 BLOCK HOLDEN RD,,,No Match
900 BLOCK HOSLER RD,,,No Match
"900 BLOCK JEFFERSON PIKE, IAO",39.337901751784,-77.639445422392,Match
900 BLOCK JUBAL WAY,39.458355932424,-77.391107014572,Match
"900 BLOCK JUBAL WAY, COMMUNITY POOL - TUSCARORA KNOLLS",39.458355932424,-77.391107014572,Match
900 BLOCK LANTERN HILL CT,39.376416828813,-77.168266700333,Match
900 BLOCK LEAFY HOLLOW CIR,39.37353522054,-77.167964231155,Match
"900 BLOCK MANSION DR, PROSPECT HALL APARTMENTS - 900 BLOCK MANSION DR",39.002119541661,-77.024970237727,Match
900 BLOCK MOSBY DR,,,No Match
900 BLOCK MOTTER AVE,39.425978576823,-77.410308536123,Match
"900 BLOCK MOTTER AVE, Apt/Unit:B",39.425978576823,-77.410308536123,Match
900 BLOCK MULLER RD,39.478218046301,-77.029199063383,Match
"900 BLOCK N EAST ST, AR WORKSHOP - MONOCACY VILLAGE SHOPPING CENTER",39.425549401208,-77.403662788736,Match
"900 BLOCK N EAST ST, Bldg:A, Apt/Unit:STE A, SALON CENTRIC",39.425549401208,-77.403662788736,Match
"900 BLOCK N EAST ST, Bldg:A, SALON CENTRIC",39.425549401208,-77.403662788736,Match
"900 BLOCK N EAST ST, DOLLAR GENERAL - MONOCACY VILLAGE SHOPPING CENTER",39.425549401208,-77.403662788736,Match
"900 BLOCK N EAST ST, PAPA JOHNS PIZZA - N EAST ST",39.425549401208,-77.403662788736,Match
"900 BLOCK N EAST ST, SALVATION ARMY THRIFT STORE",39.425549401208,-77.403662788736,Match
"900 BLOCK N EAST ST, WOODSBORO BANK - MONOCACY VILLAGE SHOPPING CENTER",39.425549401208,-77.403662788736,Match
"900 BLOCK N MAPLE AVE, BRUNSWICK LIBRARY",39.320687808962,-77.623855524666,Match
"900 BLOCK N MAPLE AVE, KIM WEDDLE PARK",39.320687808962,-77.623855524666,Match
900 BLOCK N MARKET ST,39.425841709651,-77.40793131651,Match
900 BLOCK PINE AVE,,,No Match
900 BLOCK PUMPING STATION RD,,,No Match
900 BLOCK SHENANDOAH VIEW PKWY,39.330024204667,-77.641221337578,Match
900 BLOCK SULTAN DR,,,No Match
"900 BLOCK SULTAN DR, Apt/Unit:MAIN_ENTR",,,No Match
900 BLOCK TANEY AVE,39.431438540753,-77.420598043859,Match
"900 BLOCK TOLL HOUSE AVE, Apt/Unit:211, QUEST DIAGNOSTICS",39.426406118629,-77.413914860782,Match
"900 BLOCK TOLL HOUSE AVE, FREDERICK SURGICAL",39.426406118629,-77.413914860782,Match
"900 BLOCK TOLL HOUSE AVE, FREDERICK SURGICIAL",39.426406118629,-77.413914860782,Match
"900 BLOCK TOLL HOUSE AVE, QUEST DIAGNOSTICS",39.426406118629,-77.413914860782,Match
"900 BLOCK W PATRICK ST, CHIPOTLE - GOLDEN MILE",39.416012009296,-77.438169101863,Match
"900 BLOCK W PATRICK ST, COMFORT INN - RED HORSE",39.416012009296,-77.438169101863,Match
"900 BLOCK W PATRICK ST, MOTEL 6",39.416012009296,-77.438169101863,Match
"900 BLOCK W PATRICK ST, RED HORSE STEAK HOUSE",39.416012009296,-77.438169101863,Match
"900 BLOCK W SEVENTH ST, COMMON MARKET",39.42600237625,-77.417107531141,Match
"900 BLOCK W SEVENTH ST, HUNAN GOURMET - COLLEGE PARK PLAZA",39.42600237625,-77.417107531141,Match
"900 BLOCK W SEVENTH ST, IFO COMMON MARKET",39.42600237625,-77.417107531141,Match
"900 BLOCK W SEVENTH ST, M&T BANK - W SEVENTH ST",39.42600237625,-77.417107531141,Match
"900 BLOCK W SEVENTH ST, TACO BELL - COLLEGE PARK PLAZA",39.42600237625,-77.417107531141,Match
900 BLOCK WATERFORD DR,39.421609855835,-77.436016390619,Match
"900 BLOCK WATERFORD DR, Apt/Unit:112, SUNRISE RETIREMENT - WATERFORD",39.421609855835,-77.436016390619,Match
900 BLOCKA N EAST ST,,,No Match
9000 BLOCK ALBAUGH RD,39.477134659282,-77.163396134001,Match
9000 BLOCK ALLINGTON MANOR CIR W,39.382349159602,-77.426495438299,Match
9000 BLOCK AMELUNG ST,39.331162476177,-77.354850540954,Match
"9000 BLOCK AMELUNG ST, URBANA LIBRARY",39.331162476177,-77.354850540954,Match
"9000 BLOCK AMELUNG ST, URBANA LIBRARY & SENIOR CENTER",39.331162476177,-77.354850540954,Match
"9000 BLOCK AMELUNG ST, URBANA LIBRARY & SENIOR CENTER - URBANA TOWN CENTER",39.331162476177,-77.354850540954,Match
9000 BLOCK BEALLS FARM RD,39.333539007597,-77.356772046648,Match
"9000 BLOCK BENNETT CREEK BLVD, KITE PHARMA",,,No Match
9000 BLOCK BROOKHAVEN CT,39.40191874095,-77.350391501582,Match
9000 BLOCK BUSH CREEK CIR,39.33794917715,-77.353058467396,Match
9000 BLOCK CLENDENIN WAY,39.33542595278,-77.353481970549,Match
9000 BLOCK DAWN CT,39.476351595416,-77.553778904494,Match
9000 BLOCK DOCTOR PERRY RD,39.28531225479,-77.348815449505,Match
9000 BLOCK GAMBRILL PARK RD,,,No Match
"9000 BLOCK GAMBRILL PARK RD, PH2",,,No Match
9000 BLOCK GAS HOUSE PIKE,,,No Match
"9000 BLOCK GAS HOUSE PIKE, FREDERICK CORPORATE CENTER",,,No Match
9000 BLOCK GRAPE CREEK RD,39.480981782929,-77.322227656712,Match
9000 BLOCK GREEN VALLEY RD,,,No Match
9000 BLOCK HAMBURG RD,39.480693831343,-77.461599419708,Match
9000 BLOCK HARMONY RD,39.480580116606,-77.538653211042,Match
"9000 BLOCK HARRIS ST, VILLAGES OF URBANA COMMUNITY ASSOCIATION",39.337213362852,-77.355651642164,Match
9000 BLOCK HAWBOTTOM RD,39.478729522691,-77.506864951565,Match
9000 BLOCK KNOTT LN,39.324652279028,-77.35174056011,Match
"9000 BLOCK LIBERTY RD, BEATTY CRAMER HOUSE",39.367517153713,-76.795386950506,Match
9000 BLOCK MAJOR SMITH LN,39.335029001412,-77.35270135035,Match
9000 BLOCK MCPHERSON ST,39.327967238761,-77.353596742677,Match
9000 BLOCK MYERSVILLE RD,39.481284405828,-77.542128148803,Match
9000 BLOCK OLD HARMONY RD,,,No Match
9000 BLOCK OLD KILN RD,39.662739952556,-77.352245451386,Match
9000 BLOCK REICHS FORD RD,39.375724820995,-77.353233547486,Match
"9000 BLOCK REICHS FORD RD, Apt/Unit:FIRST, COUNTY LANDFILL",39.375724820995,-77.353233547486,Match
"9000 BLOCK REICHS FORD RD, COUNTY LANDFILL",39.375724820995,-77.353233547486,Match
"9000 BLOCK RIDGEFIELD DR, LA PETITE ACADEMY - SPRING RIDGE",39.399420552556,-77.348867619881,Match
"9000 BLOCK RIDGEFIELD DR, SPRING RIDGE COMMUNITY CTR & POOL",39.399420552556,-77.348867619881,Match
"9000 BLOCK RIDGEFIELD DR, SPRING RIDGE ELEMENTARY SCHOOL",39.399420552556,-77.348867619881,Match
9000 BLOCK SEWARD ST,39.335020657156,-77.356346452904,Match
9000 BLOCK SHADY PINES DR,39.328670839232,-77.365104996395,Match
9000 BLOCK SPRING MEADOW CIR,39.402521821461,-77.356095310813,Match
9000 BLOCK SPRING VALLEY DR,39.40311972038,-77.355305011139,Match
9000 BLOCK WALNUT ST,39.482380344516,-77.240299087286,Match
9000 BLOCK WALTER MARTZ RD,39.479472918061,-77.430491917762,Match
9000 BLOCKA LINKS RD,,,No Match
"9100 BLOCK BALL RD, RIGHTS OF MAN FARM",39.353653980249,-77.342148082259,Match
9100 BLOCK BEALLS FARM RD,39.333870222408,-77.358725959617,Match
9100 BLOCK BELVEDERE DR,39.345682432198,-77.346917991585,Match
"9100 BLOCK BENNETT CREEK BLVD, Apt/Unit:FS, FANNIE MAE FOUNDATION",,,No Match
"9100 BLOCK BENNETT CREEK BLVD, FANNIE MAE FOUNDATION",,,No Match
9100 BLOCK BLOOMFIELD RD,39.481589372883,-77.417225056489,Match
9100 BLOCK BRIEN PL,39.327133169728,-77.352057944626,Match
"9100 BLOCK CATOCTIN MOUNTAIN HWY, CRUMLAND FARMS - 9100 BLOCK CATOCTIN MOUNTAIN HWY",39.468988858731,-77.402037854099,Match
"9100 BLOCK FINGERBOARD RD, ROYAL FARMS",39.326076990311,-77.348038529549,Match
"9100 BLOCK FINGERBOARD RD, ROYAL FARMS - URBANA",39.326076990311,-77.348038529549,Match
"9100 BLOCK FROSTOWN RD, LUCY SCHOOL",39.48298741708,-77.591406775623,Match
9100 BLOCK GAS HOUSE PIKE,,,No Match
9100 BLOCK HENDRY TER,39.329837232932,-77.351203476159,Match
9100 BLOCK KENWAY LN,39.328022281994,-77.3513298265,Match
9100 BLOCK LIBERTY KNOLLS CT,39.482910235794,-77.230343888469,Match
9100 BLOCK LIBERTY RD,,,No Match
9100 BLOCK LIBERTY VILLAGE WAY,39.482637134644,-77.233603952668,Match
9100 BLOCK LONGS MILL RD,39.582459044301,-77.351394338948,Match
9100 BLOCK MYERSVILLE RD,39.482949731298,-77.546522411192,Match
9100 BLOCK OAK TREE CT,39.483064074816,-77.26109111944,Match
9100 BLOCK REICHS FORD RD,39.375318714157,-77.350935517882,Match
"9100 BLOCK REICHS FORD RD, ANIMAL INN OF FREDERICK",39.375318714157,-77.350935517882,Match
9100 BLOCK ROCKY RIDGE RD,39.612914790336,-77.353014731234,Match
"9100 BLOCK SCIENCE CT, MSMU - COAD SCIENCE CENTER",,,No Match
"9100 BLOCK STAUFFER RD, AUBURN FARMS",39.46600707724,-77.350086218668,Match
9100 BLOCK VANGUARD LN,,,No Match
"9100 BLOCK VANGUARD LN, Apt/Unit:107",,,No Match
"9100 BLOCK VANGUARD LN, URBAN GREEN APARTMENTS",,,No Match
"9100 BLOCK VANGUARD LOOP, URBAN GREEN APARTMENTS - 9100 BLOCK VANGUARD LOOP",,,No Match
9100 BLOCK WAYNESBORO RD,39.719889585148,-77.350475987749,Match
9100 BLOCK WHITMORE LN,39.341413165712,-77.347288924863,Match
9200 BLOCK ANGELICA LN,,,No Match
9200 BLOCK BALTIMORE NATIONAL PIKE,,,No Match
9200 BLOCK BALTIMORE NATIONAL PIKE PIKE,,,No Match
9200 BLOCK BEALLS FARM RD,39.338909551676,-77.359373263951,Match
9200 BLOCK BESSIE CLEMSON RD,39.484945446937,-77.202669931282,Match
9200 BLOCK BLUE SAGE CT,,,No Match
9200 BLOCK CHARTERHOUSE RD,39.341374680641,-77.34317520987,Match
"9200 BLOCK CHURCH ST, SAINT PETERS CHURCH SULLIVAN HALL",,,No Match
9200 BLOCK DEVILBISS BRIDGE RD,,,No Match
"9200 BLOCK DEVILBISS BRIDGE RD, HERITAGE FARM PARK",,,No Match
"9200 BLOCK FINGERBOARD RD, DRIVEWAY THAT LEADS INTO SHEETZ",,,No Match
9200 BLOCK FROSTOWN RD,39.486166559634,-77.596151811357,Match
9200 BLOCK GRAVEL HILL RD,39.533447730359,-77.347546712686,Match
"9200 BLOCK GUE RD, Bypassed to: STATION 25,3939 GREEN VALLEY RD,IJAMSVILLE",39.302380163965,-77.19001702356,Match
9200 BLOCK HARMONY RD,39.482353135296,-77.534873139844,Match
9200 BLOCK HOLLOW RD,39.485662006631,-77.524675214091,Match
9200 BLOCK HOLSEY RD,39.310731547353,-77.18588466016,Match
9200 BLOCK KLAMATH CT,,,No Match
9200 BLOCK LANDON HOUSE WAY,39.328270747456,-77.348666459502,Match
9200 BLOCK LIBERTY RD,,,No Match
9200 BLOCK MYERSVILLE RD,39.482177298902,-77.554960748531,Match
"9200 BLOCK MYERSVILLE RD, PH2",39.482177298902,-77.554960748531,Match
9200 BLOCK OPOSSUMTOWN CT,39.485577868,-77.432177331035,Match
9200 BLOCK RIDGEFIELD CIR,39.401161949804,-77.345129874287,Match
"9200 BLOCK SHAFERS MILL DR, SHAFERS MILL VILLAGE FITNESS CENTER",39.341412614708,-77.34331993009,Match
9200 BLOCK SLATE QUARRY RD,,,No Match
9200 BLOCK WILLAMETTE PL,39.324526700813,-77.345607425975,Match
"9200 BLOCK WOODSBORO PIKE, RUTTERS",39.485897858594,-77.342041497836,Match
"9200 BLOCK WOODSBORO PIKE, RUTTERS - WALKERSVILLE",39.485897858594,-77.342041497836,Match
9200 BLOCKB REICHS FORD RD,,,No Match
9200 BLOCKC LIBERTY RD,,,No Match
9300 BLOCK BALTIMORE RD,39.395680319068,-77.341600803389,Match
9300 BLOCK BETHEL RD,,,No Match
9300 BLOCK BISHOPGATE DR,39.344227919872,-77.340669995276,Match
9300 BLOCK CHICORY CT,,,No Match
9300 BLOCK DEVILBISS BRIDGE RD,39.495481352884,-77.339067971724,Match
9300 BLOCK DUBLIN RD,39.489913423733,-77.37402791235,Match
9300 BLOCK ELGIN LN,39.333806744735,-77.34242397443,Match
9300 BLOCK FINGERBOARD RD,,,No Match
9300 BLOCK FLINT CIR,39.4893265653,-77.457924139303,Match
9300 BLOCK GAMBRILL PARK RD,39.488254035093,-77.500411193227,Match
9300 BLOCK GARIS SHOP RD,39.570486413541,-77.709101751735,Match
9300 BLOCK GEISBERT RD,39.548831294576,-77.351872748303,Match
9300 BLOCK GRANITE CIR,39.488900272317,-77.456881881943,Match
"9300 BLOCK GRAVEL HILL RD, Bldg:B, WOODSBORO VET",39.533686313823,-77.345783267951,Match
"9300 BLOCK HARMONY RD, IAO",39.488773223677,-77.534326397048,Match
9300 BLOCK HILLSBOROUGH DR,39.412652183723,-77.344413944337,Match
9300 BLOCK HOLSEY RD,39.309826385822,-77.188632946398,Match
9300 BLOCK LIBERTY RD,,,No Match
9300 BLOCK OPOSSUMTOWN PIKE,39.485888147259,-77.428714759001,Match
9300 BLOCK PENROSE ST,39.337353839373,-77.339824156999,Match
9300 BLOCK SORREL LN,,,No Match
9300 BLOCK WHITE ROCK AVE,39.488986627567,-77.45544642809,Match
9300 BLOCK WOODSBORO RD,39.487114314719,-77.339671212898,Match
"9400 BLOCK BALTIMORE NATIONAL PIKE, PALMER ANIMAL HOSPITAL",39.277831942259,-76.835690659889,Match
9400 BLOCK BERKLEY LN,39.402232600081,-77.337176696208,Match
9400 BLOCK BETHEL RD,,,No Match
9400 BLOCK BOULDER RD,39.491822606624,-77.454776539642,Match
9400 BLOCK CARRIAGE HILL ST,39.338749065428,-77.338418954295,Match
"9400 BLOCK DUBLIN RD, Bldg:A",39.490673627056,-77.374457670802,Match
9400 BLOCK DUNRAVEN ST,39.338181809365,-77.339216904989,Match
9400 BLOCK ERNEST DR,39.38899423859,-77.339142836686,Match
"9400 BLOCK FROSTOWN RD, IAO",39.492314970554,-77.599858818968,Match
"9400 BLOCK GAMBRILL PARK RD, GAMBRILL RADIO TOWER",39.490299109412,-77.500559813357,Match
9400 BLOCK HAMBURG RD,,,No Match
9400 BLOCK HARMONY RD,39.490450121646,-77.532897418697,Match
9400 BLOCK HAWBOTTOM RD,39.490289289002,-77.507589672234,Match
9400 BLOCK HOLLOW RD,39.490625931899,-77.527553845198,Match
9400 BLOCK KINNERTON PL,39.335737618453,-77.337152599019,Match
"9400 BLOCK KINNERTON PL, IN THE SMALL PARK",39.335737618453,-77.337152599019,Match
9400 BLOCK LIBERTY RD,,,No Match
9400 BLOCK LONGS MILL RD,39.585485367408,-77.338558264353,Match
"9400 BLOCK MYERSVILLE RD, ALBAN TRACTOR",39.490774118718,-77.568127103818,Match
9400 BLOCK PROSPECT HILL PL,39.338810792573,-77.34020078454,Match
9400 BLOCK REICHS FORD RD,39.370453766643,-77.338646200424,Match
9400 BLOCK WAYNESBORO RD,39.711516404947,-77.339857835512,Match
"9400 BLOCK WAYNESBORO RD, EMMITSBURG VETERINARY HOSPITAL",39.711516404947,-77.339857835512,Match
"9400 BLOCKB WAYNESBORO RD, EMMITSBURG VET",,,No Match
9500 BLOCK BELLHAVEN CT,39.404567353739,-77.334378813378,Match
9500 BLOCK BRIDGEWATER CT E,39.406196734932,-77.333916248485,Match
9500 BLOCK BRIGADOON LN,39.341659431584,-77.335695295463,Match
"9500 BLOCK CATOCTIN MOUNTAIN HWY, RESTHAVEN MEMORIAL GARDENS",,,No Match
"9500 BLOCK DOCTOR PERRY RD, P B DYE GOLF COURSE",,,No Match
9500 BLOCK FINGERBOARD RD,39.331563789732,-77.337402512283,Match
"9500 BLOCK GAMBRILL PARK RD, PAST THE OVERLOOK",39.492236618431,-77.500645237134,Match
9500 BLOCK GLADE AVE,39.499218069907,-77.352208756412,Match
"9500 BLOCK GLADE RD, GLADE ELEMENTARY SCHOOL",39.499218069907,-77.352208756412,Match
9500 BLOCK HARMONY RD,39.492063652262,-77.531415543753,Match
9500 BLOCK HYDE PL,39.334252951249,-77.336463966654,Match
"9500 BLOCK HYDE PL, Apt/Unit:1, OLD MILL CONDOS",39.334252951249,-77.336463966654,Match
9500 BLOCK KEYS CHAPEL RD,39.496106796241,-77.193847885298,Match
9500 BLOCK KINGSTON PL,39.451635330672,-77.388338957569,Match
9500 BLOCK KNIGHTS WALK LN,,,No Match
9500 BLOCK LIBERTY RD,,,No Match
9500 BLOCK MCKINSTRY MILL RD,39.4964237057,-77.16301597403,Match
"9500 BLOCK OLD NATIONAL PIKE, TREE TREKKERS",,,No Match
9500 BLOCK OPOSSUMTOWN PIKE,39.491314762744,-77.431419177542,Match
9500 BLOCK ROCKY RIDGE RD,39.610552970521,-77.335708299509,Match
9500 BLOCK WARD PL,39.333382888163,-77.341109843589,Match
9600 BLOCK APPOLDS RD,39.624585798666,-77.332751305247,Match
9600 BLOCK ATTERBURY LN,39.344203891844,-77.332080206932,Match
9600 BLOCK BALTIMORE NATIONAL PIKE,39.496745471577,-77.5414421541,Match
"9600 BLOCK BALTIMORE RD, AMVETS FARM",39.394884475536,-77.337162586814,Match
9600 BLOCK BOTHWELL LN,39.343611970829,-77.331213989569,Match
9600 BLOCK BRIGADOON PL,39.34261502094,-77.33564820025,Match
"9600 BLOCK DOCTOR PERRY RD, Apt/Unit:105, SUGARLOAF BUSINESS CENTER",39.296796949963,-77.333635638376,Match
"9600 BLOCK DOCTOR PERRY RD, Apt/Unit:109, SUGARLOAF BUSINESS CENTER",39.296796949963,-77.333635638376,Match
"9600 BLOCK DOCTOR PERRY RD, SUGARLOAF BUSINESS CENTER",39.296796949963,-77.333635638376,Match
9600 BLOCK DUBLIN RD,39.497905190395,-77.371646023187,Match
9600 BLOCK ETHAN RIDGE DR,39.3440984319,-77.330861998371,Match
9600 BLOCK FINGERBOARD RD,39.334408574716,-77.332933186941,Match
9600 BLOCK FLEETWOOD CT,39.406870476703,-77.335005449125,Match
"9600 BLOCK FROSTOWN RD, SKYCROFT CONFERENCE CENTER",39.494701551952,-77.608367259749,Match
"9600 BLOCK GAS HOUSE PIKE, ACROSS THE STREET",39.432919836075,-77.332905723909,Match
9600 BLOCK GREENEL RD,39.261727283728,-77.195569302122,Match
9600 BLOCK HAMBURG RD,,,No Match
9600 BLOCK HARMONY RD,39.496831184952,-77.528794727945,Match
"9600 BLOCK LIBERTY RD, GUTTERS FOR LESS",,,No Match
"9600 BLOCK MAIN ST VICTORY HAVEN SENIOR APTS, VICTORY HAVEN SENIOR APTS",,,No Match
"9600 BLOCK MYERSVILLE RD, MCDONALDS - MYERSVILLE",39.494063533202,-77.568365131627,Match
"9600 BLOCK MYERSVILLE RD, MCDONALDS MYERSVILLE",39.494063533202,-77.568365131627,Match
"9600 BLOCK MYERSVILLE RD, MYERSVILLE SUNOCO",39.494063533202,-77.568365131627,Match
9600 BLOCK OPOSSUMTOWN PIKE,39.492913412993,-77.436572930612,Match
"9600 BLOCK OPOSSUMTOWN PIKE, BETHEL LUTHERAN CHURCH",39.492913412993,-77.436572930612,Match
"9600 BLOCK OPOSSUMTOWN PIKE, IAO",39.492913412993,-77.436572930612,Match
9600 BLOCK ROYAL CREST CIR,39.340242943847,-77.33398582871,Match
9600 BLOCK STEINER SMITH RD,39.551113115294,-77.334002088793,Match
9600 BLOCK WOODLAND RD,39.419697133142,-77.333636969377,Match
9600 BLOCK WOODSBORO PIKE,39.495692611286,-77.330005188306,Match
"9600 BLOCK WOODSBORO RD, PH2",39.494164853759,-77.255404881858,Match
9700 BLOCK BALTIMORE NATIONAL PIKE,39.497871183135,-77.542603032438,Match
9700 BLOCK BALTIMORE NATIONAL PIKE PIKE,,,No Match
9700 BLOCK BLANDWOOD WAY,,,No Match
9700 BLOCK BRADEN CT,39.431120080996,-77.326242728067,Match
9700 BLOCK BRAIDWOOD TER,39.341176671458,-77.326875878811,Match
9700 BLOCK FLEETWOOD WAY,39.407368419446,-77.334461735515,Match
9700 BLOCK GAS HOUSE PIKE,39.432496021243,-77.328084577939,Match
9700 BLOCK HALL RD,,,No Match
9700 BLOCK KEYSVILLE RD,39.687499031197,-77.329518270368,Match
"9700 BLOCK KEYSVILLE RD, MOUNTAIN MANOR REHAB",39.687499031197,-77.329518270368,Match
"9700 BLOCK KEYSVILLE RD, POTOMAC HEALTH CARE",39.687499031197,-77.329518270368,Match
9700 BLOCK LIBERTY RD,39.45406734212,-77.326660791176,Match
"9700 BLOCK LIBERTY RD, BARNES STORE",39.45406734212,-77.326660791176,Match
"9700 BLOCK MAIN ST LIBRARY DAMASCUS, LIBRARY DAMASCUS",,,No Match
9700 BLOCK MOUNT TABOR RD,39.501022448999,-77.583970264975,Match
9700 BLOCK ORMONDS TER,39.382375307252,-77.332127192133,Match
9700 BLOCK REICHS FORD RD,39.361990428178,-77.32669947956,Match
9700 BLOCK ROYAL CREST CIR,39.342387590546,-77.333404858659,Match
9700 BLOCK WYNDHAM DR,39.34286385805,-77.329104548401,Match
"9700 BLOCKBLK GAMBRILL PARK RD, Apt/Unit:HTTPS://A91.IO/00KXT",,,No Match
9800 BLOCK BIG WOODS CT,39.324926495706,-77.322415786274,Match
9800 BLOCK CLEMSONVILLE RD,,,No Match
9800 BLOCK CROSSFIELD RD,39.590523109795,-77.675466815027,Match
9800 BLOCK GAMBRILL PARK RD,39.502187272153,-77.499884326653,Match
9800 BLOCK GREEN VALLEY RD,,,No Match
9800 BLOCK HAMBURG RD,,,No Match
9800 BLOCK HANSONVILLE RD,39.501955376731,-77.403748356553,Match
9800 BLOCK KEYSVILLE RD,39.68593812572,-77.325936124934,Match
9800 BLOCK MAIN ST,,,No Match
"9800 BLOCK MAIN ST DOLLAR TREE MAIN ST, DOLLAR TREE MAIN ST",,,No Match
"9800 BLOCK MAIN ST SAFEWAY MAIN ST, SAFEWAY MAIN ST",,,No Match
"9800 BLOCK MAIN ST, SAFEWAY",,,No Match
9800 BLOCK MCKINSTRY MILL RD,39.501750329551,-77.162644425277,Match
9800 BLOCK NOTTING HILL DR,39.343695866685,-77.32681872314,Match
9800 BLOCK OLD FREDERICK RD,,,No Match
"9800 BLOCK OLD NATIONAL PIKE, MONOCACY VALLEY CHURCH",,,No Match
9800 BLOCK PARSONAGE LN,39.502649946513,-77.14302450694,Match
9800 BLOCK PEBBLE BEACH CT,39.38284760638,-77.317124798125,Match
9800 BLOCK ROCKY RIDGE RD,39.605653526743,-77.323355649328,Match
9800 BLOCK WOODSBORO PIKE,39.501515557167,-77.268888516203,Match
9800 BLOCKA LIBERTY RD,,,No Match
9900 BLOCK ARAPAHOE RD,39.420942896658,-77.321007625002,Match
9900 BLOCK CANVASBACK WAY,39.277132342186,-77.204615989941,Match
9900 BLOCK CRYSTAL FALLS DR,39.585978351848,-77.608679043857,Match
9900 BLOCK DOCTOR PERRY RD,39.305691689467,-77.331565162016,Match
9900 BLOCK DUBLIN RD,39.50486287722,-77.367493603816,Match
9900 BLOCK GAS HOUSE PIKE,39.431897644132,-77.321921816912,Match
9900 BLOCK GRAVEL HILL RD,39.536177305954,-77.322708986435,Match
"9900 BLOCK GREEN VALLEY RD, CELEBRATION FARM",39.506604387033,-77.240299636687,Match
9900 BLOCK HARMONY RD,39.504820635428,-77.530306138892,Match
9900 BLOCK KELLY RD,39.453344605377,-77.321771039227,Match
9900 BLOCK KEYSVILLE RD,39.683624561795,-77.321390296545,Match
"9900 BLOCK LEWIS DR CVS PHARMACY LEWIS DR, CVS PHARMACY LEWIS DR",,,No Match
9900 BLOCK LIBERTY RD,,,No Match
9900 BLOCK MCKINSTRY MILL RD,39.506304971791,-77.16177028049,Match
9900 BLOCK OLD FREDERICK RD,,,No Match
9900 BLOCK PINE TREE RD,39.504875597526,-77.271737226221,Match
9900 BLOCK PUTMAN RD,39.505595938613,-77.444400371878,Match
9900 BLOCK RITCHIE DR,39.38800069807,-77.312285786339,Match
9900 BLOCK WENTWORTH PL,39.381496950113,-77.323759391,Match
9900 BLOCKC PINE TREE RD,,,No Match
ACROPOLIS WAY / MANSION DR,39.40461112839,-77.441244547487,Match
ADAMS WAY / COLONY DR,,,No Match
ADAMSTOWN COMMONS DR / JOHN MILLS RD,39.304954149698,-77.479791541821,Match
ADAMSTOWN RD / BUCKEYSTOWN PIKE,,,No Match
ADAMSTOWN RD / NEW DESIGN RD,39.312649147429,-77.460581047316,Match
ADVENTURE CENTER LN / JEFFERSON PIKE,39.319867155671,-77.712022968582,Match
"ALBAUGH RD / UNIONVILLE RD, SECOND WIND FARM",,,No Match
AMERICAN HOLLY DR / STRIPED MAPLE ST,,,No Match
AMOS REEDER RD / RENO MONUMENT RD,,,No Match
ANGLEBERGER RD / PUTMAN RD,,,No Match
ANNANDALE RD / OLD EMMITSBURG RD,,,No Match
"ANNAPOLIS ROCK - APPALACHIAN TRAIL, ANNAPOLIS ROCK - APPALACHIAN TRAIL",,,No Match
"APPALACHIAN TRAIL DAHLGREN CAMP, DAHLGREN CAMP APPALACHIAN TRAIL",,,No Match
APPALACHIAN TRAIL VIEWPOINT AT WILDLIFE WAY,,,No Match
APPLE AVE / W SEVENTH ST,39.428542122797,-77.419433052759,Match
APPLES CHURCH RD / MUD COLLEGE RD,39.643066078063,-77.361779056978,Match
APPLES CHURCH RD / OWENS CREEK XING,,,No Match
APPOLDS RD / MOTTERS STATION RD,39.627307079636,-77.321765070496,Match
APPOLDS RD / OLD FREDERICK RD,39.618361195448,-77.350153596236,Match
APPROX LOC:10085 ROCKY RIDGE RD,,,No Match
APPROX LOC:10900 NEW MARKET CT,,,No Match
APPROX LOC:12403 LEE HILL DR,,,No Match
APPROX LOC:136 BAUGHMANS LN,,,No Match
APPROX LOC:15-340E FROM RT351 OFF RAMP TO I70WB ON RAMP HWY,,,No Match
"APPROX LOC:15-340W FROM S JEFF ST TO JEFF PIKE OVRPASS HWY, PH2",,,No Match
APPROX LOC:15021 RODDY RD,,,No Match
APPROX LOC:15N BTWN 7TH ST ON RAMP & MOTTER AVE BRDGE HWY,,,No Match
APPROX LOC:15S BTWN LIBERTY RD ON RAMP & OP PIKE BRDGE HWY,,,No Match
APPROX LOC:15S BTWN OP PIKE ON RAMP & 7TH ST OFF RAMP HWY,,,No Match
APPROX LOC:15S BTWN RAMP FROM RT 40 TO RAMP FROM JEFFERSON ST HWY,,,No Match
APPROX LOC:15S BTWN RT 40 ON RAMP & RT 15-340W OFF RAMP HWY,,,No Match
APPROX LOC:198 SHOREBIRD ST,,,No Match
APPROX LOC:259 N MARKET ST,,,No Match
APPROX LOC:270N BTWN BAKER VALLEY RD OVRPSS & XOVR HWY,,,No Match
APPROX LOC:270N BTWN BENNETT CRK OVRPSS & CROSSOVR HWY,,,No Match
APPROX LOC:270N BTWN RT 80 ON RAMP & XOVR HWY,,,No Match
APPROX LOC:270N BTWN XOVR & DR PERRY RD OVRPSS HWY,,,No Match
APPROX LOC:270S BTWN BAKER VALLEY RD BRDG & PARK MILLS RD BRG HWY,,,No Match
"APPROX LOC:270S BTWN DR PERRY RD OVRPSS & XOVR HWY, Apt/Unit:HTTPS://A91.IO/60IEV",,,No Match
APPROX LOC:270S BTWN NEW DESIGN RD BRDGE & RT 85S OFF RAMP HWY,,,No Match
APPROX LOC:270S BTWN PARK MILLS RD BRDGE & XOVR HWY,,,No Match
APPROX LOC:270S BTWN RT 80 ON RAMP & CROSSOVER HWY,,,No Match
APPROX LOC:3304 URBANA PIKE,,,No Match
APPROX LOC:340E FROM CATH CH RD TO RAMP TO 180 (JEFF) PIKE,,,No Match
APPROX LOC:3695 KEMPTOWN CHURCH RD,,,No Match
APPROX LOC:512 W SOUTH ST,,,No Match
"APPROX LOC:55 MILE MARKER FRA, 55 MILE MARKER FRA",,,No Match
APPROX LOC:5750 BOX ELDER CT,,,No Match
APPROX LOC:5977 DICKERSON RD,,,No Match
APPROX LOC:6264 LINGANORE RD,,,No Match
APPROX LOC:6833 BURKITTSVILLE RD,,,No Match
APPROX LOC:70E BTWN CAT CREEK AND HARMONY RD HWY,,,No Match
APPROX LOC:70E BTWN HOLLOW RD & RIDGE RD HWY,,,No Match
APPROX LOC:70E BTWN QUINN RD BRDGE & RT 144 OFF RMP NEW MARKT PIKE,,,No Match
APPROX LOC:70E BTWN XOVR & WEIGH STATION OFF RAMP PIKE,,,No Match
"APPROX LOC:70W @ RT40 HWY, I70WB / RT40A",,,No Match
APPROX LOC:8203 BALTIMORE NATIONAL PIKE PIKE,,,No Match
APPROX LOC:8978 HAWBOTTOM RD,,,No Match
"APPROX LOC:9299 DUBLIN RD, APPROX LOCATION",,,No Match
"APPROX LOC:9598 REICHS FORD RD, Apt/Unit:HTTPS://A91.IO/24ULG",,,No Match
APPROX LOC:AMBER DR,,,No Match
APPROX LOC:NEW DESIGN RD,,,No Match
APPROX LOC:RAMP MONOCACY BLVD TO I70WB RAMP,,,No Match
APPROX LOC:RAMP MT ZION RD TO RT15-340EB RAMP,,,No Match
APPROX LOC:RAMP RT85 TO I70EB RAMP,,,No Match
APPROX LOC:SOUTH BEACH CIR,,,No Match
APPROX LOC:SUGARLOAF BLUE TRAIL,,,No Match
APPROX LOC:W PATRICK ST,,,No Match
ARABY CHURCH RD / BAKER VALLEY RD,,,No Match
ARABY CHURCH RD / URBANA PIKE,39.366145134005,-77.388180566479,Match
ARCADIA DR / MCKINNEY CIR,,,No Match
"ARLINGTON MILL RD / RT75, ARLINGTON MILL RD / RT75",,,No Match
ARTIE KEMP RD / GREEN VALLEY RD,39.45661311064,-77.247717604546,Match
AUTUMN LEAF LN / HAYWARD RD,,,No Match
AYNSLEY CT / ROCKY SPRINGS RD,39.464740117209,-77.461013037477,Match
BAKER PL E / KEY PKWY,,,No Match
BAKER RD / CREGGER RD,39.564973090535,-77.284244086222,Match
"BALD EAGLE CAMPGROUND, BALD EAGLE CAMPGROUND",,,No Match
BALDWIN RD / GREEN VALLEY RD,,,No Match
BALL RD / BRUBAKER WAY,,,No Match
BALL RD / IJAMSVILLE RD,39.350710134535,-77.321702088186,Match
BALL RD / REELS MILL RD,,,No Match
BALL RD / TABLER RD,,,No Match
BALL RD / URBANA PIKE,39.362544936029,-77.386316621732,Match
BALLENGER CENTER CT / BALLENGER CENTER DR,39.395962129887,-77.435462049841,Match
"BALLENGER CENTER DR / BALLENGER CENTER CT, INFRONT OF TACO BELL",39.395962129887,-77.435462049841,Match
BALLENGER CENTER DR / BALLENGER CREEK PIKE,,,No Match
BALLENGER CREEK PIKE / 15-340E @ BALLENGER CRK PIKE HWY,,,No Match
BALLENGER CREEK PIKE / AGRO DR,39.338470143061,-77.480736539395,Match
BALLENGER CREEK PIKE / ALAN LINTON BLVD E,39.368998135724,-77.447841547701,Match
BALLENGER CREEK PIKE / ALAN LINTON BLVD W,39.368998135724,-77.447841547701,Match
BALLENGER CREEK PIKE / BALLENGER CENTER DR,,,No Match
"BALLENGER CREEK PIKE / BALLENGER CENTER DR, IFO ROY ROGERS",,,No Match
BALLENGER CREEK PIKE / BALLENGER CREEK XING,,,No Match
BALLENGER CREEK PIKE / CORPORATE DR,,,No Match
"BALLENGER CREEK PIKE / CORPORATE DR, Apt/Unit:HTTPS://A91.IO/SAL62",,,No Match
BALLENGER CREEK PIKE / CRESTWOOD BLVD,39.391912130836,-77.439215048929,Match
"BALLENGER CREEK PIKE / CRESTWOOD BLVD, BY THE WAWA",39.391912130836,-77.439215048929,Match
BALLENGER CREEK PIKE / DOUBS RD,39.312190148657,-77.490222538112,Match
BALLENGER CREEK PIKE / DOVER DR,39.34912614056,-77.470836541801,Match
BALLENGER CREEK PIKE / E BASFORD RD,,,No Match
BALLENGER CREEK PIKE / ENGLISH MUFFIN WAY,,,No Match
BALLENGER CREEK PIKE / FARMBROOK DR,,,No Match
BALLENGER CREEK PIKE / HANNOVER DR,,,No Match
BALLENGER CREEK PIKE / HURDLE HILL CT,39.356821138909,-77.467709042285,Match
BALLENGER CREEK PIKE / JEFFERSON PIKE,,,No Match
BALLENGER CREEK PIKE / LAMBERT DR,39.371626135111,-77.445470048273,Match
"BALLENGER CREEK PIKE / MERCANTILE DR E, URBAN AIR TRAMPOLINE AND ADVENTURE PARK - BALLENGER CREEK PLAZA",39.394504943978,-77.438138279237,Match
BALLENGER CREEK PIKE / MOUNTVILLE RD,39.321172146798,-77.488391038111,Match
BALLENGER CREEK PIKE / OLD BALLENGER CREEK CT,,,No Match
BALLENGER CREEK PIKE / RAMP RT351 TO I70EB RAMP,,,No Match
BALLENGER CREEK PIKE / SOLAREX CT,,,No Match
"BALLENGER CREEK PIKE / WINDVIEW WAY, IAO",39.394063130367,-77.43813054913,Match
BALLENGER RUN BLVD / BALLENGER CREEK PIKE,,,No Match
BALTIMORE NATIONAL PIKE PIKE / BLENTLINGER RD,,,No Match
BALTIMORE NATIONAL PIKE PIKE / BOWERS RD,39.425599125457,-77.473424036114,Match
BALTIMORE NATIONAL PIKE PIKE / CHURCH HILL RD,39.514402111424,-77.566200501487,Match
BALTIMORE NATIONAL PIKE PIKE / EASTERDAY RD,39.522988110246,-77.579695996725,Match
"BALTIMORE NATIONAL PIKE PIKE / EASTERDAY RD, RT40 / EASTERDAY RD",39.522988110246,-77.579695996725,Match
BALTIMORE NATIONAL PIKE PIKE / GAMBRILL PARK RD,39.446105622245,-77.495748527842,Match
BALTIMORE NATIONAL PIKE PIKE / HARMONY RD,39.489409115115,-77.533589013264,Match
BALTIMORE NATIONAL PIKE PIKE / HAWBOTTOM RD,39.473542117619,-77.516957019469,Match
BALTIMORE NATIONAL PIKE PIKE / HOLLOW RD,39.478717116804,-77.522424517432,Match
"BALTIMORE NATIONAL PIKE PIKE / HOLLOW RD, Apt/Unit:HTTPS://A91.IO/HOC03",39.478717116804,-77.522424517432,Match
BALTIMORE NATIONAL PIKE PIKE / KEHNE RD,39.426719625585,-77.482527533204,Match
BALTIMORE NATIONAL PIKE PIKE / PLEASANT WALK RD,39.533059108852,-77.595193991243,Match
BALTIMORE NATIONAL PIKE PIKE / W PATRICK ST,39.424726125543,-77.471140286882,Match
BALTIMORE PK / HOFFMAN HOME RD,39.227356133436,-76.638359309276,Match
BALTIMORE RD / BELLS LN,39.395629126359,-77.341682079104,Match
BARLOW-GREENMOUNT RD / RIDGE RD,39.764773049842,-77.253266083031,Match
BARTGIS RD / SUNDAYS LN,39.493864109645,-77.414633800076,Match
BARTHOLOWS RD / BILL MOXLEY RD,,,No Match
BARTHOLOWS RD / MOLESWORTH ENTRANCE,39.352015130675,-77.227292117551,Match
BARTHOLOWS RD / OLD NATIONAL PIKE,,,No Match
BARTHOLOWS RD / WEST OAK DR,39.358828129249,-77.225496617681,Match
BARTONSVILLE RD / HILDEBRAND RD,39.393694127466,-77.360550573342,Match
BARTONSVILLE RD / MAINS LN,39.390616127651,-77.34938607702,Match
BASFORD RD / MOUNTVILLE RD,39.339199144039,-77.509986530237,Match
BAUGHER RD / AUBURN RD,39.56909509545,-77.433135539468,Match
BAUGHMANS LN / KEY PKWY,39.420109125162,-77.437370047705,Match
"BAUGHMANS LN / ROCK CREEK DR, IN AREA OF",39.424195124324,-77.436695047654,Match
BAUGHMANS LN / ROSEMONT AVE,,,No Match
BAUGHMANS LN / SHOOKSTOWN RD,39.426202123913,-77.436389047622,Match
BAUGHMANS LN / W PATRICK ST,39.416266125965,-77.438405047628,Match
BEALLS FARM RD / SPRIGG ST N,39.333475139305,-77.356707578364,Match
BEL AIRE LN / ATLAS DR,,,No Match
BEL AIRE LN / PARK RIDGE DR,39.425747624283,-77.443661045383,Match
BELLS LN / BALTIMORE RD,39.395629126359,-77.341682079104,Match
BELLS LN / BARTONSVILLE RD,39.389869127572,-77.343455078917,Match
BENNETT CREEK BLVD / URBANA TER,39.322436641224,-77.349383831346,Match
BENTSTALK DR / WINDSWEPT WAY,,,No Match
BERLIN TPKE / BOLINGTON RD,,,No Match
BERLIN TPKE / EAGLE ROCK LN,,,No Match
BERLIN TPKE / TOLLHOUSE RD,,,No Match
BESSIE CLEMSON RD / COPPERMINE RD,39.502009099857,-77.201543116077,Match
BESSIE CLEMSON RD / NEW WINDSOR RD,39.493018101697,-77.202960616206,Match
"BESSIE CLEMSON RD / NEW WINDSOR RD, NE CORNER",39.493018101697,-77.202960616206,Match
BETHEL RD / FOX RD,,,No Match
BETHEL RD / HARVEST DR,39.50822810756,-77.434440542976,Match
BETHEL RD / OPOSSUMTOWN PIKE,39.500812109296,-77.441352541296,Match
BETHEL RD / RUHLAND DR,39.509605107283,-77.434350542915,Match
BETHESDA CHURCH RD / BURNS CT,39.315718138807,-77.250863112489,Match
BIG WOODS RD / IJAMSVILLE RD,39.34243013616,-77.321081088904,Match
"BIG WOODS RD / RT355, BIG WOODS RD / RT355",,,No Match
BIG WOODS RD / URBANA PIKE,39.314710142044,-77.330517587716,Match
"BIGGS AVE / W SEVENTH ST, IAO",39.429370122661,-77.420180052473,Match
BIGGS FORD RD / FOUNTAIN ROCK RD,,,No Match
BIGGS FORD RD / KENNETH DR,39.483370109788,-77.364191066487,Match
"BIGGS FORD RD / W PENNSYLVANIA AVE, IAO 8803 BIGGS FORD RD",39.48532310909,-77.356086568891,Match
BILL MOXLEY RD / 70W BTWN BILL MOXLEY RD BRDGE & CROSSOVR PIKE,,,No Match
BILL MOXLEY RD / BARTHOLOWS RD,,,No Match
BILL MOXLEY RD / OLD NATIONAL PIKE,,,No Match
BLACK ANKLE RD / TALBOT RUN RD,,,No Match
BLACKS MILL RD / HESSONG BRIDGE RD,39.564802095562,-77.413988045721,Match
BLANDWOOD WAY / STARMOUNT CT,,,No Match
BLENTLINGER RD / W PATRICK ST,39.423664125695,-77.469617037425,Match
BLOOMFIELD RD / OPOSSUMTOWN PIKE,,,No Match
"BLOOMFIELD RD / SUNDAYS LN, IAO",,,No Match
BLOSSOM LN / WILLOW AVE,39.405799127571,-77.426066052143,Match
BOLIVAR RD / BOLIVAR CT,39.463111122734,-77.595801495566,Match
BOLIVAR RD / MARKER RD,39.452239124863,-77.59511299648,Match
"BOND ST / CARROLL WALK AVE, IAO",39.420631123186,-77.388608062877,Match
"BOONSBORO VOL FIRE CO, BOONSBORO VOL FIRE CO",,,No Match
BOTELER RD /RT67,,,No Match
"BOTTOM RD / FORDICE DR, SOMEWHERE ON BOTTOM RD",39.413332116831,-77.184398127061,Match
BOTTOMLEY RD / WILHIDE RD,,,No Match
BOWERS RD / BALTIMORE NATIONAL PIKE PIKE,39.425599125457,-77.473424036114,Match
BOWERS RD / ROCK CREEK DR,39.430765124236,-77.468339037369,Match
BOWMANS FARM RD / AIRPORT DR E,,,No Match
BOYERS MILL RD / FINN DR,39.405196122454,-77.289356094819,Match
"BOYERS MILL RD / NIGHTINGALE PL, PRIOR TO LAKE",,,No Match
BOYERS MILL RD / OLD NATIONAL PIKE,39.384730126418,-77.286498597009,Match
BOYERS MILL RD / PINEHURST DR,,,No Match
BOYLE RD / STULTZ RD,,,No Match
BRANDENBURG HOLLOW RD / FORREST SCHOOL RD,39.593431094792,-77.54060900436,Match
BRANDFORD LN / CORPORATE DR,,,No Match
BRANDFORD LN / WESTCOTT CIR,,,No Match
BRAVEHEART DR / LONGHOPE LN,,,No Match
BRAVEHEART WAY / BRAIDWOOD DR,39.341098136646,-77.326850087189,Match
BRETHREN CHURCH RD / BALTIMORE NATIONAL PIKE PIKE,39.49554711415,-77.540087010843,Match
BRINK RD / WIGHTMAN RD,39.201184159893,-77.203811134354,Match
BROAD RUN RD / BELLEMONTE CT,39.397015135826,-77.595162500012,Match
BROAD RUN RD / BURKITTSVILLE RD,,,No Match
BROAD RUN RD / CATHOLIC CHURCH RD,39.393703136575,-77.597538499484,Match
"BROAD ST / E MAIN ST, MIDDLETOWN WATER TOWER",39.442501124652,-77.539605514403,Match
BROADBAND DR / PROGRESS DR,,,No Match
BROOK VALLEY RD / MONOCACY FORD RD,39.463651114807,-77.392950558775,Match
BROOKLODGE LN / HOLTER RD,39.426841127281,-77.527176519281,Match
BROWN RD / GARFIELD RD,39.61444159056,-77.538559253638,Match
BRUNNER ALY / MAPLE AVE,,,No Match
BRUNSWICK ST / N DAYTON AVE,39.314656153614,-77.631900493845,Match
BRUNSWICK ST / N GEORGIA AVE,39.314836153619,-77.632930993513,Match
BUCHANAN DR / REVEILLE CT,39.480157111136,-77.382677060924,Match
BUCKEYSTOWN PIKE / 270N BTWN RT 85N OFF RAMP & RT 85N ON RAMP HWY,,,No Match
BUCKEYSTOWN PIKE / 270S BTWN RT 85S OFF RAMP & BUCKEYSTOWN PKE BRDGE HWY,,,No Match
BUCKEYSTOWN PIKE / ADAMSTOWN RD,,,No Match
BUCKEYSTOWN PIKE / CRESTWOOD BLVD,,,No Match
BUCKEYSTOWN PIKE / ENGLISH MUFFIN WAY,,,No Match
BUCKEYSTOWN PIKE / EXECUTIVE WAY,,,No Match
BUCKEYSTOWN PIKE / FINGERBOARD RD,,,No Match
BUCKEYSTOWN PIKE / FRANCIS SCOTT KEY DR,,,No Match
"BUCKEYSTOWN PIKE / FRANCIS SCOTT KEY DR, TRUIST - POINTE PLAZA",,,No Match
BUCKEYSTOWN PIKE / GREENFIELD RD,39.2820581536,-77.462579048635,Match
BUCKEYSTOWN PIKE / GROVE RD,39.390328130007,-77.409393558327,Match
"BUCKEYSTOWN PIKE / GROVE RD, FITZGERALD AUTO MALL",39.390328130007,-77.409393558327,Match
BUCKEYSTOWN PIKE / GUILFORD DR,39.394171129233,-77.409137058162,Match
"BUCKEYSTOWN PIKE / GUILFORD DR, PH2",39.394171129233,-77.409137058162,Match
"BUCKEYSTOWN PIKE / GUILFORD DR, RIGHT NEAR CHECKERS",39.394171129233,-77.409137058162,Match
BUCKEYSTOWN PIKE / LILY PONS RD,,,No Match
BUCKEYSTOWN PIKE / MANOR WOODS RD,,,No Match
BUCKEYSTOWN PIKE / MICHAELS MILL RD,39.332476142395,-77.432267054878,Match
"BUCKEYSTOWN PIKE / MICHAELS MILL RD, IFO DIBBS ANTIQUE STORE",39.332476142395,-77.432267054878,Match
BUCKEYSTOWN PIKE / PAPRIKA CT,39.325159144,-77.436132554138,Match
BUCKEYSTOWN PIKE / PEGASUS CT,,,No Match
BUCKEYSTOWN PIKE / RAILROAD XING,,,No Match
BUCKEYSTOWN PIKE / RAMP RT85 TO I270SB RAMP,,,No Match
BUCKEYSTOWN PIKE / S EAST ST,,,No Match
BUCKEYSTOWN PIKE / SHOCKLEY DR,,,No Match
BUCKEYSTOWN PIKE / SPECTRUM DR,39.386594634169,-77.409440755613,Match
BUCKEYSTOWN PIKE / TUSCARORA RD,39.26081815791,-77.464545549368,Match
BUCKEYSTOWN PIKE / URBANA PIKE,,,No Match
"BUCKEYSTOWN PIKE / URBANA PIKE, Bldg:`",,,No Match
BUFFALO RD / SUMMER SWEET LN,,,No Match
BULLFROG RD / PUMPING STATION,,,No Match
BURCK ST / AMBUSH ALY,,,No Match
BURCK ST / SCOTTYS BUS LN,,,No Match
BURKITTSVILLE RD / DUTCHMANS CREEK DR,,,No Match
BURKITTSVILLE RD / JEFFERSON PIKE,,,No Match
"BURKITTSVILLE RD / JEFFERSON PIKE, SHEETZ - BRUNSWICK",,,No Match
BURKITTSVILLE RD / LEES LN,,,No Match
BURKITTSVILLE RD / OLD MIDDLETOWN RD,,,No Match
BURKITTSVILLE RD / PETERSVILLE RD,,,No Match
BURKITTSVILLE RD / PICNIC WOODS RD,39.402019135332,-77.608099995662,Match
BURKITTSVILLE RD / VOLUNTEER DR,39.33257515012,-77.633709492137,Match
BURNS ISLAND / POTOMAC RIVER,,,No Match
BUSSARD RD / HOLTER RD,39.416851129034,-77.521205021782,Match
BUTTERFLY LN / CONTENDER WAY,,,No Match
BUTTERFLY LN / MOUNT PHILLIP RD,39.413800127684,-77.470391037814,Match
BUTTERFLY LN / S MCCAIN DR,39.409538627887,-77.453642043307,Match
"C&O CANAL / KNOXVILLE BRANCH, C&O CANAL / KNOXVILLE BRANCH",,,No Match
"C&O CANAL LOCK 32, C&O CANAL LOCK 32",,,No Match
"C&O CANAL LOCKHOUSE 33, C&O CANAL LOCKHOUSE 33",,,No Match
"C&O CANAL MONOCACY AQUADUCT, C&O CANAL MONOCACY AQUADUCT",,,No Match
CACAPON RD / QUAINT ACRES,,,No Match
CAMELLIA CT / SCHIFFERSTADT BLVD,,,No Match
CAMPUS DR / FINGERBOARD RD,39.329267639555,-77.341301833433,Match
"CAMPUS DR / FINGERBOARD RD, BY HIGH SCHOOL THE Y",39.329267639555,-77.341301833433,Match
CANAL RD / COMMERCE ST,,,No Match
"CANARY CT / CANARY DR, IAO - 3RD HOUSE FROM MOCKINGBIRD CT",39.326180637493,-77.271117605512,Match
CAP STINE RD / ELMER DERR RD,,,No Match
CARLTON PL / GREENWALL PL,39.412657126846,-77.442684546524,Match
CARRIAGE HILL DR / FINGERBOARD RD,39.333466138445,-77.334149085397,Match
"CARROLL CREEK / S CARROLL ST, CARROLL CREEK / S CARROLL ST",39.41398012524,-77.407710557344,Match
"CARROLL CREEK PARK AMPITHEATER, CARROLL CREEK PARK AMPITHEATER",,,No Match
CARROLL CREEK WAY / S MARKET ST,39.41327812551,-77.411112556328,Match
CARROLL PKWY / N BENTZ ST,39.414956625324,-77.414944305026,Match
CARROLLTON DR / CENTER ST,39.407599126922,-77.418492554389,Match
CASH SMITH RD / COPPERMINE RD,,,No Match
CATHOLIC CHURCH RD / BRENTLAND RD,,,No Match
CATOCTIN AVE / BIRMINGHAM DR,39.405952127357,-77.421282553624,Match
CATOCTIN AVE / BRADDOCK AVE,39.409201126887,-77.425863551989,Match
CATOCTIN AVE / CARROLLTON DR,,,No Match
"CATOCTIN AVE / CARROLLTON DR, IAO",,,No Match
CATOCTIN AVE / S JEFFERSON ST,39.409201126887,-77.425863551989,Match
CATOCTIN FURNACE RD / BLUE MOUNTAIN RD,39.602737088482,-77.425094039809,Match
CATOCTIN FURNACE RD / HILLSIDE AVE,,,No Match
CATOCTIN HOLLOW RD / CATOCTIN MOUNTAIN HWY,,,No Match
CATOCTIN HOLLOW RD / FOXVILLE RD,39.633310083517,-77.453025529112,Match
"CATOCTIN HOLLOW RD / FOXVILLE RD, CELL TOWER ROADS & TRAILS",39.633310083517,-77.453025529112,Match
CATOCTIN HOLLOW RD / MINK FARM RD,,,No Match
"CATOCTIN HOLLOW RD / MINK FARM RD, IN DIRECTION OF 15",,,No Match
"CATOCTIN HOLLOW RD / RT15, CATOCTIN HOLLOW RD / RT15",,,No Match
"CATOCTIN HOLLOW RD / RT77, CATOCTIN HOLLOW RD / RT77",,,No Match
CATOCTIN HOLLOW RD / WIGVILLE RD,,,No Match
CATOCTIN HOLLOW RD / WILLIAM HOUCK DR,,,No Match
"CATOCTIN MOUNTAIN HWY / BIGGS FORD RD, IAO",39.481824765121,-77.396313059584,Match
CENTER ST / CARROLLTON DR,39.407599126922,-77.418492554389,Match
CENTER ST / FIELDPOINTE BLVD,39.403108127954,-77.422110553547,Match
CENTER ST / MADISON ST,39.409264126555,-77.417547554577,Match
CENTER ST / PEARL ST,39.40441312765,-77.420945053828,Match
CENTER ST / W SOUTH ST,39.411046126166,-77.416634054749,Match
CHAPEL ALY / E FIFTH ST,39.420136123985,-77.406873557212,Match
CHAPEL ALY / E THIRD ST,39.417634124495,-77.407211057267,Match
CHARLES TOWN PIKE / BERLIN TPKE,,,No Match
CHARLES TOWN PIKE / GRUBSTAKE FARM LN,,,No Match
CHARLESTOWN PKE / CIDERMILL RD,,,No Match
CHARMIAN RD / FURNACE RD,39.741004062743,-77.465459018235,Match
"CHERRY LN / HOLTER RD, IAO",39.396745133113,-77.523405522383,Match
CHERRY LN / JEFFERSON BLVD,,,No Match
CHESTNUT GROVE RD / LIBERTY RD,39.466684109999,-77.283285592802,Match
CHESTNUT GROVE RD / OAK LEAF CT,39.449233113216,-77.27672909596,Match
CHESTNUT HILL RD / CONKLIN WAY,,,No Match
CHESTNUT HILL RD / GROVE SPRING LANE,,,No Match
CHICK LN / PETERSVILLE RD,39.332179149607,-77.618368996937,Match
CHICK RD / NOLANDS FERRY RD,39.246139161027,-77.469495548756,Match
"CHIMNEY ROCK - CATOCTIN MOUNTAIN PARK, CHIMNEY ROCK - CATOCTIN MOUNTAIN PARK",,,No Match
"CHIMNEY ROCK- CATOCTIN MOUNTAIN PARK, CHIMNEY ROCK- CATOCTIN MOUNTAIN PARK",,,No Match
"CHIPOTLE MEXICAN GRILL ROUTE 40, CHIPOTLE MEXICAN GRILL ROUTE 40",,,No Match
CHRISTOPHERS XING / JORDAN VALLEY WAY,,,No Match
CHRISTOPHERS XING / MIDSUMMER DR,,,No Match
CHRISTOPHERS XING / OPOSSUMTOWN PIKE,,,No Match
CHRISTOPHERS XING / THOMAS JOHNSON DR,,,No Match
CHRISTOPHERS XING / TIMBER GROVE RD,,,No Match
CHRISTOPHERS XING / WALTER MARTZ RD,,,No Match
CHRISTOPHERS XING / YELLOW SPRINGS RD,39.458620117608,-77.439836044473,Match
CLARKSBURG RD / FINGERBOARD RD,39.331864134448,-77.220920120811,Match
CLARKSBURG RD / LEWISDALE RD,39.286126145507,-77.271806107824,Match
CLARKSBURG RD / WOODVIEW DR,39.326485510719,-77.226129994525,Match
CLAY ST / RT15 @ CLAY ST HWY,,,No Match
CLEMSONVILLE RD / MARBLE QUARRY RD,,,No Match
CLEMSONVILLE RD / NEW WINDSOR RD,39.494278100526,-77.178836123662,Match
CLEMSONVILLE RD / UNIONVILLE RD,39.475189104604,-77.186324122536,Match
"COLLEGE AVE / ABRECHT PL, IAO",39.414462907696,-77.418123241913,Match
COLLEGE LN / JIM PHELAN WAY,,,No Match
COLUMBINE DR / GATEPOST LN,39.429883122359,-77.414964554067,Match
COLUMBUS AVE / CATOCTIN AVE,39.412621126223,-77.42628205164,Match
COMUS RD / BARLEY FIELD LN,39.249316156391,-77.364708581191,Match
COMUS RD / SUGARLOAF MOUNTAIN DR,39.251512157048,-77.393409572111,Match
"CONCORD DR / SECOND AVE, BRUNSWICK WATER TOWER",39.323377151338,-77.617855997659,Match
CONE BRANCH DR / E MAIN ST,38.460925256889,-75.753731631194,Match
CONE BRANCH DR / GRAY FOX CT,39.441574124503,-77.530974517152,Match
COOK BROTHERS RD / PRICES DISTILLERY RD,39.329245138146,-77.304273594979,Match
COOL RD / TRACT RD,39.715570062886,-77.339666059199,Match
COOLSPRING TER S / SPRING VALLEY DR,39.402955125295,-77.351960075432,Match
COPPERMINE RD / BESSIE CLEMSON RD,39.502009099857,-77.201543116077,Match
COPPERMINE RD / COPPER OAKS DR,,,No Match
COPPERMINE RD / FOUNTAIN SCHOOL RD,39.511135098342,-77.209310113069,Match
COPPERMINE RD / GREEN VALLEY RD,39.515635098535,-77.237696103916,Match
COPPERMINE RD / KEYS CHAPEL RD,39.496051100744,-77.193771618883,Match
"COPPERMINE RD / KEYS CHAPEL RD, IN AREA OF-- SAWMILL ON FIRE",39.496051100744,-77.193771618883,Match
COPPERMINE RD / WOODSBORO PIKE,,,No Match
CORNWELL MEADOW ST / CARRIAGE HILL DR,39.339469137335,-77.336387834319,Match
"CORPORATE DR / BALLENGER CREEK PIKE, ACROSS FROM THE PARK",,,No Match
CORPORATE DR / BENTLEY WAY,,,No Match
CORPORATE DR / BRANDFORD LN,,,No Match
"CORPORATE DR / CHILLINGHAM PL, ACROSS THE STREET",,,No Match
CORPORATE DR / NEW DESIGN RD,39.378772132772,-77.421575055265,Match
"CORPORATE DR / NEW DESIGN RD, IAO",39.378772132772,-77.421575055265,Match
"CORPORATE DR / NEW DESIGN RD, NEAR THE GIANT",39.378772132772,-77.421575055265,Match
CORPORATE DR / SAINT JAMES PL,,,No Match
CORUN RD / BROAD RUN RD,39.367348976789,-77.554417330237,Match
COXEY BROWN RD / HARMONY RD,,,No Match
COXEY BROWN RD / HAWBOTTOM RD,39.500776111783,-77.505644021246,Match
CREAGERSTOWN RD / GRACEHAM RD,39.584656090014,-77.372048057536,Match
CREAGERSTOWN RD / MONOCACY RIVER,,,No Match
CREAGERSTOWN RD / OLD FREDERICK RD,39.574324091758,-77.364213560647,Match
CRESTWOOD BLVD / BALLENGER CREEK PIKE,39.391912130836,-77.439215048929,Match
"CRESTWOOD BLVD / BALLENGER CREEK PIKE, IAO",39.391912130836,-77.439215048929,Match
CRESTWOOD BLVD / BUCKEYSTOWN PIKE,,,No Match
CRESTWOOD BLVD / BURNING BUSH DR,,,No Match
CRESTWOOD BLVD / CORPORATE CT,,,No Match
CRESTWOOD BLVD / EDENTON CT,39.391210130891,-77.437010049661,Match
"CRESTWOOD BLVD / FELLINGWOOD DR, BETWEEN FELLINGWOOD DR AND FARMBROOK DR",,,No Match
CRESTWOOD BLVD / FOXCROFT DR,,,No Match
CRESTWOOD BLVD / HANNOVER CT,,,No Match
CRESTWOOD BLVD / HOBBLE BUSH CT,,,No Match
"CRESTWOOD BLVD / HOBBLE BUSH CT, Apt/Unit:HTTPS://A91.IO/14BKP",,,No Match
CRESTWOOD BLVD / NEW DESIGN RD,39.390107630573,-77.423015054094,Match
CRESTWOOD BLVD / ROSEBAY CT,,,No Match
CRESTWOOD BLVD / SOCIETY CIR,,,No Match
CRESTWOOD BLVD / TAMARACK AVE,39.390562130586,-77.425697053229,Match
CRESTWOOD BLVD / WESTVIEW DR,39.377026132803,-77.413308557953,Match
CRESTWOOD BLVD / WHITWORTH TER,,,No Match
CRUM RD / ISRAEL CREEK XING,,,No Match
CRUM RD / STAUFFER RD,39.469510111411,-77.334761076556,Match
CRYSTAL FOUNTAIN RD / ANNANDALE RD,39.698695066716,-77.352563056261,Match
"CUNNINGHAM FALLS PARK RD / RT15, CUNNINGHAM FALLS PARK RD / RT15",,,No Match
CYPRESS CT / CIMARRON CT,39.361078136273,-77.421062056551,Match
"DAHLGREN CAMP APPALACHIAN TRAIL, DAHLGREN CAMP APPALACHIAN TRAIL",,,No Match
DANCE HALL RD / GAS HOUSE PIKE,39.433150118459,-77.330202580297,Match
DANIELLE DR / DAVID LN,39.414790126775,-77.451860043527,Match
DARNSTOWN RD / MARTINSBURG RD,39.206287167681,-77.435471061867,Match
DAVIS AVE / HARDING ALY,,,No Match
DAYS CT / WINDSOR RD,39.318967138786,-77.267337607146,Match
DAYSVILLE AVE / WOODSBORO PIKE,39.492658106729,-77.332502075783,Match
DAYSVILLE RD / DAYSVILLE CT,39.628441027964,-75.954102999293,Match
DAYSVILLE RD / HARP RD,39.487537106278,-77.294243088052,Match
DAYSVILLE RD / MAIN ST,39.484207105263,-77.250462601933,Match
DAYSVILLE RD / OAK TREE CIR,,,No Match
DEER LICK RUN / RATTLESNAKE RUN,,,No Match
DEER PARK RD / BALT CO LINE,,,No Match
DEER PARK RD / BALTIMORE COUNTY LINE,39.400228206236,-79.382476445997,Match
DEER SPRING RD / DEER SPRING LN,39.415708128809,-77.509469025512,Match
DEGRANGE ST / PHEBUS AVE,39.412054126013,-77.4178670543,Match
DELAUTER RD / RUM SPRING RD,39.548863102085,-77.501189019538,Match
"DETRICK RD / BARNETT DR, IAO",,,No Match
DETRICK RD / LIME PLANT RD,39.409057119065,-77.220681616005,Match
DETRICK RD / OLD NATIONAL PIKE,,,No Match
DETRICK RD / SHERWOOD FOREST DR,39.39146212327,-77.239131611361,Match
DEVILBISS BRIDGE RD / LENHART RD,39.509182105558,-77.387352557607,Match
DEVILBISS BRIDGE RD / MONOCACY RIVER,,,No Match
DEVILBISS BRIDGE RD / OLD FREDERICK RD,39.508903106026,-77.398094054273,Match
DEVILBISS BRIDGE RD / RAILROAD XING,39.609433027391,-75.834947537964,Match
DEVILBISS BRIDGE RD / SOLAR DR,39.495826106585,-77.345142571635,Match
DEVILBISS BRIDGE RD / WOODSBORO PIKE,,,No Match
DICKERSON RD / DICKERSON CHURCH RD,,,No Match
DICKERSON RD / GREENFIELD RD,39.256291158481,-77.455865052358,Match
DICKERSON RD / MOUTH OF MONOCACY RD,39.224566163686,-77.426439563526,Match
DICKERSON RD / MT EPHRAIM RD,39.22011116439,-77.421570565323,Match
DICKERSON RD / PARK MILLS RD,39.248650159489,-77.442387557038,Match
DILL AVE / MCCLELLAN ALY,,,No Match
DIXON RD / THURSTON RD,39.306646144904,-77.363327077999,Match
DOBBINS CREEK LN / IRISH CORNER RD,,,No Match
DOCTOR PERRY RD / FIRE TOWER RD,39.296543645785,-77.333649587888,Match
DOCTOR PERRY RD / GIBRALTAR LN,39.30346914437,-77.332745087732,Match
"DOCTOR PERRY RD / URBANA PIKE, RT355 / BIG WOODS RD",39.314710142044,-77.330517587716,Match
DOG RD / PLEASANT WALK RD,39.566125101266,-77.568297497491,Match
DOLLYHYDE RD / EMERSON BURRIER RD,39.444337111544,-77.207501117882,Match
DOLLYHYDE RD / MAPLEVILLE RD,,,No Match
DORCUS RD / WOODSBORO RD,39.520540099687,-77.293158586282,Match
DORSEY ALY / N SECOND ST,,,No Match
DOTTERER RD / GREEN VALLEY RD,,,No Match
DOUBS RD / MOUNTVILLE RD,39.302848149727,-77.469617045124,Match
DOUBS RD / NEW DESIGN RD,,,No Match
DOUBS RD / PLEASANT VIEW RD,39.302290150517,-77.487324539644,Match
DOUGHTEN DR / SULTAN DR,,,No Match
"DOVER ST / CAMBRIDGE DR, IAO",39.401677126625,-77.380044566755,Match
DOWNS MILL RD / LOVETTSVILLE RD,,,No Match
DRY BRIDGE RD / OLD FREDERICK RD,39.677860070137,-77.334594563225,Match
DUBLIN RD / BIGGS FORD RD,39.481426110433,-77.370932064508,Match
E A ST / NINTH AVE,39.310786153713,-77.614471999517,Match
E B ST / NINTH AVE,39.311758153505,-77.614107499568,Match
E CHURCH ST / E SECOND ST,39.416095124645,-77.403156558629,Match
E CHURCH ST / E SEVENTH ST,,,No Match
E CHURCH ST / E THIRD ST,39.416572124514,-77.402211558893,Match
E CHURCH ST / HIGHLAND ST,39.417706124191,-77.399655559618,Match
"E CHURCH ST / HIGHLAND ST, ACROSS FROM UNRIVALED GYM",39.417706124191,-77.399655559618,Match
E CHURCH ST / HOLDEN RD,39.422837300049,-77.392049325634,Match
E CHURCH ST / MONOCACY BLVD,39.426580121892,-77.385701063404,Match
"E CHURCH ST / MONOCACY BLVD, **PH2**",39.426580121892,-77.385701063404,Match
E CHURCH ST / OLD GAS HOUSE PIKE,,,No Match
E D ST / TERRACE AVE,39.315079153178,-77.622765496661,Match
E E ST / FIFTH AVE,39.315889152871,-77.61897199779,Match
E FIFTH ST / CHAPEL ALY,39.420136123985,-77.406873557212,Match
E FIFTH ST / N EAST ST,39.419956123929,-77.404488557967,Match
E FOURTEENTH ST / N EAST ST,39.431017121678,-77.403089057698,Match
E FOURTEENTH ST / N MARKET ST,,,No Match
E FREDERICK ST / W CRUM RD,39.482641109342,-77.348801071336,Match
E GREENLEAF DR / CHRISTOPHERS XING,38.465038290581,-76.717937330326,Match
E GREENLEAF DR / TUSCANNEY DR,,,No Match
E HYATT RD / MUSSETTER RD,39.380887127848,-77.303931591815,Match
E LINCOLN AVE / CREAMERY RD,,,No Match
E MAIN ST / LARCH LN,39.439531124943,-77.531874517003,Match
E MAIN ST / MIDDLETOWN PKWY,38.633473225452,-75.863396587011,Match
E MAIN ST / MUNICIPAL ST,,,No Match
E MAIN ST / S CARROLL ST,39.62269008386,-77.407598043984,Match
"E MAIN ST / S CENTER ST, CALLER AT PNC BANK PARKING LOT",,,No Match
"E MOSER RD / FREDERICK RD, IAO",39.61880208492,-77.41514004188,Match
E NINTH ST / PINE AVE,39.425338122709,-77.40055555885,Match
E PATRICK ST / BOWMANS FARM RD,,,No Match
E PATRICK ST / FRANKLIN ST,39.410569125404,-77.394318561737,Match
E PATRICK ST / HAMILTON AVE,39.4113971253,-77.395893561193,Match
E PATRICK ST / KEY AVE,39.408994125599,-77.391218062805,Match
E PATRICK ST / KING AVE,39.407959125725,-77.389157063513,Match
E PATRICK ST / MONOCACY BLVD,39.407491125782,-77.388203063841,Match
E PATRICK ST / N EAST ST,39.413836125181,-77.405406558071,Match
E PATRICK ST / N MAXWELL AVE,,,No Match
E PATRICK ST / QUINN ORCHARD RD,,,No Match
E PATRICK ST / S EAST ST,39.413836125181,-77.405406558071,Match
E PATRICK ST / STORAGE WAY,39.406717125876,-77.386646064375,Match
"E PATRICK ST / STORAGE WAY, TACO BELL - E PATRICK ST",39.406717125876,-77.386646064375,Match
E PENNSYLVANIA AVE / S GLADE RD,39.487217608421,-77.348472571146,Match
E POTOMAC ST / THIRD AVE,39.311861653835,-77.623183996737,Match
E SECOND ST / CHAPEL ALY,,,No Match
E SECOND ST / E CHURCH ST,39.416095124645,-77.403156558629,Match
E SEVENTH ST / CHAPEL ALY,39.422346921634,-77.406585103187,Match
E SEVENTH ST / N MARKET ST,39.422773123566,-77.409623056187,Match
E SIXTEENTH ST / N EAST ST,39.433402121195,-77.402868557614,Match
E SIXTH ST / N EAST ST,39.421234123668,-77.404299557945,Match
E SOUTH ST / MONOCACY BLVD,,,No Match
E SOUTH ST / S CARROLL ST,39.410488125954,-77.408214557409,Match
E SOUTH ST / S WISNER ST,39.409763625914,-77.403435558946,Match
E SOUTH ST / WINCHESTER ST,39.410308125944,-77.407017557794,Match
E THIRD ST / CHAPEL ALY,39.417634124495,-77.407211057267,Match
E THIRD ST / N EAST ST,39.417508124431,-77.404898057996,Match
E THIRTEENTH ST / N MARKET ST,39.430018121992,-77.40610855682,Match
E WAINSCOT DR / GREEN VALLEY RD,,,No Match
EAGLEBAY DR / MAIN ST,,,No Match
EAGLEHEAD DR / MEADOWLAKE RD,,,No Match
EAGLEHEAD DR / OLD NATIONAL PIKE,,,No Match
EAGLEHEAD DR / PECKING STONE ST,39.39385612548,-77.309480089261,Match
"EAGLEHEAD DR / WOODRIDGE RD, IAO",,,No Match
"EASTERN CIR / W MAIN ST, EASTERN CIR / RT40A",39.531745061649,-76.344329382616,Match
ECLIPSE CT / ECLIPSE DR,39.310561151516,-77.556219517664,Match
ED MCCLAIN CT / ED MCCLAIN RD,,,No Match
"ED MCCLAIN RD / BUSH CREEK WAY, IAO",39.367864129374,-77.275991101356,Match
ED MCCLAIN RD / ED MCCLAIN CT,,,No Match
ED MCCLAIN RD / FINGERBOARD RD,39.347740133776,-77.286309599411,Match
ED MCCLAIN RD / GANLEY LN,39.369565128995,-77.274938101577,Match
ED MCCLAIN RD / GREEN VALLEY RD,39.369637128878,-77.272238102414,Match
ED MCCLAIN RD / LANDSDALE BLVD,39.351223132953,-77.282925600246,Match
"ED SEARS RD / DELLA RD, IAO",39.262420156374,-77.432748559169,Match
"EDEN DR / SCHIFFERSTADT BLVD, PH2",,,No Match
EDENTON CT / CRESTWOOD BLVD,39.391210130891,-77.437010049661,Match
EDGEMONT RD / OLD NATIONAL PIKE,39.42322762672,-77.493995779853,Match
EDGEWOOD CHURCH RD / MOJAVE CT,39.458215897653,-77.467758904421,Match
EGRET WAY / SHEARWATER LN,39.450457117629,-77.398211057978,Match
EISENTOWN DR/WEST BROADWAY,,,No Match
ELGIN RD / BEALLSVILLE RD,,,No Match
ELM ST / W MAIN ST,,,No Match
"ELMER DERR RD / CHRISTIAN KEMP DR S, CELL TOWER - TUSCARORA HIGH SCHOOL",,,No Match
ELMER DERR RD / ELMER RD,,,No Match
ELMER DERR RD / HORMAN LN,39.37930313452,-77.469855540184,Match
"ELMER DERR RD / S RENN RD, Apt/Unit:HTTPS://A91.IO/81MJZ",,,No Match
ELMER RD / ELMER DERR RD,,,No Match
EMMA SMITH WAY / W SEVENTH ST,,,No Match
EMMITSBURG RD / BOYLE RD,,,No Match
EMMITSBURG RD / BULLFROG RD,,,No Match
EMMITSBURG RD / SHORBS MILL RD,,,No Match
ENGLISH MUFFIN LN / NEW DESIGN RD,39.363220136298,-77.432834052746,Match
ENGLISH MUFFIN WAY / ALAN LINTON BLVD E,,,No Match
ENGLISH MUFFIN WAY / BUCKEYSTOWN PIKE,,,No Match
ENGLISH MUFFIN WAY / HARSHMAN WAY,,,No Match
ENGLISH MUFFIN WAY / MACK AVE,39.360835136619,-77.428820054149,Match
"ENGLISH MUFFIN WAY / MACK AVE, MARKS EQUIPMENT SERVICE",39.360835136619,-77.428820054149,Match
ENGLISH MUFFIN WAY / NEW DESIGN RD,39.363220136298,-77.432834052746,Match
ENGLISH MUFFIN WAY / TENNISON DR,,,No Match
ENGLISH MUFFIN WAY / WEDGEWOOD BLVD,,,No Match
"ETZLER MILL RD / RENNER RD, IAO",39.534904095199,-77.250399598718,Match
EUREKA LN / DISCOVERY BLVD,39.465235113259,-77.360834068694,Match
EVAN CT / GALYN DR,39.322151957474,-77.604958269903,Match
EVANS POND RD / LUCKETTS RD,39.226843166515,-77.512299536653,Match
EXECUTIVE WAY / BUCKEYSTOWN PIKE,,,No Match
EXECUTIVE WAY / INTERNATIONAL BLVD,39.370883634401,-77.423132055282,Match
EXECUTIVE WAY / JUDICIAL WAY,39.370222134439,-77.420684056087,Match
EXECUTIVE WAY / MACON ST,,,No Match
EXECUTIVE WAY / NEW DESIGN RD,39.372022134252,-77.425139054584,Match
EXECUTIVE WAY / WESTVIEW DR,,,No Match
"EXECUTIVE WAY / WESTVIEW DR, BASKIN ROBBINS / DUNKIN DONUTS - WESTVIEW",,,No Match
EYLERS VALLEY FLINT RD / BLACK RD,39.673549074185,-77.417318037658,Match
EYLERS VALLEY FLINT RD / EYLERS VALLEY RD,,,No Match
"EYLERS VALLEY FLINT RD / SABILLASVILLE RD, IAO",39.658145578246,-77.443640780435,Match
FAIRFIELD RD / SANDERS RD,,,No Match
FAIRFIELD RD / WAYNSBORO PIKE,,,No Match
FAIRVIEW AVE / COLUMBINE DR,39.428974122511,-77.414226554355,Match
FAIRVIEW AVE / ROSEMONT AVE,39.422701124155,-77.424576551528,Match
FAIRVIEW AVE / W SECOND ST,,,No Match
FAIRVIEW AVE / W SEVENTH ST,39.426634123109,-77.417687053425,Match
"FAIRVIEW AVE / W SEVENTH ST, IAO",39.426634123109,-77.417687053425,Match
FARMBROOK DR / BRACE CT,,,No Match
FARMBROOK DR / CHARSTONE CT,,,No Match
FARMBROOK DR / CRESTWOOD BLVD,,,No Match
FELDSPAR RD / UNAKITE CT,39.429028126241,-77.511453524041,Match
"FIDDLERS GREEN AT EDENTON, FIDDLERS GREEN AT EDENTON",,,No Match
FINGERBOARD RD / AYODHYA WAY,39.347740133776,-77.286309599411,Match
FINGERBOARD RD / BAKER VALLEY RD,39.332017141387,-77.403552563855,Match
FINGERBOARD RD / BARTHOLOWS RD,39.339226133397,-77.231841616939,Match
FINGERBOARD RD / BENNETT CREEK AVE,39.324101641002,-77.352234580352,Match
FINGERBOARD RD / BIG WOODS RD,39.34243013616,-77.321081088904,Match
FINGERBOARD RD / BUCKEYSTOWN PIKE,,,No Match
FINGERBOARD RD / CAMPUS DR,39.329267639555,-77.341301833433,Match
FINGERBOARD RD / CARRIAGE HILL DR,39.333466138445,-77.334149085397,Match
FINGERBOARD RD / CHAUCER CT,,,No Match
FINGERBOARD RD / CLARKSBURG RD,39.331864134448,-77.220920120811,Match
FINGERBOARD RD / FLINT HILL RD,,,No Match
"FINGERBOARD RD / FLINT HILL RD, IAO",,,No Match
FINGERBOARD RD / GREEN VALLEY RD,39.346075133487,-77.27004210459,Match
FINGERBOARD RD / HOPELAND RD,39.333673140777,-77.396213066037,Match
"FINGERBOARD RD / HOPELAND RD, THE RANCH",39.333673140777,-77.396213066037,Match
"FINGERBOARD RD / I270, FINGERBOARD RD / I270",,,No Match
FINGERBOARD RD / IJAMSVILLE RD,39.34243013616,-77.321081088904,Match
FINGERBOARD RD / KEMPTOWN CHURCH RD,39.337012133693,-77.228039118265,Match
FINGERBOARD RD / LYNN BURKE RD,39.344158133232,-77.253320109927,Match
FINGERBOARD RD / MARYLAND MANOR DR,39.339865133508,-77.238123614939,Match
FINGERBOARD RD / MICHAELS MILL RD,,,No Match
FINGERBOARD RD / MONOCACY RIVER,,,No Match
FINGERBOARD RD / PARK MILLS RD,39.329074141175,-77.382690570544,Match
FINGERBOARD RD / PENN SHOP RD,39.331724634433,-77.219783871174,Match
"FINGERBOARD RD / PONTIUS CT, URBANA MIDDLE SCHOOL",39.331594138936,-77.337227084556,Match
"FINGERBOARD RD / PRICES DISTILLERY RD, IAO",39.345382135161,-77.31029459208,Match
FINGERBOARD RD / RAMP I270SB TO RT80 RAMP,,,No Match
"FINGERBOARD RD / RODERICK RD, GOLF CLUB IAO",39.326518141144,-77.368569575107,Match
FINGERBOARD RD / SAINT CLAIR CT,,,No Match
FINGERBOARD RD / SINGLETON DR,,,No Match
FINGERBOARD RD / STONEWALL DR,,,No Match
FINGERBOARD RD / SUGARLOAF PKWY,39.339865133508,-77.238123614939,Match
FINGERBOARD RD / THURSTON RD,,,No Match
FINGERBOARD RD / TRANQUILITY CT,39.344257133496,-77.260763107599,Match
FINGERBOARD RD / URBANA CHURCH PASS,39.32474514095,-77.354243829685,Match
FINGERBOARD RD / URBANA PIKE,,,No Match
FINGERBOARD RD / WHISKEY RD,39.346282134766,-77.304651593783,Match
FINGERBOARD RD / WORTHINGTON BLVD,39.327499140036,-77.344683582491,Match
FIRE TOWER RD / MOTT RD,,,No Match
FIRE TOWER RD / URBANA PIKE,39.286877646957,-77.313822594678,Match
FISH HATCHERY RD / HESSONG BRIDGE RD,39.537721100988,-77.415603546959,Match
FISHERS HOLLOW RD / HARMONY RD,39.502577319893,-77.529237225482,Match
FISHERS HOLLOW RD / HIGHLAND SCHOOL RD,39.515950109062,-77.513046517961,Match
FISHING CREEK RD / HAMBURG RD,39.277801122522,-76.616736812936,Match
FLINT HILL RD / MONOCACY BOTTOM RD,39.320110143695,-77.401883065131,Match
FLINT HILL RD / PARK MILLS RD,39.313882144754,-77.397149067001,Match
FLORIDA AVE / BRUNSWICK ST,39.315496694006,-77.634724415897,Match
FLORIDA AVE / W POTOMAC ST,,,No Match
FORT RITCHIE ACCESS RD / WYNDHAM AVE,,,No Match
FOUNTAIN DR / ROCKY SPRINGS RD,39.465019116926,-77.455118039298,Match
FOUNTAIN ROCK RD / RETREAT RD,,,No Match
FOUNTAIN SCHOOL RD / COPPERMINE RD,39.511135098342,-77.209310113069,Match
FOUNTAIN SCHOOL RD / MOLASSES RD,,,No Match
FOUR POINTS RD / SIXES BRIDGE RD,39.659554072892,-77.312238571394,Match
FOX CHASE RD / MEADOWLAKE RD,39.42919911814,-77.30135308955,Match
FOXCROFT DR / BURNING BUSH DR,,,No Match
FOXCROFT DR / NEW DESIGN RD,,,No Match
"FOXVILLE DEERFIELD RD / RT550, FOXVILLE DEERFIELD RD / RT550",,,No Match
FOXVILLE RD / BROWN RD,39.636481568122,-77.522424733107,Match
FOXVILLE RD / CATOCTIN HOLLOW RD,39.633310083517,-77.453025529112,Match
FOXVILLE RD / FOXVILLE DEERFIELD RD,39.636244084641,-77.49701301519,Match
FOXVILLE RD / HERMAN HAUVER RD,39.636451084897,-77.504685512782,Match
FOXVILLE RD / PARK CENTRAL RD,39.633454083377,-77.450150030001,Match
"FOXVILLE RD / PARK CENTRAL RD, IAO",39.633454083377,-77.450150030001,Match
FOXVILLE RD / PRYOR RD,,,No Match
FOXVILLE RD / TOWER RD,39.635461084561,-77.490965017129,Match
FRANCIS SCOTT KEY HWY / MIDDLEBURG RD,39.603016081191,-77.237156098495,Match
FRANCIS SCOTT KEY HWY / Y RD,39.59439408295,-77.23849259863,Match
"FRANK BENTZ POND, FRANK BENTZ POND",,,No Match
FREDERICK RD / CROGHAN LN,39.277783148789,-77.314304095102,Match
FREDERICK RD / DOWDENS STATION WAY,,,No Match
FREDERICK RD / LONG CORNER RD,39.35287912684,-77.13092464757,Match
FREDERICK RD / OLD HUNDRED RD,39.280879148196,-77.314947594706,Match
FREDERICK RD / THURMONT BLVD,,,No Match
"FREDERICK RD / THURMONT BLVD, IAO",,,No Match
FRUIT WOOD TRAIL / FIR TRAIL,,,No Match
FRY RD / LANDER RD,39.339208145233,-77.541086020551,Match
FRY RD / POINT OF ROCKS RD,39.310651151097,-77.545784020908,Match
FSK HIGHWAY / MIDDLEBURG RD,,,No Match
FSK HWY / KEYSVILLE RD,,,No Match
"GALYN DR / POINT OF ROCKS RD, IAO",,,No Match
GAMBRILL PARK RD / BALTIMORE NATIONAL PIKE PIKE,39.446105622245,-77.495748527842,Match
GAMBRILL PARK RD / COXEY BROWN RD,39.506347110498,-77.500964022347,Match
"GAMBRILL PARK RD / COXEY BROWN RD, Apt/Unit:HTTPS://A91.IO/00KXT",39.506347110498,-77.500964022347,Match
GAMBRILL PARK RD / MOUNTAINDALE RD,,,No Match
GAMBRILL PARK RD / SHOOKSTOWN RD,39.453670120724,-77.495235527517,Match
GAMBRILL PARK RD / TOWER RD,39.564757098809,-77.497854519552,Match
"GAMBRILL STATE PARK TRAILS PARKING LOT, GAMBRILL STATE PARK TRAILS PARKING LOT",,,No Match
GAPLAND RD / MOUNTAIN CHURCH RD,39.397168137345,-77.635279987509,Match
GARAGE DR / W GREEN ST,39.444922124407,-77.545730012339,Match
GARFIELD RD / PLEASANT VALLEY RD,39.615895090596,-77.546909000938,Match
GARFIELD RD / STOTTLEMYER RD,39.604249091951,-77.522494259311,Match
GAS HOUSE PIKE / BOYERS MILL RD,39.431737117987,-77.310551086519,Match
GAS HOUSE PIKE / DANCE HALL RD,39.433150118459,-77.330202580297,Match
"GAS HOUSE PIKE / DANCE HALL RD, IAO",39.433150118459,-77.330202580297,Match
GAS HOUSE PIKE / LINGANORE CREEK XING,39.433636118723,-77.339630077325,Match
GAS HOUSE PIKE / LINGANORE RD,39.433636118723,-77.339630077325,Match
"GAS HOUSE PIKE / LINGANORE RD, IAO",39.433636118723,-77.339630077325,Match
GAS HOUSE PIKE / MCKAIG RD,39.431737117987,-77.310551086519,Match
GAS HOUSE PIKE / MONOCACY BLVD,,,No Match
GAS HOUSE PIKE / NEW LONDON RD,39.420433118125,-77.25535860446,Match
GAS HOUSE PIKE / PROGRESS DR,39.434473119419,-77.362121070255,Match
GAS HOUSE PIKE / SANANDREW DR,39.428012205494,-77.273212175594,Match
GAS HOUSE PIKE / SYNERGY WAY,,,No Match
GAS HOUSE PIKE / WOODRIDGE RD,39.431719118526,-77.324519082162,Match
GLADE BLVD / GLADE CT,39.483343108742,-77.336795075038,Match
GLADE BLVD / WOODSBORO PIKE,39.51404210198,-77.319335078525,Match
GLADE RD / DEVILBISS BRIDGE RD,39.499105469972,-77.352181937132,Match
GLADE RD / WOODSBORO PIKE,39.51404210198,-77.319335078525,Match
"GLENDALE DR / CLEARFIELD RD, IAO",,,No Match
GLENOBLE CT / GLEN HILL CT,39.39015713514,-77.542044516997,Match
GLISSANS MILL RD / DOLLYHYDE RD,39.440395112374,-77.208689117762,Match
GLISSANS MILL RD / GREEN VALLEY RD,,,No Match
"GLISSANS MILL RD / GREEN VALLEY RD, STATION 25",,,No Match
GLISSANS MILL RD / HARRISVILLE RD,39.432556113492,-77.197133121867,Match
GLISSANS MILL RD / KIMMEL RD,39.440629112482,-77.212748116479,Match
"GLISSANS MILL RD / WOODVILLE RD, Apt/Unit:HTTPS://A91.IO/25YWP",,,No Match
GOLF CLUB TER / PENN SHOP RD,39.345110442853,-77.19093222727,Match
GOOD INTENT RD / WOODSBORO PIKE,,,No Match
GOOSE CREEK WAY / TUSCANNEY DR,,,No Match
GRACEHAM RD / ROCKY RIDGE RD,39.614536084475,-77.381745552583,Match
GRAVEL HILL RD / DUBLIN RD,39.533608099252,-77.34932306791,Match
GRAVEL HILL RD / WOODLAND DR,39.534517098678,-77.339076571051,Match
GREEN VALLEY RD / ARTIE KEMP RD,39.45661311064,-77.247717604546,Match
GREEN VALLEY RD / BALDWIN RD,,,No Match
"GREEN VALLEY RD / BALDWIN RD, IAO",,,No Match
"GREEN VALLEY RD / BALDWIN RD, PH2 LOC",,,No Match
GREEN VALLEY RD / BROWNINGSVILLE RD,39.329542137022,-77.276346603669,Match
"GREEN VALLEY RD / CLEMSONVILLE RD, IAO",,,No Match
GREEN VALLEY RD / DARBY RD,39.428740116393,-77.253270604585,Match
GREEN VALLEY RD / DRUMMINE RD,39.428382657447,-77.253537607416,Match
GREEN VALLEY RD / FINGERBOARD RD,39.346075133487,-77.27004210459,Match
"GREEN VALLEY RD / FINGERBOARD RD, WILCOMS INN",39.346075133487,-77.27004210459,Match
GREEN VALLEY RD / GLISSANS MILL RD,,,No Match
GREEN VALLEY RD / GREENHILL CT,39.315025140661,-77.295899098489,Match
GREEN VALLEY RD / HOUCK RD,39.546667090613,-77.191562116348,Match
GREEN VALLEY RD / JONES RD,,,No Match
GREEN VALLEY RD / LAWSON RD,39.339406134837,-77.270600104838,Match
"GREEN VALLEY RD / LAWSON RD, IAO",39.339406134837,-77.270600104838,Match
GREEN VALLEY RD / LEWISDALE RD,39.294433145183,-77.306816096386,Match
GREEN VALLEY RD / MEADOW WAY,,,No Match
GREEN VALLEY RD / NEVETS PL,39.351205132475,-77.270307604183,Match
GREEN VALLEY RD / NEW LONDON RD,39.422332117656,-77.252982605081,Match
GREEN VALLEY RD / OLD ANNAPOLIS RD,39.436183114924,-77.253558604022,Match
GREEN VALLEY RD / OLD NEW MARKET RD,39.39123712416,-77.26129410446,Match
GREEN VALLEY RD / PLEASANT GROVE DR,39.326977137641,-77.279186102946,Match
GREEN VALLEY RD / PRESERVE CT,,,No Match
GREEN VALLEY RD / PRICE RD,39.039706149917,-76.05811150224,Match
GREEN VALLEY RD / PRICES DISTILLERY RD,39.312694141206,-77.298023097974,Match
GREEN VALLEY RD / RAILROAD XING,,,No Match
GREEN VALLEY RD / RAMP RT75 TO I70EB RAMP,,,No Match
GREEN VALLEY RD / WELLER RD,39.360259130636,-77.269358103906,Match
GREEN VALLEY RD / WINDSOR RD,,,No Match
"GREENFIELD DR / RT180, GREENFIELD DR / RT180",,,No Match
GREENFIELD RD / PAGE RD,,,No Match
GREYSTONE DR / ROSSWOOD DR,39.373750126867,-77.240981111906,Match
GRINDSTONE RUN RD / CANADA HILL RD,39.528568109632,-77.592376992411,Match
GROTTO RD / SAINT ANTHONY RD,39.675592071499,-77.358269055973,Match
GROVE RD / BUCKEYSTOWN PIKE,39.390328130007,-77.409393558327,Match
GROVE RD / INDUSTRY LN,,,No Match
GRUBER RD / WOODSBORO PIKE,39.550978094237,-77.30841357957,Match
GUILFORD DR / BUCKEYSTOWN PIKE,39.394171129233,-77.409137058162,Match
GUILFORD DR / FREDERICK CROSSING LN,39.394486129328,-77.413254556858,Match
GUILFORD DR / NEW DESIGN RD,39.396727129104,-77.41901455492,Match
"HAGERSTOWN STATION 4, 526 WASHINGTON SQUARE",,,No Match
HALLECK DR / CAMERON WAY,39.455677116306,-77.390763559967,Match
HAMBURG RD / BETHEL RD,39.47940111428,-77.460495536698,Match
HAMBURG RD / FIRETOWER RD,,,No Match
HAMBURG RD / FISHING CREEK RD,,,No Match
"HAMBURG RD / FISHING CREEK RD, AT THE GATE",,,No Match
HAMBURG RD / GAMBRILL PARK RD,,,No Match
"HAMES CT / FARMBROOK DR, IAO",,,No Match
HAMPSHIRE DR / DYRHAM PARK DR,39.42601312476,-77.457449041068,Match
"HAMPTON VALLEY RD / EYLERS VALLEY RD, IAO",,,No Match
HANNOVER DR / BALLENGER CREEK PIKE,,,No Match
HANNOVER DR / KIRKLAND DR,,,No Match
HANNOVER DR / MERCANTILE DR E,39.391273131253,-77.446743546623,Match
HARBAUGH VALLEY RD / SUNSHINE TRL,39.711871067008,-77.42730803205,Match
HARBAUGH VALLEY RD / WANYESBORO PK,,,No Match
HARDING ALY / MONROE AVE,,,No Match
HARMONY RD / BALTIMORE NATIONAL PIKE PIKE,39.489409115115,-77.533589013264,Match
HARMONY RD / FISHERS HOLLOW RD,39.502577319893,-77.529237225482,Match
HARNEY RD / BOLLINGER SCHOOL RD,39.710881060057,-77.242322089939,Match
HARNEY RD / BULLFROG RD,39.711799060577,-77.260542584182,Match
HARP HILL RD / WOLFSVILLE RD,,,No Match
HARP HILL RD / WOODLAND WAY RD,39.563461101112,-77.550711503148,Match
HARPERS FERRY RD / FREDS LN,39.254671169073,-77.723115469302,Match
HARPERS FERRY RD / JEFFERSON PIKE,39.319786155708,-77.712571968416,Match
HARPERS FERRY RD / LOCK 33,,,No Match
HARRISVILLE RD / TALBOT RUN RD,39.429694112275,-77.150256636686,Match
HARRISVILLE RD / WOODVILLE RD,39.436588112051,-77.180384126841,Match
HATTERY FARM CT / HARRISVILLE RD,39.434113112055,-77.167554631004,Match
HAUGHS CHURCH RD / DETOUR RD,39.590551085202,-77.277314086746,Match
"HAWBOTTOM RD / BALTIMORE NATIONAL PIKE PIKE, NEAR MD NATIONAL GOLF COURSE",39.473542117619,-77.516957019469,Match
HAYWARD RD / AMBER DR,,,No Match
HAYWARD RD / THOMAS JOHNSON DR,39.455119116835,-77.401631056613,Match
"HEATERS ISLAND, HEATERS ISLAND",,,No Match
"HEATHER RIDGE DR / HEATHER RIDGE CT, TANEY VILLAGE APTS - HEATHER RIDGE",39.437335120853,-77.414298553799,Match
HEMLOCK POINT RD / LAKERIDGE RD E,39.417913120027,-77.292015593181,Match
HERMAN HAUVER RD / FOXVILLE DEERFIELD RD,39.639097084072,-77.496896015042,Match
HIGHLAND SCHOOL RD / FISHERS HOLLOW RD,39.515950109062,-77.513046517961,Match
HIGHLAND SCHOOL RD / WOLFSVILLE RD,39.546298103535,-77.525556512102,Match
HILLCREST DR / ARWELL CT,,,No Match
HILLCREST DR / E THORNHILL PL,,,No Match
HILLCREST DR / ELLROSE CT,,,No Match
HILLCREST DR / ORCHARD WAY,39.413989127095,-77.456031542278,Match
HILLCREST DR / REDFIELD CT,,,No Match
"HILLCREST DR / S MCCAIN DR, NEXT TO HILLCREST ELEMENTARY -",39.4108391276,-77.452895043457,Match
HILLCREST DR / W PATRICK ST,39.417481126012,-77.44591104521,Match
HIMES AVE / CONTENDER WAY,,,No Match
HIMES AVE / JEFFERSON PIKE,39.403045128655,-77.440043047961,Match
HIMES AVE / SENECA DR,39.408481127741,-77.444363046267,Match
HINEY RD / HAUGHS CHURCH RD,39.597269584278,-77.287891333011,Match
HITESHOW DR / MADIGAN TRL,,,No Match
HOLIDAY DR / SPECTRUM DR,,,No Match
"HOLIDAY DR / SPECTRUM DR, IAO",,,No Match
HOLLING DR / N EAST ST,39.222424136859,-76.70376228913,Match
HOLLOW RD / OLD NATIONAL PIKE,39.434662125414,-77.519031521318,Match
HOLLOW RD / REDROSE CT,39.464866119125,-77.511372521767,Match
HOLTER RD / BUSSARD RD,39.416851129034,-77.521205021782,Match
"HOLTER RD / BUSSARD RD, JUMBOS PUMPKIN PATCH",39.416851129034,-77.521205021782,Match
HOLTER RD / CHERRY LN,39.396745133113,-77.523405522383,Match
"HOLTER RD / MIDDLETOWN PKWY, IAO",,,No Match
"HOLTER RD / MIDDLETOWN PKWY, RAMSLAND WAY / RT80",,,No Match
HOLTER RD / RICHARD REMSBURG RD,,,No Match
HORINE RD / GENE HEMP RD,39.345535144815,-77.562924513346,Match
HORINE RD / POINT OF ROCKS RD,39.33334914749,-77.569445012093,Match
HORIZON DR / S MCCAIN DR,39.417427126323,-77.453736542774,Match
"HUCKLEBERRY HILL CAMPGROUND, HUCKLEBERRY HILL CAMPGROUND",,,No Match
HUNTING RIDGE DR / SWALLOWTAIL DR,39.408805128448,-77.46443303999,Match
"I270 / MONOCACY RIVER, I270 / MONOCACY RIVER",,,No Match
I270BB / RT 109 AND RT121,,,No Match
"I270NB / BAKER VALLEY RD, I270NB / BAKER VALLEY RD",,,No Match
"I270NB / BENNETT CREEK, I270NB / BENNETT CREEK",,,No Match
"I270NB / DOCTOR PERRY RD, I270NB / DOCTOR PERRY RD",,,No Match
"I270NB / DOCTOR PERRY RD, I270SB / DOCTOR PERRY RD",,,No Match
"I270NB / EXIT 26 (RT80), I270NB / EXIT 26",,,No Match
"I270NB / EXIT 32, I270NB / EXIT 32",,,No Match
I270NB / I70,,,No Match
"I270NB / I70, I270NB / I70",,,No Match
"I270NB / MONOCACY RIVER, I270 / MONOCACY RIVER",,,No Match
"I270NB / MONOCACY RIVER, I270NB / MONOCACY RIVER",,,No Match
"I270NB / MONOCACY RIVER, I270NB / RT85",,,No Match
"I270NB / NEW DESIGN RD, Apt/Unit:HTTPS://A91.IO/USJ88, I270NB / NEW DESIGN RD",,,No Match
"I270NB / NEW DESIGN RD, I270NB / 32MM",,,No Match
"I270NB / NEW DESIGN RD, I270NB / NEW DESIGN RD",,,No Match
"I270NB / NEW DESIGN RD, I270NB / RT85",,,No Match
"I270NB / NEW DESIGN RD, I270SB / NEW DESIGN RD",,,No Match
"I270NB / PARK MILLS RD, I270NB / PARK MILLS RD",,,No Match
"I270NB / RAILROAD, I270NB / RAILROAD",,,No Match
I270NB / RT109 & RT121,,,No Match
"I270NB / RT80(RT80), Apt/Unit:HTTPS://A91.IO/KEH35, I270NB / RT80",,,No Match
"I270NB / RT80(RT80), I270NB / RT80",,,No Match
"I270NB / RT80, I270NB / 23MM",,,No Match
"I270NB / RT80, I270NB / RT80",,,No Match
"I270NB / RT80, I270NB / RT85",,,No Match
"I270NB / RT80, RIGHT BEFORE",,,No Match
"I270NB / RT85(RT85), I270NB / RT85",,,No Match
"I270NB / RT85, I270NB / RT85",,,No Match
I270NB / SCENIC OVERLOOK,,,No Match
"I270NB / SCENIC OVERLOOK, I270NB / 26MM",,,No Match
"I270NB / SCENIC OVERLOOK, I270NB / 31MM",,,No Match
"I270NB / SCENIC OVERLOOK, I270NB / SCENIC OVERLOOK",,,No Match
"I270SB / BAKER VALLEY RD, I270NB / BAKER VALLEY RD",,,No Match
"I270SB / BAKER VALLEY RD, I270SB / BAKER VALLEY RD",,,No Match
"I270SB / BAKER VALLEY RD, I270SB / RT85",,,No Match
"I270SB / BENNETT CREEK, I270SB / BENNETT CREEK",,,No Match
"I270SB / BENNETT CREEK, I270SB / RT80",,,No Match
"I270SB / BENNETT CREEK, IAO",,,No Match
"I270SB / BUCKEYSTOWN PIKE(RT85), I270SB / BUCKEYSTOWN PIKE",,,No Match
"I270SB / BUCKEYSTOWN PIKE, I270SB / BUCKEYSTOWN PIKE",,,No Match
"I270SB / DOCTOR PERRY RD, I270NB / DOCTOR PERRY RD",,,No Match
"I270SB / DOCTOR PERRY RD, I270SB / DOCTOR PERRY RD",,,No Match
I270SB / I70,,,No Match
"I270SB / I70, I270SB / I70",,,No Match
"I270SB / MONOCACY RIVER, Apt/Unit:HTTPS://A91.IO/21IYU, I270SB / MONOCACY RIVER",,,No Match
"I270SB / MONOCACY RIVER, I270SB / MONOCACY RIVER",,,No Match
"I270SB / MONTGOMERY COUNTY LINE, I270SB / MONTGOMERY COUNTY LINE",,,No Match
"I270SB / MONTGOMERY COUNTY LINE, IFO - I270SB / MONTGOMERY COUNTY LINE",,,No Match
"I270SB / NEW DESIGN RD, I270SB / NEW DESIGN RD",,,No Match
"I270SB / PARK MILLS RD, I270SB / PARK MILLS RD",,,No Match
"I270SB / RAILROAD, I270SB / RAILROAD",,,No Match
I270SB / RT109,,,No Match
I270SB / RT109 & FREDERICK CO LINE,,,No Match
I270SB / RT109 & RT109,,,No Match
"I270SB / RT109, I270SB / MONTGOMERY COUNTY LINE",,,No Match
"I270SB / RT80(RT80), I270SB / RT80",,,No Match
"I270SB / RT80(RT80), JUST SOUTH OF THE EXIT",,,No Match
"I270SB / RT80, I270SB / 26MM",,,No Match
"I270SB / RT80, I270SB / RT80",,,No Match
I270SB / RT85(RT85),,,No Match
"I270SB / RT85(RT85), I270SB / RT85",,,No Match
"I270SB / RT85, I270NB / RT85",,,No Match
"I270SB / RT85, I270SB / 30MM",,,No Match
"I270SB / RT85, I270SB / RT85",,,No Match
"I270SB / SCENIC OVERLOOK, I270SB / SCENIC OVERLOOK",,,No Match
I270SB BETWEEN RT109 & RT121,,,No Match
I270SB BTWN RT121-RT27,,,No Match
I270SB/RT109,,,No Match
"I70 / EXIT 52 (RT15-340), I70 / EXIT 52",,,No Match
"I70 / EXIT 62 (RT75), I70 / EXIT 62",,,No Match
I70 / HOWARD CO LINE,,,No Match
I70 / RT94,,,No Match
"I70EB / APPALACHIAN TRAIL, I70EB / APPALACHIAN TRAIL",,,No Match
"I70EB / BARTHOLOWS RD, I70EB / BARTHOLOWS RD",,,No Match
"I70EB / BILL MOXLEY RD, I70EB / BILL MOXLEY RD",,,No Match
"I70EB / BILL MOXLEY RD, PH2 LOCATION",,,No Match
"I70EB / CARROLL COUNTY LINE, I70EB / CARROLL COUNTY LINE",,,No Match
"I70EB / CATOCTIN CREEK, I70EB / CATOCTIN CREEK",,,No Match
"I70EB / E PATRICK ST, I70EB / E PATRICK ST",,,No Match
"I70EB / E SOUTH ST(E SOUTH ST), I70EB / E SOUTH ST",,,No Match
"I70EB / E SOUTH ST, I70EB / E SOUTH ST",,,No Match
"I70EB / EXIT 42 (RT17), I70EB / EXIT 42",,,No Match
"I70EB / EXIT 52 (RT15-340), I70EB / EXIT 52",,,No Match
"I70EB / EXIT 59 (RT144 NEWM), Apt/Unit:HTTPS://A91.IO/21JRS, I70EB / EXIT 59",,,No Match
"I70EB / EXIT 59 (RT144 NEWM), I70EB / EXIT 59",,,No Match
"I70EB / EXIT 62 (RT75)(RT75), I70EB / EXIT 62",,,No Match
"I70EB / EXIT 62 (RT75), I70EB / EXIT 62",,,No Match
I70EB / EXIT 68,,,No Match
"I70EB / EXIT 68, I70EB / EXIT 68",,,No Match
"I70EB / HARMONY RD, I70EB / 39MM",,,No Match
"I70EB / HARMONY RD, I70EB / HARMONY RD",,,No Match
"I70EB / HARMONY RD, I70EB / RT17",,,No Match
"I70EB / HOLLOW RD, I70EB / HARMONY RD",,,No Match
"I70EB / HOLLOW RD, I70EB / HOLLOW RD",,,No Match
I70EB / HOWARD CO LINE,,,No Match
I70EB / HOWARD COUNTY LINE,,,No Match
"I70EB / I270(I270), I70EB / 53MM",,,No Match
"I70EB / I270, I70EB / 54MM",,,No Match
"I70EB / I270, I70EB / I270",,,No Match
"I70EB / LINGANORE RD, I70EB / LINGANORE RD",,,No Match
I70EB / MAPLEVILLE RD,,,No Match
"I70EB / MONOCACY RIVER, I70EB / MONOCACY RIVER",,,No Match
"I70EB / MONUMENT RD, I70EB / MONUMENT RD",,,No Match
"I70EB / MOUNT PHILLIP RD, I70EB / MOUNT PHILLIP RD",,,No Match
"I70EB / MOUNT PHILLIP RD, I70EB / RT85",,,No Match
"I70EB / MOUNT PHILLIP RD, I70WB / MOUNT PHILLIP RD",,,No Match
"I70EB / MOUNT PHILLIP RD, IAO",,,No Match
"I70EB / MOUNT TABOR RD, I70EB / MOUNT TABOR RD",,,No Match
"I70EB / MOUNT TABOR RD, I70WB / MOUNT TABOR RD",,,No Match
"I70EB / MUSSETTER RD, I70EB / MUSSETTER RD",,,No Match
"I70EB / MUSSETTER RD, IAO",,,No Match
"I70EB / NEW DESIGN RD, I70EB / NEW DESIGN RD",,,No Match
"I70EB / NEW DESIGN RD, I70EB / RT85",,,No Match
"I70EB / QUINN RD, I70EB / QUINN RD",,,No Match
"I70EB / REST AREA (MOUNT AIRY), I70EB / REST AREA",,,No Match
"I70EB / REST AREA (MOUNT AIRY), I70WB / REST AREA",,,No Match
"I70EB / REST AREA (MYERSVILLE)(MYERSVILLE), I70WB / REST AREA",,,No Match
"I70EB / REST AREA (MYERSVILLE), I70EB / REST AREA",,,No Match
I70EB / RIDGE RD (BRADDOCK),,,No Match
"I70EB / RIDGE RD (BRADDOCK), I70EB / 40MM",,,No Match
"I70EB / RIDGE RD (BRADDOCK), I70EB / RIDGE RD",,,No Match
"I70EB / RT144 (FRED), I70EB / RT144",,,No Match
"I70EB / RT144 (NEWM), I70EB / RT144",,,No Match
"I70EB / RT15-340, I70EB / RT15-340",,,No Match
"I70EB / RT17(RT17), I70EB / REST AREA",,,No Match
"I70EB / RT17(RT17), I70EB / RT17",,,No Match
"I70EB / RT17, I70EB / RT17",,,No Match
"I70EB / RT180, I70EB / RT180",,,No Match
I70EB / RT340-15(RT15-340),,,No Match
"I70EB / RT340-15(RT15-340), I70EB / RT340-15",,,No Match
"I70EB / RT340-15, I70EB / I270",,,No Match
"I70EB / RT340-15, I70EB / RT340-15",,,No Match
"I70EB / RT351, I70EB / RT351",,,No Match
"I70EB / RT355, I70EB / RT355",,,No Match
"I70EB / RT40 (FRED), I70EB / RT40",,,No Match
"I70EB / RT40 (FRED), I70EB / RT40A",,,No Match
"I70EB / RT40 (FRED), I70WB / 47MM",,,No Match
"I70EB / RT40 (WACO), I70EB / RT40",,,No Match
"I70EB / RT40A (BRADDOCK), I70EB / RT40",,,No Match
"I70EB / RT40A (BRADDOCK), I70EB / RT40A",,,No Match
I70EB / RT75,,,No Match
"I70EB / RT75(RT75), I70EB / RT75",,,No Match
"I70EB / RT75, I70EB / RT75",,,No Match
"I70EB / RT85(RT85), I70EB / RT85",,,No Match
"I70EB / RT85(RT85), I70WB / RT355",,,No Match
"I70EB / RT85, I70EB / RT85",,,No Match
"I70EB / SPRING RIDGE PKWY, I70EB / SPRING RIDGE PKWY",,,No Match
"I70EB / WASHINGTON COUNTY LINE, I70EB / RT40",,,No Match
"I70EB / WASHINGTON COUNTY LINE, I70EB / WASHINGTON COUNTY LINE",,,No Match
"I70EB / WEIGH STATION (NEWM), I70EB / WEIGH STATION",,,No Match
I70EB / WOODBINE RD,,,No Match
"I70EB, 36MM",,,No Match
"I70WB / APPALACHIAN TRAIL, I70WB / APPALACHIAN TRAIL",,,No Match
"I70WB / BARTHOLOWS RD, I70WB / BARTHOLOWS RD",,,No Match
"I70WB / BARTHOLOWS RD, MOUNT AIRY TRUCK REST AREA I70EB",,,No Match
I70WB / BILL MOXLEY RD,,,No Match
"I70WB / BILL MOXLEY RD, I70EB / BILL MOXLEY RD",,,No Match
"I70WB / BILL MOXLEY RD, I70WB / BILL MOXLEY RD",,,No Match
"I70WB / BUCKEYSTOWN PIKE, I70WB / BUCKEYSTOWN PIKE",,,No Match
"I70WB / CARROLL COUNTY LINE, I70WB / CARROLL COUNTY LINE",,,No Match
"I70WB / CARROLL COUNTY LINE, I70WB / EXIT 68",,,No Match
"I70WB / CATOCTIN CREEK, I70WB / CATOCTIN CREEK",,,No Match
I70WB / E PATRICK ST(RT144),,,No Match
"I70WB / E PATRICK ST(RT144), I70WB / E PATRICK ST",,,No Match
"I70WB / E PATRICK ST(RT144), I70WB / RT355",,,No Match
"I70WB / E PATRICK ST, I70WB / E PATRICK ST",,,No Match
"I70WB / E SOUTH ST(E SOUTH ST), I70WB / E SOUTH ST",,,No Match
"I70WB / E SOUTH ST, I70WB / E SOUTH ST",,,No Match
"I70WB / EXIT 42 (RT17), I70WB / EXIT 42",,,No Match
"I70WB / EXIT 49 (RT40A), I70WB / EXIT 49",,,No Match
"I70WB / EXIT 49 (RT40A), I70WB / EXIT 49 ///BETWEEN EXIT 53 AND 49",,,No Match
"I70WB / EXIT 52 (RT340), I70WB / EXIT 52",,,No Match
"I70WB / EXIT 52 (RT340), JUST PAST -I70WB / EXIT 52",,,No Match
"I70WB / EXIT 53 (RT15), Apt/Unit:HTTPS://A91.IO/30YNR, I70WB / EXIT 53",,,No Match
"I70WB / EXIT 53 (RT15), I70WB / 55MM",,,No Match
"I70WB / EXIT 53 (RT15), I70WB / EXIT 53",,,No Match
"I70WB / EXIT 59 (RT144 NEWM), I70WB / EXIT 59",,,No Match
"I70WB / EXIT 62 (RT75), I70WB / EXIT 62",,,No Match
"I70WB / EXIT 62, I70WB / EXIT 62",,,No Match
"I70WB / HARMONY RD, I70WB / 43MM",,,No Match
"I70WB / HARMONY RD, I70WB / HARMONY RD",,,No Match
"I70WB / HOLLOW RD, Apt/Unit:HTTPS://A91.IO/75YIZ, I70WB / HOLLOW RD",,,No Match
"I70WB / HOLLOW RD, I70EB / HOLLOW RD",,,No Match
"I70WB / HOLLOW RD, I70WB / HOLLOW RD",,,No Match
"I70WB / I270-RT15, I70WB / I270-RT15",,,No Match
"I70WB / LINGANORE RD, I70WB / LINGANORE RD",,,No Match
I70WB / MAPLEVILLE RD,,,No Match
"I70WB / MONOCACY BLVD, I70WB / MONOCACY BLVD",,,No Match
"I70WB / MONUMENT RD, I70WB / MONUMENT RD",,,No Match
"I70WB / MOUNT PHILLIP RD, I70WB / 57MM",,,No Match
"I70WB / MOUNT PHILLIP RD, I70WB / MOUNT PHILLIP RD",,,No Match
"I70WB / MOUNT TABOR RD, I70EB / MOUNT TABOR RD",,,No Match
"I70WB / MOUNT TABOR RD, I70WB / MOUNT PHILLIP RD",,,No Match
"I70WB / MOUNT TABOR RD, I70WB / MOUNT TABOR RD",,,No Match
"I70WB / MOUNT TABOR RD, I70WB / RT17",,,No Match
"I70WB / MUSSETTER RD, I70WB / MUSSETTER RD",,,No Match
"I70WB / NEW DESIGN RD, I70WB / NEW DESIGN RD",,,No Match
"I70WB / QUINN RD, I70WB / QUINN RD",,,No Match
"I70WB / QUINN RD, JUST PAST QUINN",,,No Match
"I70WB / REST AREA (MOUNT AIRY), I70WB / REST AREA",,,No Match
"I70WB / REST AREA (MYERSVILLE), I70WB / EXIT 42",,,No Match
"I70WB / REST AREA (MYERSVILLE), I70WB / REST AREA",,,No Match
"I70WB / REST AREA (MYERSVILLE), I70WB / WEIGH STATION",,,No Match
"I70WB / RIDGE RD (BRADDOCK), I70WB / RIDGE RD",,,No Match
"I70WB / RIDGE RD (BRADDOCK), PH2",,,No Match
"I70WB / RT144 (NEW MARKET), I70WB / RT144",,,No Match
"I70WB / RT17, I70WB / RT17",,,No Match
"I70WB / RT180, I70WB / MOUNT PHILLIP RD",,,No Match
"I70WB / RT180, I70WB / RT180",,,No Match
"I70WB / RT340-15, I70WB / RT340-15",,,No Match
"I70WB / RT351, I70WB / RT351",,,No Match
I70WB / RT355,,,No Match
"I70WB / RT355, I70WB / RT355",,,No Match
"I70WB / RT40A(BRADDOCK), I70WB / EXIT 49",,,No Match
"I70WB / RT40A(BRADDOCK), I70WB / RT144",,,No Match
"I70WB / RT40A(BRADDOCK), I70WB / RT40A",,,No Match
"I70WB / RT40A, I70WB / RT40A",,,No Match
"I70WB / RT75(RT75), I70WB / 62MM",,,No Match
"I70WB / RT75(RT75), I70WB / RT75",,,No Match
"I70WB / RT75, I70WB / RT75",,,No Match
"I70WB / RT85, I70EB / RT85",,,No Match
"I70WB / RT85, I70WB / RT85",,,No Match
"I70WB / SPRING RIDGE PKWY, I70WB / SPRING RIDGE PKWY",,,No Match
I70WB / W WATERSVILLE RD,,,No Match
"I70WB / WASHINGTON COUNTY LINE, I70WB / WASHINGTON COUNTY LINE",,,No Match
"I70WB / WEIGH STATION (NEWM)(NEWM), I70EB / WEIGH STATION",,,No Match
"I70WB / WEIGH STATION (NEWM)(NEWM), I70WB / WEIGH STATION",,,No Match
"I70WB / WEIGH STATION (NEWM), I70WB / WEIGH STATION",,,No Match
I70WB / WOODBINE RD,,,No Match
"I70WB WASH CTY LINE CROSSOVER, I70WB WASH CTY LINE CROSSOVER",,,No Match
IJAMSVILLE CT / MUSSETTER RD,39.360664132609,-77.323169087097,Match
IJAMSVILLE RD / BIG WOODS RD,39.34243013616,-77.321081088904,Match
IJAMSVILLE RD / OLD NATIONAL PIKE,,,No Match
IJAMSVILLE RD / RAILROAD XING,,,No Match
INDIAN SPRINGS RD / KORRELL LN,39.476656115233,-77.471079533574,Match
INDUSTRY LN / GUILFORD DR,39.394252129493,-77.416337055912,Match
INTERCOASTAL DR / BALDWIN RD W,39.380293126906,-77.276162100515,Match
IRA SEARS RD / PARK MILLS RD,,,No Match
ISAAC RUSSELL ST / OLD NEW MARKET RD,39.388591124869,-77.266077603135,Match
JACKS MOUNTAIN RD / WAYNESBORO PIKE,,,No Match
JAMES MONROE HWY / LOVETTSVILLE RD,39.270934159104,-77.548308522648,Match
JAMES MONROE HWY / LUCKETTS RD,39.215836169565,-77.534588030413,Match
JAMES MONROE HWY / MYERSVILLE LN,39.261646160798,-77.544204524516,Match
JAMES MONROE HWY / NEWVALLEY CHURCH RD,39.204208171985,-77.53718903034,Match
JAMES MONROE HWY / POTOMAC OVERLOOK LN,39.255481161916,-77.541311025808,Match
JAMES MONROE HWY / SAINT CLAIR LN,39.247534163073,-77.530187029774,Match
JAMES MONROE HWY / SUGARLOAF VIEW LN,39.243790163852,-77.531019529753,Match
JAMES MONROE HWY / SWEET SPRING LN,39.256255161829,-77.543066025212,Match
JAMES MONROE HWY / WILT STORE RD,39.255481161916,-77.541311025808,Match
JAMES MONROEHWY / KENSLEE HILL LN,,,No Match
JAMES ST / MARY ST,39.412045126454,-77.429301550735,Match
JASON MILL HIGHWAY / MYERSVILLE RD,,,No Match
"JEFFERSON BLVD / MARYLAND AVE, AT INTERSECTION",39.418876127965,-77.50388452705,Match
JEFFERSON BLVD / S CLIFTON RD,39.404827130925,-77.508281026579,Match
"JEFFERSON BLVD / TEEN BARNES RD, IAO",39.380068136034,-77.513181526634,Match
JEFFERSON BLVD / WOODLYN RD,39.3827141355,-77.512979026528,Match
JEFFERSON PIKE / ALFORD LN,,,No Match
JEFFERSON PIKE / BURKITTSVILLE RD,,,No Match
JEFFERSON PIKE / COPPERFIELD DR,39.358747141845,-77.554023515274,Match
JEFFERSON PIKE / FAIR OAKS DR,39.401560129238,-77.447540045719,Match
JEFFERSON PIKE / FEAGAVILLE LN,39.385837133448,-77.475764037925,Match
JEFFERSON PIKE / HARPERS FERRY RD,39.319786155708,-77.712571968416,Match
JEFFERSON PIKE / HIMES AVE,39.403045128655,-77.440043047961,Match
"JEFFERSON PIKE / HIMES AVE, Apt/Unit:HTTPS://A91.IO/79VDM",39.403045128655,-77.440043047961,Match
"JEFFERSON PIKE / HIMES AVE, IN AREA OF",39.403045128655,-77.440043047961,Match
JEFFERSON PIKE / HOLTER RD,39.364354139472,-77.521340025096,Match
JEFFERSON PIKE / HORINE RD,,,No Match
JEFFERSON PIKE / JEFFERSON COMMONS WAY,39.394783130648,-77.449169045643,Match
"JEFFERSON PIKE / JEFFERSON COMMONS WAY, BTWN JEFF COMMONS AND GREENFIELD",39.394783130648,-77.449169045643,Match
JEFFERSON PIKE / MOUNT ZION RD,39.382867134222,-77.48052953663,Match
"JEFFERSON PIKE / MOUNT ZION RD, Apt/Unit:HTTPS://A91.IO/RRP98",39.382867134222,-77.48052953663,Match
"JEFFERSON PIKE / MOUNT ZION RD, IAO",39.382867134222,-77.48052953663,Match
JEFFERSON PIKE / OLD HOLTER RD,39.364354139472,-77.521340025096,Match
JEFFERSON PIKE / OLIVE SCHOOL RD,39.351124145024,-77.597210002313,Match
JEFFERSON PIKE / PETERSVILLE RD,39.346633146451,-77.611047498292,Match
JEFFERSON PIKE / PIONEER CIR,39.369187137714,-77.500608531246,Match
JEFFERSON PIKE / POSEY ST,39.39849113009,-77.453822043956,Match
JEFFERSON PIKE / S MOUNTAIN RD,,,No Match
JEFFERSON PIKE / SHADY LN,39.346165146665,-77.614192997343,Match
JEFFERSON PIKE / TEEN BARNES RD,39.376585135897,-77.491617533576,Match
JEFFERSON PIKE / WESTON DR,39.345238147122,-77.621262495201,Match
"JEFFERSON PIKE / WYE CREEK DR, IAO",39.379042135235,-77.487099534827,Match
JEFFERSON STATION 1 1050W WASHINGON ST,,,No Match
JEFFERSON STATION BLVD / DRAKE TER,,,No Match
JEFFERSON STATION BLVD / JEFFERSON COMMONS WAY,39.394783130648,-77.449169045643,Match
JEFFERSON STATION BLVD / MARGARITA WAY,,,No Match
JEFFERSON TECHNOLOGY BLVD / 15-340W @ JEFF TECH PKWY HWY,,,No Match
JEFFERSON TECHNOLOGY BLVD / IMPERIAL DR,39.392326131348,-77.454686044081,Match
JIMTOWN RD / BENNETT DR,,,No Match
"JIMTOWN RD / BENNETT DR, IAO",,,No Match
JIMTOWN RD / E MAIN ST,,,No Match
JOHN BROWN FARM RD / MISSION RD,39.194056185066,-77.824558941645,Match
JOHN DRAPER RD / RIDENOUR RD,39.611449089971,-77.508119013331,Match
JOHN DRAPER RD / STOTTLEMYER RD,39.607903091085,-77.518775010235,Match
"JOHN DRAPER RD / STOTTLEMYER RD, IAO",39.607903091085,-77.518775010235,Match
JUDICIAL WAY / CONSTITUTION ST,39.372814133887,-77.419739056217,Match
KAETZEL RD / ROHRERSVILLE RD,,,No Match
KATHERINE ALY / KATHERINE WAY,39.32985714011,-77.358921577903,Match
KEEP TRYST RD / RT340,,,No Match
KELBAUGH RD / BLACK RD,39.661939075514,-77.392374546201,Match
KELBAUGH RD / EYLERS VALLEY RD,39.668158073851,-77.38113354931,Match
"KELBAUGH RD / RT550, KELBAUGH RD / RT550",,,No Match
KELLY RD / LIBERTY RD,39.453958114128,-77.325081580569,Match
KELLY RD / MOUNT PLEASANT CT,39.450061114542,-77.315685583749,Match
KEMP LN / CAMPBELL HILL WAY,,,No Match
KEMP LN / ROCKY SPRINGS RD,39.448162120224,-77.453853540772,Match
"KEMP LN / ROCKY SPRINGS RD, IAO",39.448162120224,-77.453853540772,Match
KEMP LN / SHOOKSTOWN RD,,,No Match
KEMPTOWN CHURCH RD / FINGERBOARD RD,39.337012133693,-77.228039118265,Match
KEY PKWY / BAKER PL E,,,No Match
KEY PKWY / BAKER PL S,,,No Match
KEY PKWY / BAUGHMANS LN,39.420109125162,-77.437370047705,Match
KEY PKWY / BEL AIRE LN,,,No Match
KEY PKWY / N MCCAIN DR,,,No Match
KEY PKWY / OLD CAMP RD,,,No Match
KEY PKWY / WAVERLEY DR,,,No Match
KEY PKWY / WILLOWDALE DR,,,No Match
"KEY PKWY / WILLOWDALE DR, IAO",,,No Match
KEYMAR RD / GOOD INTENT RD,39.569077088344,-77.248343097174,Match
KEYS CHAPEL RD / COPPERMINE RD,39.496051100744,-77.193771618883,Match
KEYSVILLE RD / OLD FREDERICK RD,39.687328068255,-77.33428406271,Match
KEYSVILLE RD / SIXES RD,39.665629070608,-77.284122579789,Match
KIMBERLY CRIMPTON WAY / BLACK FOREST LANE,,,No Match
KIMMEL RD / GLISSANS MILL RD,39.440629112482,-77.212748116479,Match
KIMMEL RD / OLD ANNAPOLIS RD,39.423070116165,-77.21775661603,Match
KIRKLAND DR / STUART DR,,,No Match
KLINE BLVD / W PATRICK ST,39.414574126014,-77.430930550066,Match
KNOXVILLE RD / JEFFERSON PIKE,39.327256152393,-77.665200482677,Match
KOOGLES DR / W MAIN ST,39.444067124792,-77.551301010657,Match
LAKE LINGANORE BLVD / MEADOW RD,,,No Match
"LAKE LINGANORE DAM - BOYERS MILL RD, LAKE LINGANORE - COLDSTREAM BEACH",,,No Match
"LAKE LINGANORE DAM - BOYERS MILL RD, LAKE LINGANORE DAM - BOYERS MILL RD",,,No Match
LAMBERT DR / CROYDON CT,,,No Match
LAMBERT DR / SAINT SIMON CT,,,No Match
LAMBERT DR / TENNISON DR,,,No Match
LAMPLIGHTER DR / OLYMPIA LN,,,No Match
LANCASTER PL / HILLCREST DR,39.146905168572,-77.145972655769,Match
"LANDER BOAT RAMP, LANDER BOAT RAMP",,,No Match
"LANDER RD / FRY RD, 1/4 MILE FROM THERE",39.339208145233,-77.541086020551,Match
LANDER RD / JEFFERSON PIKE,39.362032140345,-77.532027521915,Match
LANDER RD / MOUNTVILLE RD,,,No Match
LANDER RD / POINT OF ROCKS RD,,,No Match
LANDER RD / ROUNDTREE RD,39.357676141202,-77.531798022265,Match
"LANDER RD / RT340, LANDER RD / RT340",,,No Match
LANDER RD / SUNRISE DR,39.314980150722,-77.558456016686,Match
"LANDER RD / SUNRISE DR, IAO",39.314980150722,-77.558456016686,Match
LANDSDALE BLVD / ED MCCLAIN RD,39.351223132953,-77.282925600246,Match
LARCH LN / E MAIN ST,39.439531124943,-77.531874517003,Match
"LAT: <39.34226> LONG: <-77.67422>, APPALACHIAN TRAIL ED GARVEY SHELTER",,,No Match
LAT: <39.5179> LONG: <-77.4924>,,,No Match
LAT: <39.5678> LONG: <-77.4611>,,,No Match
LAT: <39.6047> LONG: <-77.57718>,,,No Match
LAUREL CT / NEW DESIGN RD,39.310903147798,-77.461130047256,Match
LAWYER LN / STRAFFORD DR,39.610045085816,-77.393468049212,Match
LEATHERMAN RD / FISH HATCHERY RD,39.536758101485,-77.423532544546,Match
LEE PL / MEADE AVE,,,No Match
"LEGG RD / GRAYMONT DR, CORNER, OLD BRICK HOUSE ON GRAYMONT",39.401389126504,-77.375391568224,Match
LEGORE BRIDGE RD / CLYDE YOUNG RD,39.567997091051,-77.313269076962,Match
LEGORE BRIDGE RD / JOHN MEHRING RD,39.594385086076,-77.31979407323,Match
LEGORE BRIDGE RD / LEGORE RD,39.579427088726,-77.311676076726,Match
"LEGORE BRIDGE RD / LONGS MILL RD, IAO",39.59524008597,-77.321427572665,Match
LEGORE BRIDGE RD / MONOCACY RIVER,,,No Match
LEGORE BRIDGE RD / OAK HILL RD,39.564397091741,-77.312648077387,Match
"LEGORE BRIDGE RD / RT194, LEGORE BRIDGE RD / RT194",,,No Match
LEW WALLACE ST / BEALLS FARM RD,39.333871139309,-77.358863077667,Match
LEW WALLACE ST / WORTHINGTON BLVD,,,No Match
LEWISDALE RD / CLARKSBURG RD,39.286126145507,-77.271806107824,Match
LEWISDALE RD / GREEN VALLEY RD,39.294433145183,-77.306816096386,Match
LEWISDALE RD / PRESCOTT RD,39.28771914567,-77.28445560378,Match
LIBERTY HALL RD / TRACT RD,39.765736052902,-77.337366556664,Match
"LIBERTY RD / 15S BTWN CHRISTOPHERS XING ON RAMP & RT 26 BRDGE HWY, LIBERTY RD / RT15SB",,,No Match
LIBERTY RD / ALBAUGH RD,39.476899103698,-77.171483127063,Match
LIBERTY RD / BUFFALO RD,39.463102104438,-77.118941144352,Match
"LIBERTY RD / CHESTNUT GROVE RD, IAO",39.466684109999,-77.283285592802,Match
LIBERTY RD / CLEMSONVILLE RD,39.478042103996,-77.185257622688,Match
LIBERTY RD / CRUM RD,39.453724114401,-77.330994578739,Match
"LIBERTY RD / CRUM RD, IAO",39.453724114401,-77.330994578739,Match
LIBERTY RD / DANCE HALL RD,39.454012114181,-77.326737580049,Match
LIBERTY RD / ISRAEL CREEK XING,,,No Match
LIBERTY RD / KELLY RD,39.453958114128,-77.325081580569,Match
LIBERTY RD / LATHAM DR,39.451317551992,-77.374386529249,Match
LIBERTY RD / LONGMEADOW DR,39.449800117209,-77.383869562493,Match
LIBERTY RD / MAPLEVILLE RD,39.478780104542,-77.203388116978,Match
LIBERTY RD / MONOCACY BLVD,,,No Match
"LIBERTY RD / MONOCACY BLVD, WALMART",,,No Match
LIBERTY RD / MONOCACY RIVER,,,No Match
LIBERTY RD / N MARKET ST,,,No Match
LIBERTY RD / OLD ANNAPOLIS RD,39.455965113122,-77.309219085391,Match
LIBERTY RD / RIVERSIDE WAY,,,No Match
LIBERTY RD / ROUTZAHN WAY,,,No Match
LIBERTY RD / SEBASTIAN BLVD,,,No Match
"LIBERTY RD / SEBASTIAN BLVD, SEBASTIAN BLVD / RT26",,,No Match
LIBERTY RD / UNIONVILLE RD,39.470914104336,-77.157020131961,Match
LIBERTY RD / WATER STREET RD,39.455965113122,-77.309219085391,Match
LIBERTY RD / WATERSIDE DR,,,No Match
"LIBERTY RD / WATERSIDE DR, **PH2",,,No Match
"LIBERTY RD / WATERSIDE DR, IAO",,,No Match
LIBERTY RD / WOODSBORO PIKE,,,No Match
LIBERTY RD / WORMANS MILL RD,,,No Match
"LIBERTY RD / WORMANS MILL RD, IAO",,,No Match
LILY PONS RD / MONOCACY RIVER,,,No Match
LIME KILN RD / LIME KILN WAY,38.796868231166,-76.935692242755,Match
LIME KILN RD / RAILROAD XING,,,No Match
LIME KILN WAY / ENGLISH MUFFIN WAY,,,No Match
LINGANORE RD / BARTONSVILLE RD,,,No Match
LINGANORE RD / GAS HOUSE PIKE,39.433636118723,-77.339630077325,Match
LINGANORE RD / PLANT RD,39.411568123892,-77.360042072363,Match
LINGANORE RD / PLANTATION RD,39.423304120936,-77.343792576685,Match
LINKS BRIDGE RD / MONOCACY RIVER,,,No Match
LOCK 33 POTOMAC RIVER,,,No Match
LONGS MILL RD / CREAGERSTOWN RD,39.577033091252,-77.365010060224,Match
LONGS MILL RD / NEW CUT RD,39.587068088429,-77.343302066358,Match
LONGS MILL RD / ROCKY RIDGE RD,39.605302083879,-77.318853572822,Match
LOVETTSVILLE RD / JAMES MONROE HIGHWAY,39.270934159104,-77.548308522648,Match
LOVETTSVILLE RD / MOONLAKE LN,,,No Match
LOWES LN / URBANA PIKE,,,No Match
LOY WOLFE RD / BLACK ROCK RD,39.584503097771,-77.571892995179,Match
LOY WOLFE RD / DOG RD,39.568195101223,-77.577733994414,Match
LYNN BURKE RD / FINGERBOARD RD,39.344158133232,-77.253320109927,Match
LYNN BURKE RD / SIER DR,39.349009132249,-77.252888109755,Match
LYNN BURKE RD / WELLER RD,39.353986131163,-77.250431110207,Match
LYNN CREST RD / RIDGEWAY CT,39.364642129132,-77.252811608791,Match
LYNWOOD FARM CT / FREDERICK RD,39.271231149847,-77.307747597559,Match
"MA CARRCO: I70EB / RT27(MTAY), I70EB / CARROLL COUNTY LINE",,,No Match
"MA CARRCO: I70EB / RT27(MTAY), MA CARRCO: I70EB / RT27",,,No Match
"MA CARRCO: I70EB / RT27, MA CARRCO: I70EB / RT27",,,No Match
"MA CARRCO: I70EB / RT27, MA CARRCO: I70WB / RT27",,,No Match
"MA CARRCO: I70WB / RT27(MTAY), MA CARRCO: I70WB / RT27",,,No Match
"MA MONTCO: I270SB / RT109 & RT121, MA MONTCO: I270SB / RT109 & RT121",,,No Match
"MA WASHCO: RT340 / KEEP TRYST RD, MA WASHCO: RT340 / KEEP TRYST RD",,,No Match
"MA WASHCO: RT340 / POTOMAC RIVER BRIDGE, MA WASHCO: RT340 / POTOMAC RIVER BRIDGE",,,No Match
MA: 1200 GOOD INTENT RD,,,No Match
MACKALL ST / MACKALL CT,39.336643138791,-77.35976307721,Match
MADISON ST / BURCK ST,39.410578126438,-77.421291553326,Match
MAIN ST / CHURCH ST,,,No Match
MAIN ST / MONUMENT RD,39.505528113196,-77.566578501941,Match
MAIN ST / ROHRERSVILLE RD,,,No Match
MAIN ST / SOUTH ST,,,No Match
MAIN ST / WALNUT ST,,,No Match
MAIN ST / WOODSBORO RD,39.484630105034,-77.246673603089,Match
MALVERN WAY / MCCLELLAN DR,39.466409614826,-77.407676804005,Match
MANDALONG WAY / GAS HOUSE PIKE,,,No Match
MANOR WOODS RD / NEW DESIGN RD,39.331036143549,-77.454888547921,Match
MAPLE DR / BOUNDARY AVE,,,No Match
MAPLEVILLE RD / BEAVER CREEK RD,39.574018102738,-77.646421972619,Match
MAPLEVILLE RD / KEADLE RD,39.536713110162,-77.647600974671,Match
"MAR-LU-RIDGE RD / MOUNTVILLE RD, PH2",,,No Match
"MARKER RD / BOLIVAR RD, RT40A / MARKER RD",39.452239124863,-77.59511299648,Match
MARKER RD / OLD NATIONAL PIKE,39.450610123958,-77.563320506492,Match
MARLEY ST / E MAIN ST,39.383362125875,-77.265155103755,Match
MARYLAND AVE / OLD NATIONAL PIKE,39.424204126889,-77.50343002685,Match
MARYLAND HEIGHTS,,,No Match
MARYLAND HEIGHTS OVERLOOK,,,No Match
MASSER RD / OPOSSUMTOWN PIKE,,,No Match
MASSON MILL LN / POLPERRO ST,,,No Match
MCKAIG RD / GAS HOUSE PIKE,39.431737117987,-77.310551086519,Match
"MCKIMMEYS LANDING BOAT RAMP MCKIMMEYS LANDING BOAT RAMP, MCKIMMEYS LANDING BOAT RAMP",,,No Match
MD HEIGHTS RED TRAIL / SANDY HOOK RD,,,No Match
MEADOW RD / OLD NATIONAL PIKE,39.39354112615,-77.325362834327,Match
MEADOW RD / RAMP MEADOW RD TO I70WB RAMP,,,No Match
"MEADOWBROOKE DR / OPOSSUMTOWN PIKE, Apt/Unit:IAO, MIDDLE OF FIELD",,,No Match
MEETING HOUSE RD / WOLFSVILLE RD,39.543499104215,-77.528819011266,Match
MERIDIAN CT / TENNISON DR,39.365830135967,-77.437730051054,Match
MIDDLE POINT RD / WOLFSVILLE RD,39.562912100235,-77.525255011124,Match
MIDDLEBURG RD / CROUSE MILL RD,39.594709082103,-77.218026605006,Match
MIDDLEBURG RD / FRANCIS SCOTT KEY HWY,39.603016081191,-77.237156098495,Match
MIDDLEBURG RD / Y RD,39.596608082096,-77.227656601875,Match
MILL BOTTOM RD / RIDGE RD,,,No Match
MILL CREEK DR / SOUTH ST,,,No Match
MILL ISLAND PKWY / MILL RACE RD,,,No Match
MILL ISLAND PKWY / MONOCACY FORD RD,39.461437114978,-77.385957561098,Match
MILL POINT RD / MAPLEVILLE RD,,,No Match
MILL POND RD / MONOCACY BLVD,,,No Match
"MILL POND RD / OSPREY WAY, IAO",39.448450117924,-77.395506558949,Match
MILL RACE RD / MILL ISLAND PKWY,,,No Match
MILT SUMMERS RD / MYERSVILLE RD,,,No Match
MONOCACY BLVD / 15N BTWN MONOCACY BLV BRDGE & MONOCACY BLV ON RAMP HWY,,,No Match
"MONOCACY BLVD / BOND ST, IAO",,,No Match
MONOCACY BLVD / BROADBAND DR,39.441295118828,-77.382042563606,Match
MONOCACY BLVD / BUCHEIMER RD,39.409165125405,-77.387046564095,Match
"MONOCACY BLVD / BUCHEIMER RD, SERVICE GLASS INDUSTRIES",39.409165125405,-77.387046564095,Match
MONOCACY BLVD / CHRISTOPHERS XING,,,No Match
MONOCACY BLVD / E CHURCH ST,39.426580121892,-77.385701063404,Match
MONOCACY BLVD / E PATRICK ST,39.407491125782,-77.388203063841,Match
MONOCACY BLVD / E SOUTH ST,,,No Match
"MONOCACY BLVD / E SOUTH ST, IAO",,,No Match
MONOCACY BLVD / FOUNDRY ST,,,No Match
"MONOCACY BLVD / HUGHES FORD RD, MONOCACY BLVD / HUGHES FORD RD",39.415726123988,-77.384112564591,Match
MONOCACY BLVD / LAUREL WOOD WAY,,,No Match
"MONOCACY BLVD / LAUREL WOOD WAY, Bldg:C",,,No Match
MONOCACY BLVD / LIBERTY RD,,,No Match
MONOCACY BLVD / MILL POND RD,,,No Match
MONOCACY BLVD / MONOCACY RIVER,,,No Match
"MONOCACY BLVD / MONOCACY RIVER, Apt/Unit:FLR 1 - SPRINGER SUS",,,No Match
"MONOCACY BLVD / MONOCACY RIVER, ON THE NORTH SIDE",,,No Match
MONOCACY BLVD / MONROE AVE,,,No Match
MONOCACY BLVD / PROGRESS DR,39.437578839385,-77.377313605318,Match
"MONOCACY BLVD / PROGRESS DR, RUTTERS - RIVERSIDE CORPORATE PARK",39.437578839385,-77.377313605318,Match
MONOCACY BLVD / QUINCY WAY,,,No Match
MONOCACY BLVD / RAILROAD XING,,,No Match
MONOCACY BLVD / RAMP I70WB TO MONOCACY BLVD RAMP,,,No Match
MONOCACY BLVD / RAMP MONOCACY BLVD TO I70WB RAMP,,,No Match
MONOCACY BLVD / REICHS FORD RD,,,No Match
MONOCACY BLVD / RIVERBEND WAY,39.447280117767,-77.385368062187,Match
"MONOCACY BLVD / RIVERBEND WAY, IAO",39.447280117767,-77.385368062187,Match
"MONOCACY BLVD / RT15, MONOCACY BLVD / RT15",,,No Match
MONOCACY BLVD / S EAST ST,,,No Match
MONOCACY BLVD / S EVERLY DR,,,No Match
MONOCACY BLVD / S MARKET ST,39.402352127648,-77.410217057304,Match
MONOCACY BLVD / SCHIFFERSTADT BLVD,,,No Match
MONOCACY BLVD / SHOREBIRD ST,,,No Match
MONOCACY BLVD / STORAGE WAY,,,No Match
MONOCACY BLVD / TREATMENT PLANT RD,,,No Match
MONOCACY BLVD / WATERSIDE DR,,,No Match
MONOCACY CROSSING PKWY / VILLAGE GREEN WAY,39.332215150625,-77.64495498866,Match
MONOCACY RIVER / CREAGERSTOWN RD,,,No Match
MONOCACY RIVER / DICKERSON RD,39.224566163686,-77.426439563526,Match
MONOCACY RIVER / LIBERTY RD,,,No Match
MONOCACY RIVER / LINKS BRIDGE RD,,,No Match
MONOCACY RIVER / MUMMA FORD RD,,,No Match
MONOCACY RIVER / OLD NATIONAL PIKE,,,No Match
MONROE AVE / HIGHLAND ST,39.412531124892,-77.39111906261,Match
MONROE AVE / MONOCACY BLVD,,,No Match
"MONROE AVE / MONOCACY BLVD, IN AREA OF",,,No Match
MONTEREY LN / BUCHANAN TRL E,39.727837065554,-77.471021017355,Match
MONTEVUE LN / DOCTOR BOURNE WAY,,,No Match
MOORSEVILLE RD / INDIAN SPRING RD,,,No Match
MOTTER AVE / FAIRVIEW AVE,39.431170121921,-77.410208055468,Match
MOTTER AVE / OPOSSUMTOWN PIKE,,,No Match
MOTTER AVE / PINEWOOD DR,,,No Match
MOTTER AVE / RAMP MOTTER AVE TO RT15NB RAMP,,,No Match
MOTTER AVE / RAMP RT15NB TO MOTTER AVE RAMP,,,No Match
MOTTER AVE / W FOURTEENTH ST,39.432988121561,-77.410248555339,Match
"MOTTER AVE / W FOURTEENTH ST, RT15NB / MOTTER AVE",39.432988121561,-77.410248555339,Match
MOTTER AVE / W THIRTEENTH ST,39.431170121921,-77.410208055468,Match
"MOTTER AVE / W THIRTEENTH ST, MOTTER AVE / RT15",39.431170121921,-77.410208055468,Match
MOTTERS STATION RD / FOUR POINTS RD,39.659122073674,-77.33029256578,Match
MOTTERS STATION RD / ROCKY RIDGE RD,39.605302083879,-77.318853572822,Match
MOUNT EPHRAIM RD / STEWART HILL RD,39.288268150216,-77.406477565717,Match
MOUNT OLIVET BLVD / S MARKET ST,39.406474126895,-77.411949556501,Match
MOUNT PHILLIP RD / BUTTERFLY LN,39.413800127684,-77.470391037814,Match
MOUNT PHILLIP RD / GOLD MINE RD,39.411181128575,-77.480007534984,Match
MOUNT PHILLIP RD / MOUNT ZION RD,,,No Match
MOUNT PHILLIP RD / OLD NATIONAL PIKE,,,No Match
MOUNT TABOR RD / MILT SUMMERS RD,39.491677116621,-77.584150997357,Match
MOUNT ZION RD / 15-340W @ MT ZION RD HWY,,,No Match
MOUNT ZION RD / JEFFERSON PIKE,39.382867134222,-77.48052953663,Match
MOUNT ZION RD / MOUNT PHILLIP RD,,,No Match
MOUNT ZION RD / RAMP RT15-340WB TO MT ZION RD RAMP,,,No Match
MOUNT ZION RD / SWEETWATER CT,39.396898132289,-77.502791028796,Match
MOUNTAIN RD / CORALBERRY PL,,,No Match
MOUNTAIN VIEW RD / WAYNESBORO RD,39.719233062564,-77.350034055721,Match
MOUNTAINDALE RD / BETHEL RD,,,No Match
MOUNTAINDALE RD / LARVADALE CT,39.520756105077,-77.434458542165,Match
MOUNTVILLE RD / ADAMSTOWN RD,39.311011148299,-77.474769543,Match
MOUNTVILLE RD / BALLENGER CREEK PIKE,39.321172146798,-77.488391038111,Match
"MOUNTVILLE RD / BALLENGER CREEK PIKE, IAO",39.321172146798,-77.488391038111,Match
"MOUNTVILLE RD / BALLENGER CREEK PIKE, IAO, JUST PASSED INTERSECTON",39.321172146798,-77.488391038111,Match
MOUNTVILLE RD / BASFORD RD,39.339199144039,-77.509986530237,Match
MOUNTVILLE RD / DOUBS RD,39.302848149727,-77.469617045124,Match
MOUNTVILLE RD / INWOOD DR,39.30485514937,-77.470733044648,Match
"MOUNTVILLE RD / LANDER RD, Apt/Unit:HTTPS://A91.IO/03NZB",,,No Match
MOUNTVILLE RD / MAR-LU-RIDGE RD,,,No Match
MOUNTVILLE RD / RT15 @ MOUNTVILLE RD HWY,,,No Match
MOUNTVILLE RD / TIMBERY DR,39.354463141536,-77.523864524941,Match
MOUNTVILLE RD / WINCHESTER BLVD,,,No Match
"MOUTH OF MONOCACY BOAT RAMP, MOUTH OF MONOCACY BOAT RAMP",,,No Match
MOUTH OF MONOCACY RD / DICKERSON RD,39.224566163686,-77.426439563526,Match
MT EPHRAIM RD / BARNESVILLE RD,,,No Match
MUD COLLEGE RD / APPLES CHURCH RD,39.643066078063,-77.361779056978,Match
MULLINIX ALY / W ALL SAINTS ST,,,No Match
MULLINIX MILL / LONG CORNER,39.289762140573,-77.161025142146,Match
MUMMA FORD RD / BURRIER LN,39.622834079527,-77.295944078851,Match
MUSSETTER RD / FAIRGREENE WAY,,,No Match
MUSSETTER RD / IJAMSVILLE RD,39.360664132609,-77.323169087097,Match
MUSSETTER RD / OLD NATIONAL PIKE,39.38684512643,-77.297843093336,Match
MUSSETTER RD / W HYATT RD,39.381823127621,-77.302847092094,Match
MUSSETTER RD / WHITEROSE DR,39.390094125766,-77.297402093267,Match
"MYERSVILLE RD / BIDLE HILL CT, I70EB / 43MM",39.479428117367,-77.540663011701,Match
N ALTAMONT AVE / STULL DR,,,No Match
N BENTZ ST / ABRECHT PL,39.414430125433,-77.415054555025,Match
N BENTZ ST / CARROLL PKWY,39.414956625324,-77.414944305026,Match
N BENTZ ST / EVERGREEN PL,,,No Match
N BENTZ ST / W FIFTH ST,39.42051412413,-77.412602055402,Match
N BENTZ ST / W PATRICK ST,39.413818125565,-77.415333554977,Match
N BENTZ ST / W SECOND ST,39.416833124915,-77.414006055199,Match
N BENTZ ST / W SEVENTH ST,39.422953123608,-77.411630055549,Match
N BENTZ ST / W THIRD ST,39.418057124652,-77.413497555279,Match
N CARROLL ST / E MAIN ST,39.622654083862,-77.407467544027,Match
N CHURCH ST / E GREEN ST,39.567313078831,-76.990038678045,Match
N CHURCH ST / W GREEN ST,38.175787303153,-75.395612759129,Match
"N CHURCH ST / W GREEN ST, MIDDLETOWN WATER TOWER",38.175787303153,-75.395612759129,Match
N CHURCH ST / WOODSIDE AVE,39.626056083316,-77.410730042788,Match
N EAST ST / AUSTIN ALY,,,No Match
N EAST ST / E CHURCH ST,39.415015124939,-77.405217558055,Match
N EAST ST / E FIFTH ST,39.419956123929,-77.404488557967,Match
"N EAST ST / E FOURTEENTH ST, KREITZ AUTO REPAIR & SALES",39.431017121678,-77.403089057698,Match
N EAST ST / E NINTH ST,39.42551560693,-77.403596382038,Match
N EAST ST / E SEVENTH ST,39.42240412343,-77.404151057916,Match
"N EAST ST / E SEVENTH ST, IAO",39.42240412343,-77.404151057916,Match
N EAST ST / E SIXTH ST,39.421234123668,-77.404299557945,Match
N EAST ST / N MARKET ST,39.4354451208,-77.4031385574,Match
N MAIN ST / COPPERMINE RD,,,No Match
N MAPLE AVE / ROBY ALY,,,No Match
N MAPLE AVE / SOUDER RD,39.325141151145,-77.621937496276,Match
N MAPLE AVE / W J ST,39.321298151972,-77.623584496009,Match
"N MARKET ST / E CHURCH ST, CANDY KITCHEN",39.415366125085,-77.410847056277,Match
"N MARKET ST / E CHURCH ST, TASTING ROOM",39.415366125085,-77.410847056277,Match
"N MARKET ST / E EIGHTH ST, LAUNDRY MAT",39.424258123238,-77.408754556363,Match
N MARKET ST / E PATRICK ST,39.414196125324,-77.411009056302,Match
N MARKET ST / E SEVENTH ST,39.422773123566,-77.409623056187,Match
N MARKET ST / E SIXTH ST,39.421585123817,-77.409996556146,Match
N MARKET ST / E THIRD ST,39.417832124582,-77.410505056227,Match
N MARKET ST / E THIRTEENTH ST,39.430018121992,-77.40610855682,Match
N MARKET ST / FREDERICK AVE,39.430900121801,-77.40570355689,Match
N MARKET ST / N EAST ST,39.4354451208,-77.4031385574,Match
N MARKET ST / ROUTZAHN WAY,39.443788118825,-77.394863059448,Match
N MARKET ST / SCHIFFERSTADT BLVD,,,No Match
N MARKET ST / W SIXTH ST,39.421585123817,-77.409996556146,Match
N MARKET ST / W TENTH ST,39.426930844321,-77.407838180189,Match
N MARKET ST / W THIRTEENTH ST,39.430018121992,-77.40610855682,Match
N MARKET ST / W TWELFTH ST,39.428992122214,-77.406585556737,Match
N MARKET ST / WORMANS MILL CT,39.441250119426,-77.397387558823,Match
N MAXWELL AVE / E SIXTH ST,39.42145012377,-77.408088556749,Match
N MCCAIN DR / W PATRICK ST,,,No Match
N POTOMAC ST / E MAIN ST,39.393955137762,-77.629551489499,Match
N SETON AVE / FEDERAL AVE,39.708070040286,-77.322227600968,Match
N SETON AVE / PROVINCIAL PKWY,,,No Match
"N SETON AVE / RT15, N SETON AVE / RT15",,,No Match
N SETON AVE / W NORTH AVE,39.361789103149,-76.54781482933,Match
N VIRGINIA AVE / W B ST,39.314593153522,-77.629177994697,Match
N WISNER ST / E CHURCH ST,39.415510124804,-77.404277058317,Match
NEW DESIGN RD / ADAMSTOWN RD,39.312649147429,-77.460581047316,Match
NEW DESIGN RD / ARBOR DR,,,No Match
NEW DESIGN RD / BOAT RAMP,,,No Match
NEW DESIGN RD / CORPORATE DR,39.378772132772,-77.421575055265,Match
NEW DESIGN RD / CRESTWOOD BLVD,39.390107630573,-77.423015054094,Match
NEW DESIGN RD / ENGLISH MUFFIN LN,39.363220136298,-77.432834052746,Match
NEW DESIGN RD / ENGLISH MUFFIN WAY,39.363220136298,-77.432834052746,Match
NEW DESIGN RD / EXECUTIVE WAY,39.372022134252,-77.425139054584,Match
NEW DESIGN RD / FOXCROFT DR,,,No Match
NEW DESIGN RD / GUILFORD DR,39.396727129104,-77.41901455492,Match
NEW DESIGN RD / HARSHMAN WAY,,,No Match
NEW DESIGN RD / LADD LN,,,No Match
NEW DESIGN RD / LAUREL CT,39.310903147798,-77.461130047256,Match
NEW DESIGN RD / MANOR WOODS RD,39.331036143549,-77.454888547921,Match
NEW DESIGN RD / MOUNTVILLE RD,,,No Match
NEW DESIGN RD / OLAND RD,,,No Match
NEW DESIGN RD / RAILROAD XING,,,No Match
NEW DESIGN RD / ROBIN DR,,,No Match
"NEW DESIGN RD / RT355, NEW DESIGN RD / RT355",,,No Match
"NEW DESIGN RD / S MARKET ST, IAO",39.402451146527,-77.410492208838,Match
NEW DESIGN RD / STADIUM DR,,,No Match
NEW DESIGN RD / TUSCARORA RD,39.259846158595,-77.477375045435,Match
NEW DESIGN RD / WEDGEWOOD BLVD,39.369070134987,-77.429004553567,Match
"NEW DESIGN RD / WEDGEWOOD BLVD, IAO",39.369070134987,-77.429004553567,Match
NEW HORIZON WAY / URBANA PIKE,39.38021213163,-77.399246062134,Match
NEW LONDON RD / CRICKENBERGER RD,,,No Match
NEW WINDSOR RD / CARROLL COUNTY LINE XING,,,No Match
NEW WINDSOR RD / CLEMSONVILLE RD,39.494278100526,-77.178836123662,Match
NEW WINDSOR RD / COPPERMINE RD,39.494530100949,-77.191238119772,Match
NEWPORT DR E / NEWPORT PL,,,No Match
NINTH AVE / E B ST,39.311758153505,-77.614107499568,Match
NINTH AVE / SOUDER RD,,,No Match
"NOLANDS FERRY BOAT RAMP, NOLANDS FERRY BOAT RAMP",,,No Match
"NOLANDS FERRY PARKING LOT, NOLANDS FERRY PARKING LOT",,,No Match
"NOLANDS FERRY PICNIC AREA, NOLANDS FERRY PICNIC AREA",,,No Match
"NORTH FREDERICK OVERLOOK - GAMBRILL STATE PARK, NORTH FREDERICK OVERLOOK - GAMBRILL STATE PARK",,,No Match
NORVA AVE / WYNGATE DR,,,No Match
OAK HILL RD / LEGORE BRIDGE RD,39.564397091741,-77.312648077387,Match
OAK ORCHARD RD / NEW WINDSOR RD,39.491767100098,-77.154554131407,Match
OAK ORCHARD RD / SAMS CREEK RD,39.499295597118,-77.115617893095,Match
OLAND RD / BUCKEYSTOWN PIKE,39.295009150684,-77.453822050541,Match
OLD ANNAPOLIS RD / BOTTOM RD,,,No Match
OLD ANNAPOLIS RD / BRIDLE PATH LN,39.448504113473,-77.279654095093,Match
OLD ANNAPOLIS RD / CHESTNUT GROVE RD,39.447667113575,-77.277984595668,Match
OLD ANNAPOLIS RD / DETRICK RD,39.417436117054,-77.211681618283,Match
OLD ANNAPOLIS RD / EQUESTRIAN WAY,39.450016113312,-77.28329909386,Match
OLD ANNAPOLIS RD / GREEN VALLEY RD,39.436183114924,-77.253558604022,Match
OLD ANNAPOLIS RD / KIMMEL RD,39.423070116165,-77.21775661603,Match
"OLD ANNAPOLIS RD / KIMMEL RD, Apt/Unit:A",39.423070116165,-77.21775661603,Match
OLD ANNAPOLIS RD / LIBERTY RD,39.455965113122,-77.309219085391,Match
OLD ANNAPOLIS RD / LORIEN CT,39.442924114321,-77.272832097578,Match
OLD ANNAPOLIS RD / MCKAIG RD,39.453346113632,-77.308953585641,Match
OLD BARTHOLOWS RD / BARTHOLOWS RD,,,No Match
OLD BOHN RD / WOODVILLE RD,39.409075117449,-77.178386129207,Match
OLD CAMP RD / ANDOVER LN,,,No Match
OLD CAMP RD / GARRETT DR,39.421135126099,-77.467065538382,Match
OLD CAMP RD / STONEGATE DR,,,No Match
OLD CATOCTIN RD / STOTTLEMYER RD,,,No Match
OLD EMMITSBURG RD / ALUMNI CT,,,No Match
OLD FARM DR / WESTHAM CT,39.446920119854,-77.437829045848,Match
OLD FREDERICK RD / CREAGERSTOWN RD,39.574324091758,-77.364213560647,Match
OLD FREDERICK RD / DEVILBISS BRIDGE RD,39.508903106026,-77.398094054273,Match
OLD FREDERICK RD / HUNT CLUB RD,39.559861094922,-77.371994059148,Match
OLD FREDERICK RD / KEYSVILLE RD,39.687328068255,-77.33428406271,Match
OLD FREDERICK RD / LINKS BRIDGE RD,39.545092098022,-77.376512058686,Match
OLD FREDERICK RD / ORNDORFF RD,39.65121107571,-77.342532562466,Match
OLD FREDERICK RD / ROCKY RIDGE RD,39.612880083698,-77.353107561634,Match
OLD FREDERICK RD / UTICA MILLS CIR,,,No Match
OLD HAGERSTOWN RD / OLD NATIONAL PIKE,,,No Match
"OLD HARMONY RD / RT17, OLD HARMONY RD / RT17",,,No Match
OLD HOLTER RD / JEFFERSON PIKE,39.364354139472,-77.521340025096,Match
OLD HUNDRED RD / THURSTON RD,39.263392152794,-77.344040086743,Match
OLD LICKSVILLE RD / TUSCARORA RD,,,No Match
"OLD LICKSVILLE RD / TUSCARORA RD, IAO",,,No Match
OLD MIDDLETOWN RD / BURKITTSVILLE RD,,,No Match
OLD MIDDLETOWN RD / CHERRY LN,39.398041133494,-77.539992517132,Match
OLD MIDDLETOWN RD / COOL CREST DR,39.371608138721,-77.539299519038,Match
OLD MIDDLETOWN RD / POOLE RD,,,No Match
"OLD MIDDLETOWN RD / POOLE RD, IAO",,,No Match
OLD NATIONAL PIKE / 70E BTWN RT 144 BRGE & IJAMSVILLE RD ON RAMP PIKE,,,No Match
OLD NATIONAL PIKE / BALTIMORE RD,,,No Match
OLD NATIONAL PIKE / BARTHOLOWS RD,,,No Match
OLD NATIONAL PIKE / BARTONSVILLE RD,,,No Match
OLD NATIONAL PIKE / BILL MOXLEY RD,,,No Match
OLD NATIONAL PIKE / BOYERS MILL RD,39.384730126418,-77.286498597009,Match
OLD NATIONAL PIKE / BYE ALY,,,No Match
OLD NATIONAL PIKE / DETRICK RD,,,No Match
OLD NATIONAL PIKE / DOGWOOD LN,39.429806625918,-77.507104275346,Match
OLD NATIONAL PIKE / EAGLEHEAD DR,,,No Match
OLD NATIONAL PIKE / EDGEMONT RD,39.42322762672,-77.493995779853,Match
OLD NATIONAL PIKE / FOX GAP RD,39.475369120707,-77.606209991533,Match
OLD NATIONAL PIKE / GREEN VALLEY RD,39.606589098589,-77.705137952197,Match
"OLD NATIONAL PIKE / GREEN VALLEY RD, IAO",39.606589098589,-77.705137952197,Match
OLD NATIONAL PIKE / HOLLOW RD,39.434662125414,-77.519031521318,Match
OLD NATIONAL PIKE / IJAMSVILLE RD,,,No Match
OLD NATIONAL PIKE / JESSE SMITH RD,39.378106125789,-77.235464113351,Match
OLD NATIONAL PIKE / JORDAN BLVD,39.388186126389,-77.303747091409,Match
OLD NATIONAL PIKE / MORNING GATE LN,,,No Match
OLD NATIONAL PIKE / MOSER RD,39.485449119399,-77.62402998533,Match
OLD NATIONAL PIKE / MOUNT PHILLIP RD,39.549961106148,-77.611713484999,Match
OLD NATIONAL PIKE / MOUNT TABOR RD,39.549961106148,-77.611713484999,Match
OLD NATIONAL PIKE / N CLIFTON RD,39.421315126665,-77.482700783496,Match
OLD NATIONAL PIKE / OLD CAMP RD,,,No Match
OLD NATIONAL PIKE / OLD HAGERSTOWN RD,,,No Match
OLD NATIONAL PIKE / RAMP I70EB TO RT144 RAMP,,,No Match
OLD NATIONAL PIKE / RIDGE RD,39.42443812686,-77.503871026698,Match
OLD NATIONAL PIKE / RIDGEFIELD DR,,,No Match
OLD NATIONAL PIKE / ROTARY AVE,39.382915444854,-77.255303442636,Match
"OLD NATIONAL PIKE / ROTARY AVE, CVS PHARMACY - NEW MARKET",39.382915444854,-77.255303442636,Match
OLD NATIONAL PIKE / SIDNEY RD,39.368323126052,-77.191188627787,Match
OLD NATIONAL PIKE / SPRING RIDGE PKWY,,,No Match
OLD NATIONAL PIKE / TERRA FIRMA RD,,,No Match
OLD NATIONAL PIKE / URNER AVE,39.424168126861,-77.502512027139,Match
OLD NATIONAL PIKE / W PATRICK ST,39.419857126191,-77.46284003978,Match
OLD NATIONAL PIKE / WOODVILLE RD,39.37151812611,-77.209454121884,Match
"OLD NATIONAL PIKE / WOODVILLE RD, CHIMNEY SWEEPS OF SHERWOOD",39.37151812611,-77.209454121884,Match
OLD NATIONAL PIKE / YEAGERTOWN RD,39.389194126348,-77.307936590038,Match
OLD NEW MARKET RD / GREEN VALLEY RD,39.39123712416,-77.26129410446,Match
OLD RECEIVER RD / DOWN HILL RUN,39.43954912257,-77.47038203617,Match
OLD SWIMMING POOL RD / FULMER RD,39.410587129363,-77.497440529588,Match
OLD SWIMMING POOL RD / MOUNT PHILLIP RD,,,No Match
OLD SWIMMING POOL RD / S CLIFTON RD,39.4124951291,-77.500437528532,Match
OLD WILLOWBROOK RD / WILLOWBROOK RD,,,No Match
OLIVE SCHOOL RD / JEFFERSON PIKE,39.351124145024,-77.597210002313,Match
OLIVE SCHOOL RD / POINT OF ROCKS RD,39.327607149149,-77.582882008276,Match
OPOSSUMTOWN PIKE / AMBER DR,39.448742618489,-77.411747053865,Match
"OPOSSUMTOWN PIKE / AMBER DR, IAO",39.448742618489,-77.411747053865,Match
OPOSSUMTOWN PIKE / BLOOMFIELD RD,,,No Match
OPOSSUMTOWN PIKE / CHRISTOPHERS XING,,,No Match
OPOSSUMTOWN PIKE / POOLE JONES RD,39.46000161643,-77.416337051714,Match
OPOSSUMTOWN PIKE / THOMAS JOHNSON DR,,,No Match
ORCHARD WAY / S MCCAIN DR,39.41560912665,-77.452827543173,Match
ORNDORFF RD / OLD FREDERICK RD,39.65121107571,-77.342532562466,Match
OSPREY WAY / MILL POND RD,39.448450117924,-77.395506558949,Match
OSPREY WAY / WILLOWLEAF PEAR ALY,,,No Match
OUTCO: WINDSONG WAY / RIDGE RD,39.396673118352,-77.137206642848,Match
PARK CENTRAL RD / FOXVILLE RD,39.633454083377,-77.450150030001,Match
PARK MILLS RD / FINGERBOARD RD,39.329074141175,-77.382690570544,Match
PARK MILLS RD / HOPE MILLS LN,39.315097144443,-77.395326567492,Match
"PARK MILLS RD / LILY PONS RD, Apt/Unit:HTTPS://A91.IO/34ACQ",,,No Match
"PARK MILLS RD / MONOCACY RIVER, IAO",,,No Match
"PARK MILLS RD / RT28, RT28 / PARK MILLS RD",,,No Match
PARK MILLS RD / URBANA PIKE,,,No Match
PARKVIEW CT / PARKVIEW DR,39.435697123488,-77.474369035173,Match
PASSEND DR / DAVINCI ST,39.397699130175,-77.451945544592,Match
PEARL ST / CARROLLTON DR,39.405214127609,-77.424027552816,Match
PEARL ST / S JEFFERSON ST,39.407563127344,-77.429270051031,Match
PEGASUS CT / BUCKEYSTOWN PIKE,,,No Match
PENN SHOP CT / SKYVIEW DR,39.344293131265,-77.202371125814,Match
PENN SHOP RD / GOLF CLUB TER,39.345110442853,-77.19093222727,Match
"PENN SHOP RD / GOLF CLUB TER, IAO",39.345110442853,-77.19093222727,Match
PENN SHOP RD / LOMAR TER,39.344536130959,-77.195585127916,Match
PENN SHOP RD / PURDUM DR,39.338353132674,-77.208266124349,Match
PENN SHOP RD / RIDGE RD,39.350557128898,-77.172936634604,Match
"PENN SHOP RD / SKYVIEW DR, Apt/Unit:HTTPS://A91.IO/YWG20",39.344162631288,-77.202287875848,Match
PETER SHRINER RD / CLEMSONVILLE RD,,,No Match
PETERS RD / RODERICK RD,,,No Match
PETERSVILLE RD / BURKITTSVILLE RD,,,No Match
PETERSVILLE RD / C&O CANAL TOWPATH,,,No Match
PETERSVILLE RD / CENTER ST,39.320254152342,-77.627773994772,Match
"PETERSVILLE RD / CHICK LN, RT180 / RT79",39.332179149607,-77.618368996937,Match
PETERSVILLE RD / JANICE ST,,,No Match
PETERSVILLE RD / SOUDER RD,,,No Match
PETERSVILLE RD / W B ST,,,No Match
PICNIC WOODS RD / QUEBEC SCHOOL RD,39.42321413029,-77.586513501025,Match
"PINE AVE / E FIFTH ST, IAO",39.419686123825,-77.400371059269,Match
PINE BLUFF RD / EAGLES NEST RD,39.386242129489,-77.374682819409,Match
PINE BLUFF RD / REICHS FORD RD,39.385049629818,-77.377067818741,Match
PINECLIFF PARK RD / PINE BLUFF RD,39.385225129774,-77.376822568807,Match
PINEHURST DR / BOYERS MILL RD,,,No Match
PINEHURST DR / LAKERIDGE RD E,,,No Match
PLANTATION RD / LINGANORE RD,39.423304120936,-77.343792576685,Match
PLEASANT VIEW RD / DOUBS RD,39.302290150517,-77.487324539644,Match
PLEASANT VIEW RD / TUSCARORA RD,39.271645156935,-77.49544703906,Match
PLEASANT WALK RD / BALTIMORE NATIONAL PIKE PIKE,39.533059108852,-77.595193991243,Match
PLEASANT WALK RD / EASTERDAY RD,39.562151602214,-77.572473496446,Match
"POINT OF ROCKS BOAT RAMP, POINT OF ROCKS BOAT RAMP",,,No Match
POINT OF ROCKS RD / 15N TO POR ROUNDABOUT E ACCESS HWY,,,No Match
POINT OF ROCKS RD / BALLENGER CREEK PIKE,39.285298155514,-77.529323027646,Match
POINT OF ROCKS RD / FRAZER RD,39.320002151599,-77.607200001192,Match
POINT OF ROCKS RD / FRY RD,39.310651151097,-77.545784020908,Match
POINT OF ROCKS RD / LANDER RD,,,No Match
POOLE JONES RD / CHRISTOPHERS XING,,,No Match
POOLE JONES RD / RUNNYMEADE DR,39.460033116624,-77.421545800087,Match
POTOMAC AVE / CLAY ST,39.274165157901,-77.533728526982,Match
POTOMAC RIVER,,,No Match
POTOMAC RIVER / BASS ROCKS,,,No Match
POTOMAC RIVER / DAM 3,,,No Match
POTOMAC RIVER / FOUR LOCKS,39.619792096945,-77.729800193649,Match
POTOMAC RIVER / HORSESHOE BEND,,,No Match
POTOMAC RIVER / LOCK33,,,No Match
POTOMAC RIVER / PETERSVILLE RD,39.313180153714,-77.626864995507,Match
POTOMAC RIVER / RT340,,,No Match
POTOMAC RIVER / RT340 BRIDGE,38.266741336272,-76.859426298004,Match
POTOMAC RIVER / SANDY HOOK,,,No Match
POTOMAC RIVER @ BASS ROCK,,,No Match
"POTOMAC RIVER @ C&O CANAL CATOCTIN AQUEDUCT, POTOMAC RIVER @ C&O CANAL CATOCTIN AQUEDUCT",,,No Match
"POTOMAC RIVER @ COLONIAL ISLAND, POTOMAC RIVER @ COLONIAL ISLAND",,,No Match
"POTOMAC RIVER @ HEATERS ISLAND, POTOMAC RIVER @ HEATERS ISLAND",,,No Match
POTOMAC RIVER DAM 3 LOCK,,,No Match
POTOMAC RIVER/ BASS ROCK,,,No Match
"POTOMAC RIVER/ WEAVERTON LAUNCH, BYPASSED TO: WASHINGTON COUNTY HUMAN DEVELOPMENT,5430 MOUNT ZION RD,FREDERICK",,,No Match
"POWELL RD / COLONIAL AVE, IAO",39.527128103581,-77.428406043645,Match
PRESIDENTS CT / CORPORATE DR,39.378547132651,-77.417228056635,Match
PRICES DISTILLARY / CLARKSBURG RD,39.290635144356,-77.265204609598,Match
PRICES DISTILLERY RD / FINGERBOARD RD,39.345382135161,-77.31029459208,Match
PRIMUS CT / HIMES AVE,,,No Match
PROSPECT BLVD / CARROLLTON DR,39.402982128104,-77.425364052541,Match
PROSPECT BLVD / CENTER ST,39.402037128194,-77.4228035534,Match
PROSPECT BLVD / MEGAN CT,39.403279128076,-77.426183052267,Match
PROSPECT BLVD / S JEFFERSON ST,,,No Match
"QUEBEC SCHOOL RD / BURKITTSVILLE RD, IAO ON QUEBEC SCHOOL RD",,,No Match
QUINN ORCHARD RD / E PATRICK ST,39.409498125537,-77.392217062461,Match
"QUINN ORCHARD RD / RAY SMITH RD, IAO",39.394324128236,-77.383919066015,Match
QUINN RD / CLARIDGE DR S,39.40356712445,-77.333073581284,Match
QUINN RD / HALL RD,39.405223124068,-77.331678581614,Match
RADIO LN / N CARROLL ST,39.625453083147,-77.403269045157,Match
RAILROAD XING / E SOUTH ST,38.872594215854,-76.935404238251,Match
RAMP FROM I70WB TO RT27,,,No Match
RAMP I270NB / RT80,,,No Match
RAMP I270NB TO RT80 RAMP / 270N BTWN RT 80 OFF RAMP & RT 80 ON RAMP HWY,,,No Match
"RAMP I70EB TO RT144 RAMP / OLD NATIONAL PIKE, I70EB / RT144",,,No Match
RAMP RT144 TO I70EB -FRED RAMP / 70E BTWN RT 144 OFF RAMP & ON RAMP PIKE,,,No Match
RAMP RT15SB TO I70EB RAMP / 270S FROM RT 15 TO RAMP FROM 70W PIKE,,,No Match
RAMSBURG RD / OLD FREDERICK RD,39.528656169235,-77.391800914095,Match
RAVEN ROCK RD / WISE RD,39.68520407486,-77.494110512918,Match
RAY SMITH RD / QUINN ORCHARD RD,39.394324128236,-77.383919066015,Match
RAY SMITH RD / REICHS FORD RD,39.391210128791,-77.38226081673,Match
REAGANS RD / WALTER MARTZ RD,,,No Match
RECORD ST / COUNCIL ST,39.416122125019,-77.41302505555,Match
REDWOOD AVE / PEARL ST,39.405601127567,-77.42492755251,Match
REELS MILL RD / BALL RD,,,No Match
REELS MILL RD / BUSH CREEK XING,,,No Match
REELS MILL RD / RAILROAD XING,,,No Match
REICHS FORD RD / BARTONSVILLE RD,,,No Match
REICHS FORD RD / HILLMARK CT,39.39347812845,-77.385116065696,Match
REICHS FORD RD / MONOCACY RIVER,,,No Match
REICHS FORD RD / PINE BLUFF RD,39.385049629818,-77.377067818741,Match
"REICHS FORD RD / PINE BLUFF RD, PSTF RADIO TOWER",39.385049629818,-77.377067818741,Match
REICHS FORD RD / RAILROAD XING,,,No Match
"REICHS FORD RD / RAILROAD XING, PAST THE LANDFIL ACROSS THE TRACKS AND ON THE BRIDGE",,,No Match
REICHS FORD RD / RAMP I70EB TO REICHS FORD RD RAMP,,,No Match
REICHS FORD RD / TILCO DR,,,No Match
RENO MONUMENT RD / LAMB KNOLLS RD,,,No Match
RENO MONUMENT RD / LAMBS KNOLL RD,,,No Match
RHODE ISLAND CT / VERMONT CT,39.411865125359,-77.399844559932,Match
RHORERSVILLE RD / YARROWSBURG RD,39.367243144671,-77.671050478293,Match
RIDGE AVE / RIDGE RD,39.715813067976,-77.472317017733,Match
RIDGE RD / BRADDOCK RD,39.451555105667,-77.090870153853,Match
"RIDGE RD / I70 (BRADDOCK), RIDGE RD / I70",39.451555105667,-77.090870153853,Match
RIDGE RD / MAIN ST,39.288439142482,-77.204369128708,Match
RIDGE RD / MILL BOTTOM RD,,,No Match
RIDGE RD / OLD NATIONAL PIKE,39.42443812686,-77.503871026698,Match
RIDGE RD / PENN SHOP RD,39.350557128898,-77.172936634604,Match
RIDGE RD / RIDGE CREST DR,39.42913612587,-77.502395026857,Match
RIDGE RD / ROWLAND HILL RD,39.717397067551,-77.469419018535,Match
"RIDGE RD / RT40A, RIDGE RD / RT40A",,,No Match
RIDGE RD / S MAIN ST,39.288439142482,-77.204369128708,Match
RIDGE RD / VALLEY PARK DR,,,No Match
RIDGE RD / WATERSVILLE RD,39.358540126452,-77.150436641123,Match
RIDGE RD / WOODFIELD RD,,,No Match
RISING RIDGE RD / DEER HOLLOW DR,39.368926125233,-77.172833133477,Match
RITCHIE DR / MUSSETTER RD,,,No Match
RIVER RUN RD / BLUE HERON DR,,,No Match
RIVERBEND WAY / MONOCACY BLVD,39.447280117767,-77.385368062187,Match
"ROBIN DR / KILLDEER CT, IAO",,,No Match
ROBIN DR / NEW DESIGN RD,,,No Match
ROCKY RIDGE RD / DETOUR RD,,,No Match
ROCKY RIDGE RD / E MAIN ST,39.288439142482,-77.204369128708,Match
ROCKY RIDGE RD / GRACEHAM RD,39.614536084475,-77.381745552583,Match
ROCKY RIDGE RD / HOOVERS MILL RD,39.61659708383,-77.375594054371,Match
ROCKY RIDGE RD / JIMTOWN RD,39.615679084832,-77.396847547793,Match
ROCKY RIDGE RD / LONGS MILL RD,39.605302083879,-77.318853572822,Match
ROCKY RIDGE RD / MONOCACY RIVER,,,No Match
ROCKY RIDGE RD / OLD MILL RD,,,No Match
ROCKY RIDGE RD / SUNNY WAY,39.615184084842,-77.394593048529,Match
ROCKY SPRINGS RD / COLT LN,,,No Match
ROCKY SPRINGS RD / ETZLER RD,39.462724117702,-77.463429536853,Match
ROCKY SPRINGS RD / OLD RECEIVER RD,,,No Match
ROCKY SPRINGS RD / ROCKY POINTE CT,39.447622120308,-77.453246040996,Match
"RODERICK RD / PETERS RD, IAO",,,No Match
RODERICK RD / SHARON DR,39.315871143598,-77.377277073068,Match
ROHERSVILLE RD / FROG EYE RD,39.359971146319,-77.676310977123,Match
ROHRERERSVILLE / GAPLAND RD,,,No Match
ROHRERSVILLE / ROHRESVILLE SCHOOL RD,39.432616276736,-77.660724185085,Match
ROHRERSVILLE RD / APPLE TOWN RD,,,No Match
ROHRERSVILLE RD / BOTELER RD,,,No Match
ROHRERSVILLE RD / BROWNSVILLE RD,39.381157141626,-77.663778479664,Match
ROHRERSVILLE RD / GAPLAND RD,,,No Match
ROHRERSVILLE RD / GARRETTS MILL RD,39.350674148312,-77.680068476549,Match
ROHRERSVILLE RD / KAETZEL RD,,,No Match
ROHRERSVILLE RD / KING RD,39.482371121086,-77.651812976873,Match
ROHRERSVILLE RD / MARBLE QUARRY RD,39.453913127239,-77.665060974583,Match
ROHRERSVILLE RD / YARROWSBURG RD,39.367243144671,-77.671050478293,Match
ROPP LN / FAIRBROOK LN,,,No Match
ROSEMONT AVE / 15N BTWN ROSEMONT AVE BRDGE & ROSEMONT AVE OFF RMP HWY,,,No Match
ROSEMONT AVE / BAUGHMANS LN,,,No Match
ROSEMONT AVE / BIGGS AVE,39.424744123865,-77.427591550458,Match
"ROSEMONT AVE / CULLER AVE, IAO",39.423259124078,-77.425458551218,Match
ROSEMONT AVE / LEE PL,39.427453123471,-77.431353549112,Match
ROSEMONT AVE / MAGNOLIA AVE,39.42219712422,-77.423663051845,Match
ROSEMONT AVE / MILITARY RD,39.428510263291,-77.432134028801,Match
ROSEMONT AVE / MONTEVUE LN,,,No Match
ROSEMONT AVE / N COLLEGE PKWY,39.420046124501,-77.419838053175,Match
ROSEMONT AVE / ROCKY SPRINGS RD,39.436120121955,-77.436704046889,Match
"ROSEMONT AVE / RT15, ROSEMONT AVE / RT15",,,No Match
ROSEMONT AVE / SCHLEY AVE,,,No Match
"ROSEMONT AVE / SCHLEY AVE, SHEETZ - ROSEMONT",,,No Match
ROSEMONT AVE / TUSCANNEY DR,,,No Match
ROSEMONT AVE / W SECOND ST,,,No Match
ROSEMONT AVE / WILSON PL,39.426517123617,-77.430309549497,Match
ROSEMONT DR / BURKITTSVILLE RD,39.335630516251,-77.637756946401,Match
ROUTZAHN WAY / N MARKET ST,39.443788118825,-77.394863059448,Match
ROWE RD / WELLER CT,39.350827131927,-77.253963609305,Match
"ROYAL OAK DR / TESSIE CT, IAO",,,No Match
ROYAL OAK DR / W MAIN ST,39.383947126432,-77.282795098214,Match
ROYAL OAK DR / WICOMICO CT,39.385468126109,-77.28227309828,Match
"RT140 / BOLLINGER SCHOOL RD, RT140 / BOLLINGER SCHOOL RD",,,No Match
"RT140 / HARNEY RD, RT140 / HARNEY RD",,,No Match
"RT140 / RT15, RT140 / RT15",,,No Match
"RT140 / SILO HILL RD, RT140 / SILO HILL RD",,,No Match
"RT144 / BALTIMORE RD, RT144 / BALTIMORE RD",,,No Match
"RT144 / BARTHOLOWS RD, RT144 / BARTHOLOWS RD",,,No Match
"RT144 / BARTONSVILLE RD, RT144 / BARTONSVILLE RD",,,No Match
"RT144 / BELLS LN, RT144 / BELLS LN",,,No Match
"RT144 / DETRICK RD, RT144 / DETRICK RD",,,No Match
"RT144 / EAGLEHEAD DR, RT144 / EAGLEHEAD DR",,,No Match
"RT144 / I70 (FREDERICK), RT144 / I70",,,No Match
"RT144 / LINGANORE RD, RT144 / LINGANORE RD",,,No Match
"RT144 / MEADOW RD(NEW MARKET), RT144 / MEADOW RD",,,No Match
"RT144 / MEADOW RD, RT144 / MEADOW RD",,,No Match
"RT144 / MONOCACY RIVER, RT144 / MONOCACY RIVER",,,No Match
"RT144 / MUSSETTER RD, RT144 / MUSSETTER RD",,,No Match
"RT144 / PARKRIDGE DR, RT144 / PARKRIDGE DR",,,No Match
"RT144 / QUINN ORCHARD RD, IN AREA OF",,,No Match
"RT144 / QUINN ORCHARD RD, RT144 / QUINN ORCHARD RD",,,No Match
"RT144 / SHARP CURVES E OF NEW MARKET, RT144 / SHARP CURVES E OF NEW MARKET",,,No Match
"RT144 / SPRING RIDGE PKWY, RT144 / SPRING RIDGE PKWY",,,No Match
"RT144 / TERRA FIRMA RD, RT144 / TERRA FIRMA RD",,,No Match
"RT144 / VILLAGE OAKS DR, RT144 / VILLAGE OAKS DR",,,No Match
"RT144 / WOODVILLE RD, RT144 / WOODVILLE RD",,,No Match
"RT15 / BASFORD RD, JUST BEFORE BASFORD RD",,,No Match
"RT15 / BASFORD RD, RT15 / BASFORD RD",,,No Match
"RT15 / CANAL RD, RT15 / CANAL RD",,,No Match
RT15 / EMMITSBURG RD,,,No Match
"RT15 / FRANKLINVILLE RD, RT15 / FRANKLINVILLE RD",,,No Match
"RT15 / HANSONVILLE RD (HANSONVILLE), RT15 / HANSONVILLE RD",,,No Match
"RT15 / MOUNTVILLE RD, RT15 / MOUNTVILLE RD",,,No Match
"RT15 / POTOMAC RIVER, RT15 / POTOMAC RIVER",,,No Match
"RT15 / RT28, RT15 / RT28",,,No Match
"RT15 / RT464, RT15 / RT464",,,No Match
"RT15 / RT464, RT464 / RT15",,,No Match
"RT15 / RT806 (CATOC FURN), RT15 / RT806",,,No Match
"RT15 / S SETON AVE, RT15 / S SETON AVE",,,No Match
RT15 @ CLAY ST HWY / CLAY ST,,,No Match
RT15 @ MOUNTVILLE RD HWY / MOUNTVILLE RD,,,No Match
"RT15 @ MOUNTVILLE RD HWY / MOUNTVILLE RD, RT15 / ELMER DERR RD",,,No Match
RT15 @ POR ROUNDABOUT HWY / POINT OF ROCKS RD,,,No Match
RT15 @ POTOMAC RIVER BRIDGE HWY / POTOMAC RIVER,38.266741336272,-76.859426298004,Match
RT15 FROM POTOMAC RIVER BRIDGE TO CLAY ST OFF RAMP HWY / CLAY ST,,,No Match
RT15 NB W PATRICK ST OFF RAMP & RT 40 BRDGE HWY / W PATRICK ST,,,No Match
"RT15-340EB / I70, RT15-340EB / I70",,,No Match
"RT15-340WB / RT15 (FREDERICK), RT15-340WB / RT15",,,No Match
"RT15-340WB / RT15 (FREDERICK), RT340EB / RT180",,,No Match
"RT15NB / ANGLEBERGER RD, RT15NB / ANGLEBERGER RD",,,No Match
"RT15NB / ANNANDALE RD, MOUNT SAINT MARYS UNIVERSITY",,,No Match
"RT15NB / ANNANDALE RD, RT15NB / ANNANDALE RD",,,No Match
"RT15NB / BARTGIS RD, RT15NB / BARTGIS RD",,,No Match
RT15NB / BIGGS FORD RD,,,No Match
"RT15NB / BIGGS FORD RD, RT15NB / BIGGS FORD RD",,,No Match
"RT15NB / BLUE MOUNTAIN RD, RT15NB / BLUE MOUNTAIN RD",,,No Match
"RT15NB / BLUE MOUNTAIN RD, RT15NB / CATOCTIN FURNACE RD",,,No Match
"RT15NB / CATOCTIN FURNACE RD (CATOC FURN), RT15NB / CATOCTIN FURNACE RD",,,No Match
"RT15NB / CATOCTIN FURNACE RD (CATOC FURN), RT15NB / CATOCTIN HOLLOW RD",,,No Match
"RT15NB / CATOCTIN FURNACE RD (MANOR AREA), RIGHT BEFORE THE WALKING BRIDGE",,,No Match
"RT15NB / CATOCTIN FURNACE RD (MANOR AREA), RT15NB / CATOCTIN FURNACE RD",,,No Match
"RT15NB / CATOCTIN HOLLOW RD, RT15NB / CATOCTIN HOLLOW RD",,,No Match
"RT15NB / COLLEGE LN, RT15NB / COLLEGE LN",,,No Match
"RT15NB / CREAMERY RD, RT15NB / CREAMERY RD",,,No Match
"RT15NB / DEVILBISS BRIDGE RD, RT15NB / DEVILBISS BRIDGE RD",,,No Match
"RT15NB / FISH HATCHERY RD, RT15NB / FISH HATCHERY RD",,,No Match
"RT15NB / FITZGERALD RD, RT15NB / FITZGERALD RD",,,No Match
"RT15NB / HANSONVILLE RD (HANSONVILLE), RT15NB / HANSONVILLE RD",,,No Match
"RT15NB / HAYWARD RD, RT15NB / MONOCACY BLVD",,,No Match
"RT15NB / HESSONG BRIDGE RD, RT15NB / HESSONG BRIDGE RD",,,No Match
"RT15NB / I70, RT15NB / I70",,,No Match
"RT15NB / LIBERTY RD, MID-MARYLAND MUSCULOSKELETAL INSTITUTE",,,No Match
"RT15NB / LOHR RD, RT15NB / LOHR RD",,,No Match
RT15NB / MM .2,,,No Match
"RT15NB / MONOCACY BLVD, RT15NB / MONOCACY BLVD",,,No Match
"RT15NB / MONOCACY BLVD, RT15NB / RT26",,,No Match
RT15NB / MOTTER AVE,,,No Match
"RT15NB / MOTTER AVE(MOTTER AVE), RT15NB / MOTTER AVE",,,No Match
"RT15NB / MOTTER AVE, RT15NB / MOTTER AVE",,,No Match
"RT15NB / MOTTERS STATION RD, RT15NB / MOTTERS STATION RD",,,No Match
"RT15NB / MOUNTVILLE RD, RT15NB / MOUNTVILLE RD",,,No Match
"RT15NB / MOUNTVILLE RD, RT15SB / MOUNTVILLE RD",,,No Match
"RT15NB / N FRANKLINVILLE RD (N), CANDY KITCHEN",,,No Match
"RT15NB / OLD FREDERICK RD (EMMITSBURG), RT15NB / OLD FREDERICK RD",,,No Match
"RT15NB / OLD FREDERICK RD (HANSONVILLE), RT15NB / OLD FREDERICK RD",,,No Match
"RT15NB / ORNDORFF RD, RT15NB / ORNDORFF RD",,,No Match
"RT15NB / POWELL RD, RT15NB / POWELL RD",,,No Match
"RT15NB / RAMP RT15NB TO MOTTER AVE, RT15NB / RAMP RT15NB TO MOTTER AVE",,,No Match
"RT15NB / RAMP RT15NB TO ROSEMONT AVE, RT15NB / RAMP RT15NB TO ROSEMONT AVE",,,No Match
"RT15NB / RAMP RT15NB TO RT40WB, RT15NB / RAMP RT15NB TO RT40WB",,,No Match
"RT15NB / RAMP RT15NB TO S JEFFERSON ST, RT15NB / RAMP RT15NB TO S JEFFERSON ST",,,No Match
"RT15NB / RAMP RT40 TO RT15NB, RT15NB / RAMP RT40 TO RT15NB",,,No Match
"RT15NB / RODDY CREEK RD(RODDY CREEK RD), RT15NB / RODDY CREEK RD",,,No Match
"RT15NB / RODDY CREEK RD, RT15NB / RODDY CREEK RD",,,No Match
"RT15NB / RODDY RD, RT15NB / RODDY RD",,,No Match
"RT15NB / ROSEMONT AVE(ROSEMONT AVE), Apt/Unit:HTTPS://A91.IO/60CEA, RT15NB / ROSEMONT AVE",,,No Match
"RT15NB / ROSEMONT AVE(ROSEMONT AVE), RT15NB / ROSEMONT AVE",,,No Match
"RT15NB / ROSEMONT AVE(ROSEMONT AVE), RT15SB / ROSEMONT AVE",,,No Match
"RT15NB / ROSEMONT AVE, RT15NB / ROSEMONT AVE",,,No Match
RT15NB / RT140,,,No Match
"RT15NB / RT140, RT15NB / RT140",,,No Match
"RT15NB / RT26, RT15NB / RT26",,,No Match
"RT15NB / RT550, RT15NB / RT77",,,No Match
"RT15NB / RT77, RT15NB / RT77",,,No Match
"RT15NB / S JEFFERSON ST, RT15NB / S JEFFERSON ST",,,No Match
"RT15NB / S JEFFERSON ST, RT15NB / W PATRICK ST",,,No Match
"RT15NB / S JEFFERSON ST, RT340EB / RT180",,,No Match
RT15NB / SPAHRS QUARRY RD,,,No Match
"RT15NB / SPAHRS QUARRY RD, RT15NB / SPAHRS QUARRY RD",,,No Match
"RT15NB / STULL RD, RT15NB / STULL RD",,,No Match
"RT15NB / SUNDAYS LN, RT15NB / SUNDAYS LN",,,No Match
"RT15NB / TIPPIN DR, RT15NB / TIPPIN DR",,,No Match
"RT15NB / TIPPIN DR, WOODSBORO BANK - THURMONT",,,No Match
"RT15NB / W PATRICK ST(RT40), RT15NB / W PATRICK ST",,,No Match
"RT15NB / W PATRICK ST, IAO",,,No Match
"RT15NB / W PATRICK ST, RT15NB / ROSEMONT AVE",,,No Match
"RT15NB / W PATRICK ST, RT15NB / S JEFFERSON ST",,,No Match
"RT15NB / W PATRICK ST, RT15NB / W PATRICK ST",,,No Match
"RT15NB / W SEVENTH ST(W SEVENTH ST), RT15NB / W SEVENTH ST",,,No Match
"RT15NB / W SEVENTH ST, RT15NB / W SEVENTH ST",,,No Match
"RT15NB / WELTY RD, RT15NB / OLD FREDERICK RD",,,No Match
"RT15NB / WILLOW RD, RT15NB / WILLOW RD",,,No Match
"RT15SB / ANGLEBERGER RD, RT15SB / ANGLEBERGER RD",,,No Match
"RT15SB / ANNANDALE RD, RT15SB / ANNANDALE RD",,,No Match
"RT15SB / AUBURN RD (CATOCTIN FURNACE), RT15SB / AUBURN RD",,,No Match
"RT15SB / BARTGIS RD, RT15SB / BARTGIS RD",,,No Match
"RT15SB / BIGGS FORD RD, RT15SB / BIGGS FORD RD",,,No Match
"RT15SB / BLUE MOUNTAIN RD, RT15SB / BLUE MOUNTAIN RD",,,No Match
"RT15SB / CATOCTIN HOLLOW RD, RT15SB / CATOCTIN HOLLOW RD",,,No Match
"RT15SB / COLLEGE LN, RT15SB / COLLEGE LN",,,No Match
"RT15SB / CREAMERY RD, RT15SB / CREAMERY RD",,,No Match
"RT15SB / CUNNINGHAM FALLS PARK RD, RT15SB / CUNNINGHAM FALLS PARK RD",,,No Match
RT15SB / EMMITSBURG RD,,,No Match
"RT15SB / FISH HATCHERY RD, RT15SB / FISH HATCHERY RD",,,No Match
"RT15SB / FITZGERALD RD, RT15SB / FITZGERALD RD",,,No Match
"RT15SB / HANSONVILLE RD (HANSONVILLE), RT15SB / HANSONVILLE RD",,,No Match
"RT15SB / HANSONVILLE RD (LEWISTOWN), RT15SB / HANSONVILLE RD",,,No Match
"RT15SB / HAYWARD RD, RT15SB / HAYWARD RD",,,No Match
"RT15SB / I70, RT15SB / I70",,,No Match
"RT15SB / LOHR RD, RT15SB / LOHR RD",,,No Match
"RT15SB / MONOCACY BLVD, RT15SB / MONOCACY BLVD",,,No Match
"RT15SB / MONOCACY BLVD, RT15SB / MOTTER AVE",,,No Match
"RT15SB / MONOCACY BLVD, RT15SB / RT26",,,No Match
"RT15SB / MOTTER AVE(MOTTER AVE), RT15SB / MOTTER AVE",,,No Match
"RT15SB / MOTTER AVE, RT15SB / MOTTER AVE",,,No Match
"RT15SB / MOTTER AVE, RT15SB / OPOSS",,,No Match
"RT15SB / MOTTERS STATION RD, RT15SB / MOTTERS STATION RD",,,No Match
"RT15SB / MOUNTAINDALE RD, RT15SB / MOUNTAINDALE RD",,,No Match
"RT15SB / N FRANKLINVILLE RD (N), RT15SB / N FRANKLINVILLE RD",,,No Match
"RT15SB / N FRANKLINVILLE RD (S), GATEWAY FARM MARKET",,,No Match
"RT15SB / N FRANKLINVILLE RD (S), RT15SB / N FRANKLINVILLE RD",,,No Match
"RT15SB / N SETON AVE, RT15SB / N SETON AVE",,,No Match
"RT15SB / OLD FREDERICK RD (HANSONVILLE), RT15SB / OLD FREDERICK RD",,,No Match
"RT15SB / POWELL RD, RT15SB / POWELL RD",,,No Match
"RT15SB / PRYOR RD (S), RT15SB / PRYOR RD",,,No Match
"RT15SB / PUTMAN RD(LEWISTOWN), RT15SB / PUTMAN RD",,,No Match
"RT15SB / PUTMAN RD, RT15SB / PUTMAN RD",,,No Match
"RT15SB / RAMP RT15SB TO RT15-340WB, RT15SB / RAMP RT15SB TO RT15-340WB",,,No Match
"RT15SB / RAMP RT40EB TO RT15SB, RT15SB / RAMP RT40EB TO RT15SB",,,No Match
"RT15SB / RAMP S JEFFERSON ST TO I270SB, RT15SB / RAMP S JEFFERSON ST TO I270SB",,,No Match
"RT15SB / REST AREA (EMMITSBURG), RT15SB / REST AREA",,,No Match
"RT15SB / RODDY RD, RT15SB / RODDY RD",,,No Match
"RT15SB / ROSEMONT AVE(ROSEMONT AVE), RT15SB / RAMP RT15SB TO ROSEMONT AVE",,,No Match
"RT15SB / ROSEMONT AVE(ROSEMONT AVE), RT15SB / ROSEMONT AVE",,,No Match
"RT15SB / ROSEMONT AVE, RT15NB / ROSEMONT AVE",,,No Match
"RT15SB / ROSEMONT AVE, RT15SB / ROSEMONT AVE",,,No Match
"RT15SB / RT140(EMMB), RT15SB / RT140",,,No Match
"RT15SB / RT26, RT15SB / RT26",,,No Match
"RT15SB / RT340 (FREDERICK), RT15SB / RT340",,,No Match
"RT15SB / RT550, RT15SB / RT550",,,No Match
"RT15SB / RT77(THURMONT), RT15SB / RT77",,,No Match
"RT15SB / S JEFFERSON ST, RT15SB / S JEFFERSON ST",,,No Match
"RT15SB / S SETON AVE, RT15SB / S SETON AVE",,,No Match
"RT15SB / SAINT ANTHONYS RD, RT15SB / SAINT ANTHONYS RD",,,No Match
"RT15SB / STULL RD, RT15SB / STULL RD",,,No Match
"RT15SB / SUNDAYS LN, RT15SB / SUNDAYS LN",,,No Match
RT15SB / TANEYTOWN RD,,,No Match
"RT15SB / TIPPIN DR, RT15SB / TIPPIN DR",,,No Match
"RT15SB / TOMS CREEK, RT15SB / TOMS CREEK",,,No Match
"RT15SB / TUSCARORA CREEK, RT15SB / TUSCARORA CREEK",,,No Match
"RT15SB / W PATRICK ST(RT40), RT15SB / W PATRICK ST",,,No Match
"RT15SB / W PATRICK ST, JUST PASSED W PATRICK",,,No Match
"RT15SB / W PATRICK ST, RT15NB / W PATRICK ST",,,No Match
"RT15SB / W PATRICK ST, RT15SB / W PATRICK ST",,,No Match
RT15SB / W SEVENTH ST,,,No Match
"RT15SB / W SEVENTH ST(W SEVENTH ST), RT15SB / W SEVENTH ST",,,No Match
"RT15SB / W SEVENTH ST, RT15SB / W SEVENTH ST",,,No Match
"RT17 / BENNIES HILL RD, RT17 / BENNIES HILL RD",,,No Match
"RT17 / BIDLE HILL CT, RT17 / BIDLE HILL CT",,,No Match
"RT17 / BITTLE RD, RT40 / RT17",,,No Match
"RT17 / BROWNSVILLE PASS RD, RT17 / BROWNSVILLE PASS RD",,,No Match
"RT17 / CROW ROCK RD, RT17 / CROW ROCK RD",,,No Match
"RT17 / DELAUTER RD, RT17 / DELAUTER RD",,,No Match
"RT17 / I70, RT17 / I70",,,No Match
"RT17 / LEES LN, RT17 / LEES LN",,,No Match
"RT17 / MAIN ST (MYERSVILLE), RT17 / MAIN ST",,,No Match
"RT17 / OLD MIDDLETOWN RD, RT17 / OLD MIDDLETOWN RD",,,No Match
RT17 / VALLEY VIEW RD,,,No Match
"RT17 / VALLEY VIEW RD, MIDDLETOWN WATER TOWER",,,No Match
"RT17 / VOLUNTEER DR, RT17 / VOLUNTEER DR",,,No Match
"RT17 / WILDCAT RD, RT17 / WILDCAT RD",,,No Match
"RT180 / CATOCTIN CREEK, RT180 / CATOCTIN CREEK",,,No Match
"RT180 / MOUNT ZION RD, RT180 / MOUNT ZION RD",,,No Match
"RT180 / OLIVE SCHOOL RD, RT180 / OLIVE SCHOOL RD",,,No Match
"RT180 / S MOUNTAIN RD, RT180 / S MOUNTAIN RD",,,No Match
"RT194 / ANTIETAM DR, RT194 / ANTIETAM DR",,,No Match
RT194 / BROWN RD,,,No Match
"RT194 / COPPERMINE RD, RT194 / COPPERMINE RD",,,No Match
RT194 / CRUM RD,,,No Match
"RT194 / CRUM RD, RT194 / CRUM RD",,,No Match
"RT194 / DEER RUN DR, RT194 / DEER RUN DR",,,No Match
"RT194 / DETOUR RD, RT194 / DETOUR RD",,,No Match
"RT194 / DEVILBISS BRIDGE RD, RT194 / DEVILBISS BRIDGE RD",,,No Match
"RT194 / E FREDERICK ST, RT194 / E FREDERICK ST",,,No Match
"RT194 / GLADE BLVD, RT194 / GLADE BLVD",,,No Match
"RT194 / GLADE RD, RT194 / GLADE RD",,,No Match
"RT194 / GRUBER RD, RT194 / GRUBER RD",,,No Match
"RT194 / KEYMAR RD, RT194 / KEYMAR RD",,,No Match
"RT194 / LIBERTY RD, RT194 / LIBERTY RD",,,No Match
RT194 / MIDDLEBURG RD,,,No Match
"RT194 / NICHOLSON RD, RT194 / NICHOLSON RD",,,No Match
"RT194 / RT550, RT194 / RT550",,,No Match
RT194 / RT77,,,No Match
"RT194 / S MAIN ST, RT194 / S MAIN ST",,,No Match
"RT194 / STAUFFER RD, RT194 / STAUFFER RD",,,No Match
"RT194 / W FREDERICK ST, RT194 / W FREDERICK ST",,,No Match
"RT26 / BUFFALO RD, RT26 / BUFFALO RD",39.463102104438,-77.118941144352,Match
"RT26 / CHESTNUT GROVE RD, RT26 / CHESTNUT GROVE RD",,,No Match
"RT26 / CLEMSONVILLE RD, RT26 / CLEMSONVILLE RD",,,No Match
"RT26 / CRUM RD, RT26 / CRUM RD",,,No Match
"RT26 / LONGMEADOW DR, RT26 / LONGMEADOW DR",,,No Match
"RT26 / MAPLEVILLE RD, RT26 / MAPLEVILLE RD",,,No Match
"RT26 / MONOCACY BLVD, RT26 / MONOCACY BLVD",,,No Match
"RT26 / N MARKET ST, RT26 / N MARKET ST",,,No Match
"RT26 / OLD ANNAPOLIS RD, RT26 / OLD ANNAPOLIS RD",,,No Match
"RT26 / OLD LIBERTY RD (E), RT26 / OLD LIBERTY RD",39.46295360446,-77.118734144426,Match
"RT26 / RT15, RT26 / RT15",,,No Match
"RT26 / RT194, RT26 / RT194",,,No Match
"RT26 / RT75, RT26 / RT75",,,No Match
"RT26 / SOUTH ST, Apt/Unit:HTTPS://A91.IO/55HKS, RT26 / SOUTH ST",,,No Match
"RT26 / UNIONVILLE RD (E)(E), RT26 / UNIONVILLE RD",,,No Match
"RT26 / UNIONVILLE RD (E), RT26 / UNIONVILLE RD",,,No Match
"RT26 / WATERSIDE DR, RT26 / WATERSIDE DR",,,No Match
"RT26EB / ROUTZAHN WAY, RT26EB / ROUTZAHN WAY",,,No Match
"RT26WB / MONOCACY BLVD, RT26WB / MONOCACY BLVD",,,No Match
"RT26WB / WORMANS MILL RD, RT26EB / ROUTZAHN WAY",,,No Match
"RT26WB / WORMANS MILL RD, RT26WB / WORMANS MILL RD",,,No Match
"RT27 / RT144, RT27 / RT144",,,No Match
"RT28 / DOCTOR BELT RD, RT28 / DOCTOR BELT RD",,,No Match
"RT28 / NEW DESIGN RD, RT28 / NEW DESIGN RD",,,No Match
"RT28 / OLD LICKSVILLE RD (E), RT28 / OLD LICKSVILLE RD",,,No Match
"RT28 / PLEASANT VIEW RD, RT28 / PLEASANT VIEW RD",,,No Match
"RT28 / WASHINGTON RUN, RT28 / WASHINGTON RUN",,,No Match
"RT31 / COPPERMINE RD, RT31 / COPPERMINE RD",,,No Match
"RT31 / OAK ORCHARD RD(W), RT31 / OAK ORCHARD RD",,,No Match
RT31 / WAKEFIELD VALLEY RD,,,No Match
"RT340 / JEFFERSON TECHNOLOGY BLVD, RT340 / JEFFERSON TECHNOLOGY BLVD",,,No Match
RT340 / KEEP TRYST,,,No Match
RT340 / KEEP TRYST RD,,,No Match
RT340 / MARLOWE ROAD,,,No Match
RT340 / POTOMAC RIVER,,,No Match
RT340 / POTOMAC RIVER BRIDGE,,,No Match
"RT340 / POTOMAC RIVER, Bypassed to: STATION 5,1500 VOLUNTEER DR,BRUNSWICK",,,No Match
"RT340 / RT15 (FREDERICK), RT340 / RT15",,,No Match
RT340 / RT67,,,No Match
RT340 / SANDY HOOK,,,No Match
RT340 / SANDY HOOK RD,,,No Match
RT340 / SANDYHOOK RD,,,No Match
RT340 / WEAVERTON RD,,,No Match
RT340 / WEVERTON RD,,,No Match
"RT340EB / CATHOLIC CHURCH RD, RT340EB / CATHOLIC CHURCH RD",,,No Match
"RT340EB / CATHOLIC CHURCH RD, RT340WB / CATHOLIC CHURCH RD",,,No Match
"RT340EB / CATOCTIN CREEK, RT340EB / CATOCTIN CREEK",,,No Match
"RT340EB / GENE HEMP RD, RT340EB / GENE HEMP RD",,,No Match
"RT340EB / LANDER RD, Apt/Unit:HTTPS://A91.IO/69HUL, RT340WB / HORINE RD",,,No Match
"RT340EB / LANDER RD, RT340EB / 11MM",,,No Match
"RT340EB / LANDER RD, RT340EB / HORINE RD",,,No Match
"RT340EB / LANDER RD, RT340EB / LANDER RD",,,No Match
"RT340EB / LANDER RD, RT340WB / LANDER RD",,,No Match
"RT340EB / MOUNT ZION RD, RT340EB / MOUNT ZION RD",,,No Match
RT340EB / POTOMAC RIVER,,,No Match
"RT340EB / RT15 (JEFFERSON), RT340EB / RT15",,,No Match
"RT340EB / RT17, RT340EB / RT17",,,No Match
"RT340EB / RT180 (FREDERICK), RT15NB / W PATRICK ST",,,No Match
"RT340EB / RT180 (FREDERICK), RT340EB / MOUNT ZION RD",,,No Match
"RT340EB / RT180 (FREDERICK), RT340EB / RT180",,,No Match
"RT340EB / RT180 (KNOXVILLE), RT340EB / RT180",,,No Match
"RT340EB / RT180 (PETERSVILLE)(PETERSVILLE), RT340WB / RT180",,,No Match
"RT340EB / RT180 (PETERSVILLE), RT340EB / RT180",,,No Match
"RT340EB / S MOUNTAIN RD, RT340EB / S MOUNTAIN RD",,,No Match
"RT340EB / WASHINGTON COUNTY LINE, RT340EB / WASHINGTON COUNTY LINE",,,No Match
"RT340WB / CATHOLIC CHURCH RD, 1 MILE BEFORE",,,No Match
"RT340WB / CATHOLIC CHURCH RD, RT340WB / CATHOLIC CHURCH RD",,,No Match
RT340WB / CATOCTIN CREEK,,,No Match
"RT340WB / CATOCTIN CREEK, RT340WB / CATOCTIN CREEK",,,No Match
RT340WB / COUNTY LINE,,,No Match
"RT340WB / ELMER RD, RT340WB / ELMER RD",,,No Match
"RT340WB / GENE HEMP RD, RT340WB / GENE HEMP RD",,,No Match
"RT340WB / HORINE RD, RT340WB / HORINE RD",,,No Match
"RT340WB / I70, RT340WB / I70",,,No Match
"RT340WB / JEFFERSON PIKE (PETERSVILLE), RT340WB / JEFFERSON PIKE",,,No Match
"RT340WB / JEFFERSON TECHNOLOGY BLVD, IAO",,,No Match
"RT340WB / JEFFERSON TECHNOLOGY BLVD, RT340WB / JEFFERSON TECHNOLOGY BLVD",,,No Match
"RT340WB / JEFFERSON TECHNOLOGY BLVD, RT340WB / RT180",,,No Match
"RT340WB / LANDER RD, RT340EB / LANDER RD",,,No Match
"RT340WB / LANDER RD, RT340WB / LANDER RD",,,No Match
"RT340WB / MOUNT ZION RD, RT340WB / MOUNT ZION RD",,,No Match
"RT340WB / RT15 (JEFFERSON), RT340WB / RT15",,,No Match
"RT340WB / RT17, RT340WB / RT17",,,No Match
"RT340WB / RT180 (FREDERICK), Apt/Unit:HTTPS://A91.IO/CPF63, RT340WB / RT180",,,No Match
"RT340WB / RT180 (FREDERICK), RT15SB / RAMP RT40EB TO RT15SB",,,No Match
"RT340WB / RT180 (FREDERICK), RT340WB / RT180",,,No Match
"RT340WB / RT180 (JEFFERSON), RT340WB / RT180",,,No Match
"RT340WB / RT180 (PETERSVILLE), RT340WB / RT180",,,No Match
RT340WB / RT67,,,No Match
"RT340WB / S MOUNTAIN RD, RT340WB / S MOUNTAIN RD",,,No Match
"RT340WB / SAINT MARKS RD, RT340WB / SAINT MARKS RD",,,No Match
"RT355 / ARABY CHURCH RD (N), RT355 / ARABY CHURCH RD",,,No Match
"RT355 / ARABY CHURCH RD (S), RT355 / ARABY CHURCH RD",,,No Match
"RT355 / BALL RD, RT355 / BALL RD",,,No Match
"RT355 / BIG WOODS RD, RT355 / BIG WOODS RD",,,No Match
"RT355 / GENSTAR DR, RT355 / GENSTAR DR",,,No Match
"RT355 / GROVE RD, RT355 / GROVE RD",,,No Match
"RT355 / PARK MILLS RD, RT355 / PARK MILLS RD",,,No Match
"RT355 / RT80, RT355 / RT80",,,No Match
"RT40 / BAUGHMANS LN, RT40 / BAUGHMANS LN",,,No Match
"RT40 / BLENTLINGER RD, RT40 / BLENTLINGER RD",,,No Match
"RT40 / BOWERS RD (E), RT40 / BOWERS RD",,,No Match
"RT40 / BOWERS RD (W), RT40 / BOWERS RD",,,No Match
"RT40 / CANADA HILL RD, RT40 / CANADA HILL RD",,,No Match
"RT40 / CHURCH HILL RD, RT40 / CHURCH HILL RD",,,No Match
"RT40 / CHURCH HILL RD, RT40 / RT17",,,No Match
"RT40 / EASTERDAY RD, RT40 / EASTERDAY RD",,,No Match
"RT40 / GAMBRILL PARK RD, RT40 / GAMBRILL PARK RD",,,No Match
"RT40 / HAWBOTTOM RD, RT40 / HAWBOTTOM RD",,,No Match
"RT40 / HILLCREST DR, RT40 / HILLCREST DR",,,No Match
"RT40 / N MCCAIN DR, RT40 / N MCCAIN DR",,,No Match
"RT40 / OLD CAMP RD, RT40 / OLD CAMP RD",,,No Match
"RT40 / PLEASANT WALK RD, RT40 / PLEASANT WALK RD",39.293875645737,-76.614886440604,Match
"RT40 / ROSEBUD CT(E), RT40 / HOLLOW RD",,,No Match
"RT40 / ROSEBUD CT(E), RT40 / ROSEBUD CT",,,No Match
"RT40 / ROSEBUD CT, RT40 / HOLLOW RD",,,No Match
"RT40 / ROSEBUD CT, RT40 / ROSEBUD CT",,,No Match
"RT40 / RT15, RT40 / RT15",,,No Match
"RT40 / RT15, UNDER THE BRIDGE",,,No Match
"RT40 / RT17, RT40 / RT17",,,No Match
"RT40 / SHOOKSTOWN RD, RT40 / SHOOKSTOWN RD",,,No Match
"RT40 / WAVERLEY DR, RT40 / WAVERLEY DR",,,No Match
"RT40 / WILLOWDALE DR, RT40 / WILLOWDALE DR",,,No Match
"RT40A / BLENTLINGER RD, RT40A / BLENTLINGER RD",,,No Match
"RT40A / COBLENTZ RD, RT40A / COBLENTZ RD",,,No Match
"RT40A / EDGEMONT RD, RT40A / EDGEMONT RD",,,No Match
"RT40A / HOLLOW RD, RT40A / HOLLOW RD",,,No Match
"RT40A / I70, RT40A / I70",,,No Match
"RT40A / MARYLAND AVE, RT40A / MARYLAND AVE",,,No Match
"RT40A / MIDDLETOWN PKWY, RT40A / MIDDLETOWN PKWY",,,No Match
"RT40A / OLD HAGERSTOWN RD, RT40A / OLD HAGERSTOWN RD",,,No Match
"RT40A / SHANK RD, RT40A / SHANK RD",,,No Match
"RT40EB / BOWERS RD, RT40 / BOWERS RD",,,No Match
"RT40WB / HILLCREST DR, RT40WB / HILLCREST DR",,,No Match
"RT40WB / HOKE PL, RT40WB / HOKE PL",,,No Match
"RT550 / BENNETT DR, RT550 / BENNETT DR",,,No Match
"RT550 / CLYDE YOUNG RD, RT550 / CLYDE YOUNG RD",,,No Match
"RT550 / CULLEN DR, RT550 / CULLEN DR",,,No Match
"RT550 / DUBLIN RD, RT550 / DUBLIN RD",,,No Match
"RT550 / EYLERS VALLEY FLINT RD, IAO",,,No Match
"RT550 / EYLERS VALLEY FLINT RD, RT550 / EYLERS VALLEY FLINT RD",,,No Match
"RT550 / FORT RITCHIE RD, RT550 / FORT RITCHIE RD",,,No Match
"RT550 / KELBAUGH RD, RT550 / KELBAUGH RD",,,No Match
"RT550 / LONGS MILL RD, RT550 / LONGS MILL RD",,,No Match
"RT550 / RAILROAD, RT550 / RAILROAD",,,No Match
"RT550 / RT26, RT550 / RT26",,,No Match
"RT75 / ARLINGTON MILL RD, RT75 / ARLINGTON MILL RD",,,No Match
"RT75 / ARTIE KEMP RD, RT75 / ARTIE KEMP RD",,,No Match
"RT75 / BALDWIN RD E, RT75 / BALDWIN RD E",,,No Match
"RT75 / COPPERMINE RD, RT75 / JONES RD",,,No Match
"RT75 / CRICKENBERGER RD(S), RT75 / NEW LONDON RD",,,No Match
"RT75 / ED MCLAIN RD, RT75 / ED MCLAIN RD",,,No Match
"RT75 / HANDBOARD RD, RT75 / HANDBOARD RD",,,No Match
"RT75 / I70, RT75 / I70",,,No Match
"RT75 / JONES RD, RT75 / JONES RD",,,No Match
"RT75 / LEWISDALE RD, RT75 / LEWISDALE RD",,,No Match
"RT75 / LIME PLANT RD, RT75 / LIME PLANT RD",,,No Match
"RT75 / MEADOW WAY, RT75 / MEADOW WAY",,,No Match
"RT75 / OLD ANNAPOLIS RD, RT75 / OLD ANNAPOLIS RD",,,No Match
"RT75 / OLD NEW MARKET RD, RT75 / OLD NEW MARKET RD",,,No Match
"RT75 / PRICES DISTILLERY RD (N), RT75 / PRICES DISTILLERY RD",,,No Match
RT75 / RAILROAD,,,No Match
"RT75 / RAILROAD, RT75 / RAILROAD",,,No Match
"RT75 / RT144, RT75 / RT144",,,No Match
"RT75 / RT26, RT75 / RT26",,,No Match
"RT75 / SOUTH ST, RT75 / SOUTH ST",,,No Match
"RT77 / CAMP PENIEL, RT77 / CAMP PENIEL",,,No Match
"RT77 / CATOCTIN HOLLOW RD, IAO RT77 / CATOCTIN HOLLOW RD",,,No Match
"RT77 / CATOCTIN HOLLOW RD, RT77 / CATOCTIN HOLLOW RD",,,No Match
"RT77 / CUNNINGHAM FALLS PARKING AREA, RT77 / CUNNINGHAM FALLS PARKING AREA",,,No Match
"RT77 / FRANK BENTZ POND, FRANK BENTZ POND",,,No Match
"RT77 / FRUSHOUR RD, RT77 / FRUSHOUR RD",,,No Match
"RT77 / GRACEHAM RD, RT77 / GRACEHAM RD",,,No Match
"RT77 / HUNTING CREEK, Apt/Unit:HTTPS://A91.IO/DZT15, RT77 / HUNTING CREEK",,,No Match
"RT77 / HUNTING CREEK, RT77 / HUNTING CREEK",,,No Match
"RT77 / PARK CENTRAL RD, RT77 / CATOCTIN HOLLOW RD",,,No Match
"RT77 / PARK CENTRAL RD, RT77 / PARK CENTRAL RD",,,No Match
"RT77 / QUIRAUK SCHOOL RD, RT77 / QUIRAUK SCHOOL RD",,,No Match
"RT77 / RAILROAD OVERPASS (13), IAO",,,No Match
"RT77 / RAILROAD OVERPASS (13), RT77 / RAILROAD OVERPASS",,,No Match
"RT77 / STOTTLEMEYER RD, RT77 / STOTTLEMEYER RD",,,No Match
"RT77 / TOWER RD, RT77 / TOWER RD",,,No Match
"RT80 / BAKER VALLEY RD, RT80 / BAKER VALLEY RD",,,No Match
"RT80 / BENNETT CREEK AVE, RT80 / BENNETT CREEK AVE",,,No Match
"RT80 / CAMPUS DR, RT80 / CAMPUS DR",,,No Match
"RT80 / CLARKSBURG RD, RT80 / CLARKSBURG RD",,,No Match
"RT80 / FLINT HILL RD, RT80 / FLINT HILL RD",,,No Match
"RT80 / I270 RAMP, RT80 / I270 RAMP",,,No Match
"RT80 / I270, RT80 / I270",,,No Match
"RT80 / IJAMSVILLE RD, RT80 / IJAMSVILLE RD",,,No Match
"RT80 / PENN SHOP RD, RT80 / PENN SHOP RD",,,No Match
"RT80 / PRICES DISTILLERY RD, RT80 / PRICES DISTILLERY RD",,,No Match
"RT80 / RT75, RT80 / RT75",,,No Match
"RT80 / SUGARLOAF PKWY, RT80 / SUGARLOAF PKWY",,,No Match
"RT80 / THOMPSON DR, RT80 / THOMPSON DR",,,No Match
"RT806 / CATOCTIN MOUNTAIN HWY (CATOC FURN), RT806 / CATOCTIN MOUNTAIN HWY",,,No Match
"RT85 / ADAMSTOWN RD, RT85 / ADAMSTOWN RD",,,No Match
"RT85 / CRESTWOOD BLVD, RT85 / CRESTWOOD BLVD",,,No Match
"RT85 / ENGLISH MUFFIN WAY, RT85 / ENGLISH MUFFIN WAY",,,No Match
"RT85 / FRANCIS SCOTT KEY DR, RT85 / FRANCIS SCOTT KEY DR",,,No Match
"RT85 / GROVE RD, RT85 / GROVE RD",,,No Match
"RT85 / GUILFORD DR, RT85 / GUILFORD DR",,,No Match
"RT85 / I270, RT85 / I270",,,No Match
"RT85 / I70, RT85 / I70",,,No Match
"RT85 / MCKINNEY CIR, RT85 / MCKINNEY CIR",,,No Match
"RT85 / MICHAELS MILL RD, RT85 / MICHAELS MILL RD",,,No Match
"RT85 / RAMP TO I270SB, RT85 / RAMP TO I270SB",,,No Match
"RT85 / RT355, RT85 / RT355",,,No Match
"RT85 / RT80, RT85 / RT80",,,No Match
"RT85 / SPECTRUM DR, RT85 / SPECTRUM DR",,,No Match
"RT880 / RT80, RT880 / RT80",,,No Match
RT97 / FREDERICK RD,39.32061412906,-77.019540684372,Match
RUNNYMEADE DR / POOLE JONES RD,39.460033116624,-77.421545800087,Match
"RUNWAY 23 - FREDERICK REGIONAL AIRPORT, FREDERICK AIRPORT TERMINAL - FREDERICK REGIONAL AIRPORT",,,No Match
"RUNWAY 23 FREDERICK REGIONAL AIRPORT, RUNWAY 23 FREDERICK REGIONAL AIRPORT",,,No Match
"RUNWAY 5 - FREDERICK REGIONAL AIRPORT, RUNWAY 5 - FREDERICK REGIONAL AIRPORT",,,No Match
S BENTZ ST / GAITHER ALY,,,No Match
S BENTZ ST / W SOUTH ST,39.411046126166,-77.416634054749,Match
S CARROLL ST / E PATRICK ST,39.41398012524,-77.407710557344,Match
S CARROLL ST / E SOUTH ST,39.410488125954,-77.408214557409,Match
S CARROLL ST / HESSIAN ALY,,,No Match
S CHURCH ST / FRANKLIN ST,39.441358125104,-77.545460012652,Match
S CLIFTON RD / OLD NATIONAL PIKE,39.422003626737,-77.488136781758,Match
S CLIFTON RD / WITMER LN,39.414754128446,-77.495123030044,Match
S COURT ST / W PATRICK ST,39.414250125362,-77.412269055905,Match
S DELAWARE AVE / EEL TOWN ALY,,,No Match
S DELAWARE AVE / WALNUT ST,39.312730153963,-77.631009494246,Match
S EAST ST / BUCKEYSTOWN PIKE,,,No Match
S EAST ST / E ALL SAINTS ST,39.411680625638,-77.40617155797,Match
S EAST ST / E PATRICK ST,39.413836125181,-77.405406558071,Match
S EAST ST / MONOCACY BLVD,,,No Match
"S EAST ST / MONOCACY BLVD, ROUND ABOUT",,,No Match
"S EAST ST / ROUNDABOUT, S EAST ST / ROUNDABOUT",,,No Match
S FEDERAL ST / E MAIN ST,39.383110126049,-77.268386102762,Match
S GLADE RD / GRANTHAM CT,,,No Match
S JEFFERSON ST / CATOCTIN AVE,39.409201126887,-77.425863551989,Match
S JEFFERSON ST / JEFF ST BRIDGE @ RT15 HWY,,,No Match
S JEFFERSON ST / PEARL ST,39.407563127344,-77.429270051031,Match
S JEFFERSON ST / PROSPECT BLVD,,,No Match
S JEFFERSON ST / RAMP RT15NB TO RT340WB RAMP,,,No Match
S JEFFERSON ST / RAMP S JEFFERSON ST TO RT15NB RAMP,,,No Match
S JEFFERSON ST / W SOUTH ST,39.411370126311,-77.422083553029,Match
S MAIN ST / E RIDGEVILLE BLVD,39.36544312566,-77.165795135894,Match
S MARKET ST / E ALL SAINTS ST,39.411919125787,-77.411274556364,Match
S MARKET ST / MONOCACY BLVD,39.402352127648,-77.410217057304,Match
S MARKET ST / MOUNT OLIVET BLVD,39.406474126895,-77.411949556501,Match
S MARKET ST / N MARKET ST,39.414196125324,-77.411009056302,Match
S MARKET ST / NEW DESIGN RD,39.402451146527,-77.410492208838,Match
S MARKET ST / STADIUM DR,,,No Match
S MARKET ST / W PATRICK ST,39.414196125324,-77.411009056302,Match
S MARYLAND AVE / W POTOMAC ST,39.313135153776,-77.628228495085,Match
"S MCCAIN DR / APPLETREE CT, PH2",39.416212126559,-77.453588042898,Match
S MCCAIN DR / HORIZON DR,39.417427126323,-77.453736542774,Match
S MOUNTAIN RD / JEFFERSON PIKE,,,No Match
S RENN RD / CAP STINE RD,39.363481137772,-77.47259154034,Match
S SETON AVE / 15S BTWN XOVR & S SETON AVE HWY,,,No Match
"S SETON AVE / OLD EMMITSBURG RD, IAO",39.689173067858,-77.333451562851,Match
S WISNER ST / MCCUTCHEON ALY,,,No Match
SABILLASVILLE RD / BROWNS QUARRY RD,39.68878607254,-77.452508025678,Match
SABILLASVILLE RD / EYLERS VALLEY FLINT RD,39.658145578246,-77.443640780435,Match
SABILLASVILLE RD / RAILROAD XING,,,No Match
"SADDLERIDGE CT / SADDLERIDGE DR, ON THE CORNER OF",39.515914111364,-77.57238799946,Match
SAINT ANTHONY RD / GROTTO RD,39.675592071499,-77.358269055973,Match
SAINT ANTHONY RD / HEMLER RD,39.666844073597,-77.367854053544,Match
SAINT ANTHONY RD / KELBAUGH RD,39.674001836838,-77.360486531541,Match
SAINT CLAIR LN / SYLVAN BLUFF DR,39.233359164943,-77.50519853845,Match
SAINT JAMES PL / ALLINGTON MANOR CIR W,,,No Match
SAINT MARKS RD / BROAD RUN XING,39.375195763573,-77.580581730655,Match
SANDSTONE DR / DIAMOND DR,39.48869810791,-77.342820572815,Match
"SANDSTONE DR / RT194, SANDSTONE DR / RT194",,,No Match
SANDSTONE DR / WOODSBORO PIKE,39.485818108453,-77.342060073237,Match
SANDY HOOK / HARPERS FERRY RD,39.324304155331,-77.726049463934,Match
"SANDY HOOK / HARPERS FERRY, BYPASSED TO: STATION 5,1500 VOLUNTEER DR,BRUNSWICK",39.324304155331,-77.726049463934,Match
SANDY HOOK OVERLOOK TRAIL,,,No Match
SANDY HOOK RD / MARYLAND HEIGHTS,,,No Match
SANDY HOOK RD / MARYLAND HEIGHTS OVERLOOK,,,No Match
SANDY HOOK RD / MD HEIGHTS OVERLOOK,,,No Match
SANDY HOOK RD / NAVAL GUN BATTERY,,,No Match
SANDY HOOK RD / OVERLOOK CLIFF TRL,,,No Match
SANDY HOOK RD / RED BLAZE TRL,,,No Match
SANDY HOOK RD @ MARYLAND HEIGHTS OVERLOOK,,,No Match
SANDY HOOK RD AT MD HEIGHTS OVERLOOK,,,No Match
SANDYHOOK RD / CLARK RD,39.325879154441,-77.711118468478,Match
SANDYHOOK RD / HARPERS FERRY RD,39.324304155331,-77.726049463934,Match
SANDYHOOK RD / MARYLAND HEIGHTS,,,No Match
SANDYHOOK RD / RAILROAD BRDGE,,,No Match
SCHAFFER DR / BISHOPS GLEN DR,,,No Match
SCHAFFER DR / HAMPSHIRE DR,,,No Match
SCHAFFER DR / WAVERLEY DR,,,No Match
SCHIFFERSTADT BLVD / MOHICAN DR,,,No Match
SCHIFFERSTADT BLVD / MONOCACY BLVD,,,No Match
SCRAVEL RD / PLEASANT WALK RD,39.539926107163,-77.586666493458,Match
SEBASTIAN BLVD / LIBERTY RD,,,No Match
SECOND AVE / E D ST,39.315430153121,-77.623098496535,Match
SECOND AVE / E H ST,,,No Match
SECOND AVE / E POTOMAC ST,39.311884153882,-77.624529496316,Match
SENECA DR / HILLCREST DR,39.266200145555,-77.168333141344,Match
"SHADY LN / RT180, SHADY LN / RT180",,,No Match
SHENANDOAH / RT340,,,No Match
"SHIELDS DR / RT355, SHIELDS DR / RT355",,,No Match
SHOOKSTOWN RD / BAUGHMANS LN,39.426202123913,-77.436389047622,Match
SHOOKSTOWN RD / BOWERS RD,39.433411123538,-77.463866038594,Match
SHOOKSTOWN RD / GAMBRILL PARK RD,39.453670120724,-77.495235527517,Match
SHOOKSTOWN RD / IRONGATE LN,39.446137121941,-77.488008530253,Match
SHOOKSTOWN RD / LAKEVIEW DR,39.440584122405,-77.471426035778,Match
SHOOKSTOWN RD / MONTEVUE LN,,,No Match
SHOOKSTOWN RD / TATUM CT,,,No Match
SHOOKSTOWN RD / WAVERLEY DR,,,No Match
SHOOKSTOWN RD / WILLOWDALE DR,,,No Match
SILO HILL RD / E MAIN ST,39.268432131251,-76.800386256088,Match
SIMMONS RD / KEYSVILLE RD,39.671407070039,-77.298986074771,Match
SIMPSONS MILL RD / GOOD INTENT RD,39.568654087433,-77.222378105314,Match
SIXES BRIDGE RD / MONOCACY RIVER,,,No Match
SKYLARK TRL / JACKS MOUNTAIN RD,,,No Match
"SKYVIEW DR / LARSON LN, IAO",39.345409131184,-77.206065624591,Match
SKYVIEW DR / PENN SHOP CT,39.344293131265,-77.202371125814,Match
SLABTOWN RD / LICKING CREEK,,,No Match
SLATE LN / WILLOW TREE DR S,39.425914126986,-77.514756523211,Match
SMITH RD / KELBAUGH RD,39.668158073851,-77.38113354931,Match
SNOWSHILL ST / MILL POND RD,,,No Match
SOLAREX CT / BALLENGER CREEK PIKE,,,No Match
SOUDER RD / BURKITTSVILLE RD,,,No Match
SOUDER RD / N MAPLE AVE,39.325141151145,-77.621937496276,Match
SOUDER RD / NINTH AVE,,,No Match
SOUDER RD / POINT OF ROCKS RD,,,No Match
SOUDER RD / SECOND AVE,,,No Match
SOUTH ST / WALNUT ST,,,No Match
SPAHRS QUARRY RD / HESSONG BRIDGE RD,39.558754096802,-77.415099545763,Match
SPECTRUM DR / BUCKEYSTOWN PIKE,39.386594634169,-77.409440755613,Match
SPECTRUM DR / HOLIDAY DR,,,No Match
"SPECTRUM DR / HOLIDAY DR, IN AREA OF// IN FRONT OF COUNTRY INN",,,No Match
SPECTRUM DR / LOWES LN,,,No Match
SPECTRUM DR / TECHNOLOGY WAY,,,No Match
SPRIGG ST S / MCPHERSON ST,39.329731140064,-77.357054078493,Match
SPRING RIDGE PKWY / KNOLLWOOD DR,39.405569624569,-77.346584826942,Match
SPRING RIDGE PKWY / NEWPORT DR W,,,No Match
SPRING RIDGE PKWY / RIDGEFIELD LN,39.399769125757,-77.347478077033,Match
SPRINGHOLLOW LN / TAYLORSTOWN RD,39.248677164302,-77.568162517883,Match
"SPRUCE RUN RD / RT17, SPRUCE RUN RD / RT17",,,No Match
STADIUM DR / NEW DESIGN RD,,,No Match
STADIUM DR / S MARKET ST,,,No Match
"STATION 20, STATION 20",39.150475841539,-77.027876913156,Match
STAUFFER CT / WOODSBORO PIKE,39.463817613683,-77.36453306763,Match
STAUFFER RD / CRUM RD,39.469510111411,-77.334761076556,Match
STEINER SMITH RD / DUBLIN RD,39.55103209521,-77.334000571577,Match
STEVENS RD / OLD FREDERICK RD,39.559861094922,-77.371994059148,Match
STONE RD / MOUNT ZION RD,39.390580133157,-77.492706532343,Match
"STONE RD / MOUNT ZION RD, HALFWAY DOWN STONE",39.390580133157,-77.492706532343,Match
STONEY CREEK DR / JEFFERSON PIKE,39.392704131658,-77.464703040934,Match
STOTTLEMYER RD / FOX TOWER RD,39.624670087267,-77.505770013207,Match
"STOTTLEMYER RD / FOX TOWER RD, RT77 / STOTTLEMEYER RD",39.624670087267,-77.505770013207,Match
STOTTLEMYER RD / JOHN DRAPER RD,39.607903091085,-77.518775010235,Match
STOTTLEMYER RD / RIDENOUR RD,,,No Match
STULL RD / MOUNTAINDALE RD,,,No Match
STULTZ RD / BOYLE RD,,,No Match
SUGAR MAPLE CT / BURNING BUSH DR,,,No Match
SUGARLOAF BLUE TRAIL / SUGARLOAF WHITE TRAIL,,,No Match
"SUGARLOAF MOUNTAIN - EAST VIEW PARKING, SUGARLOAF MOUNTAIN - EAST VIEW PARKING",,,No Match
"SUGARLOAF MOUNTAIN - WEST VIEW PARKING, SUGARLOAF MOUNTAIN - WEST VIEW PARKING",,,No Match
SUGARLOAF PKWY / CARRIAGE HILL DR,39.335743138054,-77.335773584746,Match
SUGARLOAF PKWY / FINGERBOARD RD,39.339865133508,-77.238123614939,Match
SUGARLOAF PKWY / JOHN SIMMONS ST,39.331477139491,-77.351168080217,Match
SUGARLOAF PKWY / WORTHINGTON BLVD,39.328673640087,-77.352135580093,Match
SUNDAYS LN / BARTGIS RD,39.493864109645,-77.414633800076,Match
SUNNY CLOSE / SUNNY WAY,39.61729008436,-77.392887548926,Match
SUNNY WAY / HAMMAKER ST,39.619135084041,-77.394071048437,Match
TABLER RD / URBANA PIKE,,,No Match
TACOMA ST / WOODLAND AVE,39.616498084947,-77.404029545498,Match
TALBOT RUN RD / CHELSEA CIR,,,No Match
TALBOT RUN RD / WOODVILLE RD,39.458845107509,-77.177319626386,Match
TANEY AVE / HEATHER RIDGE DR,39.436570120949,-77.412849554299,Match
TANEY AVE / W NINTH ST,39.431854122166,-77.42013055233,Match
TANEY AVE / W TWELFTH ST,39.433150121831,-77.418123552873,Match
TANEYTOWN PIKE / BAPTIST RD,39.670678066477,-77.202668104931,Match
TANEYTOWN PIKE / FOUR POINTS BRIDGE RD,39.696247064693,-77.287628076718,Match
TANEYTOWN PIKE / HARNEY RD,,,No Match
TANEYTOWN PIKE / MONOCACY RIVER,,,No Match
TANEYTOWN PIKE / SIMMONS RD,39.685501065726,-77.259332086258,Match
TANEYTOWN PIKE / TOMS CREEK CHURCH RD,39.694888064824,-77.284050577924,Match
TATUM CT / SHOOKSTOWN RD,,,No Match
TAYLORSTOWN RD / JACOBS HILL CT,39.222172168845,-77.54879902559,Match
TAYLORSTOWN RD / LOYALTY RD,39.254455163403,-77.574723515474,Match
TAYLORSTOWN RD / MEADOW VISTA PL,39.26957516081,-77.585663011109,Match
TEEN BARNES RD / HOLTER RD,39.380203136262,-77.519814524559,Match
TENNISON DR / ENGLISH MUFFIN WAY,,,No Match
"TENNISON DR / MARSDEN PL, CELL TOWER TUSCARORA HIGH SCHOOL",,,No Match
TENNISON DR / MCLAUREN CT,39.367666135634,-77.438576050673,Match
TERRA FIRMA RD / OLD NATIONAL PIKE,,,No Match
THOMAS JOHNSON CT / THOMAS JOHNSON DR,39.448945118188,-77.404943055975,Match
THOMAS JOHNSON DR / CHRISTOPHERS XING,,,No Match
THOMAS JOHNSON DR / OPOSSUMTOWN PIKE,,,No Match
THOROUGHBRED LN / ATLAS DR,,,No Match
THURSTON RD / DIXON RD,39.306646144904,-77.363327077999,Match
THURSTON RD / OLD HUNDRED RD,39.263392152794,-77.344040086743,Match
"TILCO DR / INTERSTATE CT, I70EB / E SOUTH ST",39.401533127022,-77.389661063766,Match
TILCO DR / REICHS FORD RD,,,No Match
TIMBER GREEN DR / URBANA PIKE,,,No Match
TOMS CREEK CHURCH RD / BOLLINGER SCHOOL RD,,,No Match
TOWER RD / FOXVILLE RD,39.635461084561,-77.490965017129,Match
TOWER RD / MIDDLE POINT RD,39.571039097613,-77.499069518768,Match
TOWER RD / OLD CATOCTIN RD,39.623059087006,-77.490830017975,Match
TRAFALGAR LN / SOHO ALY,,,No Match
"TRAIL AVE / W SEVENTH ST, IAO",39.423349123578,-77.412917055123,Match
"TRAILS PARKING LOT - GAMBRILL STATE PARK, TRAILS PARKING LOT - GAMBRILL STATE PARK",,,No Match
"TULIP PARK, TULIP PARK",,,No Match
TUNE AVE / GRACE CT,39.296701140869,-77.205314127894,Match
TUSCANNEY DR / GOOSE CREEK WAY,,,No Match
TUSCANNEY DR / WALNUT RIDGE CT,,,No Match
TUSCANNEY DR / YELLOW SPRINGS RD,,,No Match
TUSCARORA RD / CHICK RD,,,No Match
TUSCARORA RD / NEW DESIGN RD,39.259846158595,-77.477375045435,Match
"TUSCARORA RD / OLD LICKSVILLE RD, Apt/Unit:HTTPS://A91.IO/KSO69",,,No Match
"TUSCARORA RD / PLEASANT VIEW RD, THE RANCH",39.271645156935,-77.49544703906,Match
"TUSCARORA RD / PLEASANT VIEW RD, TUSCARORA GUN CLUB",39.271645156935,-77.49544703906,Match
TWIN ARCH RD / RIDGE RD,,,No Match
TWIN PONDS LN / INDIAN SPRINGS RD,,,No Match
UNDERWOOD CT / UNDERWOOD LN,39.3032081495,-77.465567046362,Match
URBANA CHURCH PASS / FINGERBOARD RD,39.32474514095,-77.354243829685,Match
URBANA PIKE / ARABY CHURCH RD,39.366145134005,-77.388180566479,Match
URBANA PIKE / BALL RD,39.362544936029,-77.386316621732,Match
URBANA PIKE / BIG WOODS RD,39.314710142044,-77.330517587716,Match
"URBANA PIKE / BLACKBERRY DR, IAO",,,No Match
URBANA PIKE / BUCKEYSTOWN PIKE,,,No Match
URBANA PIKE / CAMPUS DR,,,No Match
URBANA PIKE / CENTENNIAL WAY,39.325942140393,-77.345894082212,Match
"URBANA PIKE / CENTENNIAL WAY, ADVANCE AUTO PARTS URBANA",39.325942140393,-77.345894082212,Match
URBANA PIKE / DOCTOR PERRY RD,39.314710142044,-77.330517587716,Match
URBANA PIKE / FINGERBOARD RD,,,No Match
URBANA PIKE / GALENA DR,39.32596914042,-77.346744581945,Match
URBANA PIKE / GENSTAR DR,,,No Match
URBANA PIKE / GREEN VALLEY RD,,,No Match
URBANA PIKE / GROVE RD,39.39122812967,-77.405258059559,Match
URBANA PIKE / LEW WALLACE ST,,,No Match
URBANA PIKE / LOWES LN,,,No Match
"URBANA PIKE / LOWES LN, ALDI - KEY PLAZA",,,No Match
"URBANA PIKE / LOWES LN, IFO ALDI'S",,,No Match
URBANA PIKE / MONOCACY RIVER,,,No Match
"URBANA PIKE / MONOCACY RIVER, IAO",,,No Match
URBANA PIKE / MOTT RD,,,No Match
URBANA PIKE / NEW HORIZON WAY,39.38021213163,-77.399246062134,Match
URBANA PIKE / PARK MILLS RD,,,No Match
URBANA PIKE / PRICE RD,39.304864143666,-77.321585091123,Match
URBANA PIKE / REELS MILL RD,39.344653137783,-77.375121571915,Match
URBANA PIKE / SHIELDS DR,39.388177130231,-77.404070060123,Match
URBANA PIKE / STONE BARN DR,,,No Match
URBANA PIKE / SUGARLOAF PKWY,39.325978140548,-77.35016008088,Match
URBANA PIKE / TABLER RD,,,No Match
URBANA PIKE / TECHNOLOGY WAY,39.37741313212,-77.397509062854,Match
URBANA PIKE / THORNAPPLE DR,,,No Match
URBANA PIKE / TIMBER GREEN DR,,,No Match
URBANA PIKE / URBANA PKWY,,,No Match
URBANA PKWY / BENNETT CREEK BLVD,39.322436641224,-77.349383831346,Match
UTICA CT / UTICA RD,39.531331102006,-77.409155049382,Match
VALLEY SIDE DR / AMBER DR,,,No Match
"VALLEY VIEW RD / HOLLOW RD, IAO A HOUSE ON VALLEY VIEW RD",39.457630120484,-77.509383522852,Match
VERMONT CT / RHODE ISLAND CT,39.411865125359,-77.399844559932,Match
VICKSBURG CT / BURNSIDE DR,39.467260114852,-77.412755052367,Match
VOLUNTEER DR / BURKITTSVILLE RD,39.33257515012,-77.633709492137,Match
"VONA ALY / LINDLEY RD, IAO",,,No Match
W ALL SAINTS ST / ICE ST,39.411973125823,-77.412503055978,Match
W ALL SAINTS ST / S BENTZ ST,39.412072125944,-77.41616155483,Match
W ALL SAINTS ST / S COURT ST,39.411973125823,-77.412503055978,Match
W B ST / N DAYTON AVE,39.315340153469,-77.631652993879,Match
W B ST / N VIRGINIA AVE,39.314593153522,-77.629177994697,Match
W CHURCH ST / N MARKET ST,39.415366125085,-77.410847056277,Match
W COLLEGE TER / CARROLL PKWY,39.415366125585,-77.423856552221,Match
W COLLEGE TER / W SOUTH ST,39.413453626028,-77.425494551832,Match
W CRUM RD / CRUM RD,39.481097609617,-77.347979821691,Match
W FIFTH ST / N BENTZ ST,39.42051412413,-77.412602055402,Match
W FOURTEENTH ST / MOTTER AVE,39.432988121561,-77.410248555339,Match
W FOURTH ST / N MARKET ST,39.419083124327,-77.410325056203,Match
W FREDERICK ST / MAIN ST,39.482641109342,-77.348801071336,Match
W FREDERICK ST / W CRUM RD,39.482641109342,-77.348801071336,Match
W GREEN ST / KOOGLES DR,39.44513812458,-77.55129651059,Match
W GREEN ST / N CHURCH ST,38.175787303153,-75.395612759129,Match
W GREENLEAF DR / EDGEWOOD CHURCH RD,39.457373618615,-77.459557288403,Match
W MAIN ST / CROWS NEST RD,,,No Match
"W MAIN ST / ELM ST, IAO",,,No Match
W MAIN ST / FOXVILLE RD,,,No Match
W MAIN ST / HOWARD ST,39.62381508381,-77.412057542518,Match
W MAIN ST / N ALTAMONT AVE,39.624094083807,-77.413421042074,Match
W MAIN ST / N CHURCH ST,,,No Match
W MAIN ST / N SETON AVE,39.70468906454,-77.326868063905,Match
W MAIN ST / RAMP RT15SB TO RT77 RAMP,,,No Match
W MAIN ST / TANNERY DR,38.976661171248,-76.294527932004,Match
W MAIN ST / THIRD ALY,39.387106200794,-79.185691507568,Match
W MAIN ST / TIMBERMILL RUN,,,No Match
W MAIN ST / TIPPIN DR,39.621583084638,-77.422065539537,Match
W MOSER RD / FREDERICK RD,39.61880208492,-77.41514004188,Match
W NINTH ST / MOTTER AVE,39.425941122967,-77.410401555742,Match
"W NINTH ST / MOTTER AVE, SUNSET VILLA - 302 SELWYN DR",39.425941122967,-77.410401555742,Match
W NINTH ST / N MARKET ST,39.425792622917,-77.408329306397,Match
W ORNDORFF DR / PEACH ORCHARD LN,39.323350151645,-77.625685995224,Match
W PATRICK ST / BAUGHMANS LN,39.416266125965,-77.438405047628,Match
"W PATRICK ST / BAUGHMANS LN, IAO CHIPOTLE - GOLDEN MILE",39.416266125965,-77.438405047628,Match
"W PATRICK ST / BAUGHMANS LN, JUST PRIOR TO",39.416266125965,-77.438405047628,Match
W PATRICK ST / BLENTLINGER RD,39.423664125695,-77.469617037425,Match
W PATRICK ST / CATOCTIN AVE,39.413494126023,-77.425571051806,Match
W PATRICK ST / GROVE HILL RD,,,No Match
"W PATRICK ST / GROVE HILL RD, BY THE TRUIST BANK",,,No Match
W PATRICK ST / HILLCREST DR,39.417481126012,-77.44591104521,Match
W PATRICK ST / HOKE PL,,,No Match
W PATRICK ST / KLINE BLVD,39.414574126014,-77.430930550066,Match
"W PATRICK ST / KLINE BLVD, IAO",39.414574126014,-77.430930550066,Match
W PATRICK ST / N BENTZ ST,39.413818125565,-77.415333554977,Match
W PATRICK ST / N JEFFERSON ST,39.412558126031,-77.420945053308,Match
W PATRICK ST / N MCCAIN DR,,,No Match
W PATRICK ST / NORVA AVE,39.414574126014,-77.430930550066,Match
W PATRICK ST / OLD CAMP RD,39.422161125868,-77.466341038542,Match
W PATRICK ST / OLD NATIONAL PIKE,39.419857126191,-77.46284003978,Match
W PATRICK ST / RAMP RT15NB TO RT40WB RAMP,,,No Match
W PATRICK ST / RAMP RT15SB TO RT40WB RAMP,,,No Match
W PATRICK ST / RT15 NB W PATRICK ST OFF RAMP & RT 40 BRDGE HWY,,,No Match
"W PATRICK ST / RT15 NB W PATRICK ST OFF RAMP & RT 40 BRDGE HWY, RT15SB / W PATRICK ST",,,No Match
W PATRICK ST / S COURT ST,39.414250125362,-77.412269055905,Match
W PATRICK ST / S JEFFERSON ST,39.412558126031,-77.420945053308,Match
W PATRICK ST / S MCCAIN DR,,,No Match
W PATRICK ST / W COLLEGE TER,39.413494126023,-77.425571051806,Match
"W PATRICK ST / W COLLEGE TER, Apt/Unit:HTTPS://A91.IO/AWP94",39.413494126023,-77.425571051806,Match
W PATRICK ST / WAVERLEY DR,,,No Match
W PATRICK ST / WILLOWDALE DR,,,No Match
W POTOMAC ST / N DELAWARE AVE,39.313621153775,-77.630730494275,Match
W SECOND ST / COLLEGE AVE,39.41711212502,-77.418173053882,Match
W SECOND ST / FAIRVIEW AVE,,,No Match
W SECOND ST / MIDNITE ALY,,,No Match
W SECOND ST / N BENTZ ST,39.416833124915,-77.414006055199,Match
W SEVENTH ST / APPLE AVE,39.428542122797,-77.419433052759,Match
W SEVENTH ST / BIGGS AVE,39.429370122661,-77.420180052473,Match
W SEVENTH ST / FAIRVIEW AVE,39.426634123109,-77.417687053425,Match
W SEVENTH ST / MOTTER AVE,39.422953123608,-77.411630055549,Match
W SEVENTH ST / N BENTZ ST,39.422953123608,-77.411630055549,Match
"W SEVENTH ST / RT15, W SEVENTH ST / RT15",,,No Match
W SEVENTH ST / TANEY AVE,39.430927122406,-77.421588551935,Match
W SEVENTH ST / TOLL HOUSE AVE,39.424069123512,-77.414915054454,Match
W SEVENTH ST / TRAIL AVE,39.423349123578,-77.412917055123,Match
W SEVENTH ST / WILSON PL,39.432925122077,-77.423357051256,Match
W SOUTH ST / BROADWAY ST,39.410776126067,-77.412669556002,Match
W SOUTH ST / BURCK ST,39.411289126282,-77.420900053403,Match
W SOUTH ST / CENTER ST,39.411046126166,-77.416634054749,Match
W SOUTH ST / S BENTZ ST,39.411046126166,-77.416634054749,Match
W SOUTH ST / S MARKET ST,39.410686126038,-77.411436556392,Match
"W THIRD ST / N MARKET ST, MARYLAND APTS",39.417832124582,-77.410505056227,Match
W WATERSVILLE RD / WATERSVILLE RD,,,No Match
WALLACE CIR / ARABY CHURCH RD,,,No Match
WALNUT ST / SOUTH ST,,,No Match
WALTER MARTZ RD / APOLLO DR,,,No Match
WALTER MARTZ RD / CHRISTOPHERS XING,,,No Match
WALTER MARTZ RD / REAGANS RD,,,No Match
"WARNER RD / RENNER RD, 1500 FEET BEFORE RENNER",39.554002092016,-77.266163092572,Match
WARNER RD / WOODSBORO PIKE,39.575998087638,-77.265672591317,Match
WASCHE RD / W HUNTER RD,39.177766173688,-77.443571061142,Match
WATER ST / E MAIN ST,39.623698083815,-77.411585042673,Match
WATER ST / N CHURCH ST,39.623698083815,-77.411585042673,Match
WATER STREET RD / DAYSVILLE RD,39.492109106708,-77.329136076868,Match
WATER STREET RD / HARP RD,39.474244109816,-77.317683581584,Match
WATERFORD DR / ALESSANDRA CT,39.421886624649,-77.433223298884,Match
WATERS EDGE CT / NORTH SHORE WAY,39.413629121668,-77.312661587012,Match
WATERSIDE DR / LIBERTY RD,,,No Match
"WATERSIDE DR / STONEY CREEK RD, IAO",39.455983116089,-77.386686561219,Match
WAVERLEY DR / BICTON COMMONS DR,39.425275124998,-77.459816040377,Match
WAVERLEY DR / KEY PKWY,,,No Match
WAVERLEY DR / SHOOKSTOWN RD,,,No Match
WAVERLEY DR / W PATRICK ST,,,No Match
"WAVERLEY DR / W PATRICK ST, CASA RICO RESTAURANT - FREDERICK TOWNE MALL / DISTRICT 40",,,No Match
WAYNESBORO PIKE / AUTUMN TRL,39.738741719684,-77.39382741455,Match
WAYNESBORO PIKE / FAIRFIELD RD,39.734920060283,-77.371076048126,Match
WAYNESBORO PIKE / HARBAUGH VALLEY RD,39.739294061837,-77.433432528353,Match
WAYNESBORO PIKE / JACKS MOUNTAIN RD,,,No Match
WAYNESBORO PIKE / ORCHARD RD,39.722833062071,-77.355654553731,Match
WAYNESBORO PIKE / STEELMAN MARKER RD,39.730195060978,-77.364956050346,Match
WAYNESBORO RD / MOUNTAIN VIEW RD,39.719233062564,-77.350034055721,Match
"WEAVERTON CLIFFS PARKING LOT, WEAVERTON CLIFFS PARKING LOT",,,No Match
WEAVERTON RD @ WEAVERTON OVERLOOK,,,No Match
WELDON RD / BARNES RD N,,,No Match
WELDON RD / TARR DR,,,No Match
WELLER RD / GREEN VALLEY RD,39.360259130636,-77.269358103906,Match
WELLER RD / IRIS CT,39.359692130671,-77.267319604578,Match
WELLER RD / LYNN BURKE RD,39.353986131163,-77.250431110207,Match
WELLER RD / RT75,,,No Match
"WELLER RD / WELLER HILL DR, IAO BY THE POND",39.356884131021,-77.261843106464,Match
WEST HILLS DR / SPOUT SPRING RD,39.448396119385,-77.433257047179,Match
WEST OAK DR / MOLETON DR,39.357046129238,-77.215889120791,Match
WEST STONE CT / ROHERSVILLE,,,No Match
WEST STONE CT / ROHERSVILLE RD,,,No Match
WESTVIEW DR / EXECUTIVE WAY,,,No Match
WHEYFIELD DR / SEBASTIAN BLVD,39.449791116941,-77.376836064688,Match
WHEYFIELD DR / WILLOW GROVE ALY,,,No Match
WHISKEY RD / DISTILLERY CT,39.360286131876,-77.302005593721,Match
WHITE OAK RD / APPALACHIAN TRL,,,No Match
WHITE ROCK AVE / GRANITE CIR,39.489337112157,-77.456535537296,Match
WHITTIER DR / ELLSWORTH WAY,39.453913118926,-77.449794541669,Match
"WHITTIER DR / WETHERBURNE WAY, WHITTIER LAKE PARK",,,No Match
"WIGVILLE RD / CATOCTIN HOLLOW RD, IAO",,,No Match
WIGVILLE RD / FOX TOWER RD,39.608479090276,-77.500824515799,Match
WIGVILLE RD / LEISURE LN,,,No Match
WILES CT / HOLLOW CT,39.469960118471,-77.520615518559,Match
"WILLIAM HOUCK AREA, WILLIAM HOUCK AREA",,,No Match
WILLIAM HOUCK DR / SOUTH BEACH CIR,,,No Match
WILLOW DR / W LINCOLN AVE,39.149740146462,-76.569455335574,Match
WILLOWBROOK RD / WILLOW RD,39.472822113732,-77.412350052137,Match
WILLOWDALE DR / KEY PKWY,,,No Match
"WILLOWDALE DR / KEY PKWY, Apt/Unit:HTTPS://A91.IO/75ZJS",,,No Match
"WILLOWDALE DR / LITTLE BROOK DR, IAO",,,No Match
WILLOWDALE DR / SCHAFFER DR,,,No Match
WILLOWDALE DR / SHOOKSTOWN RD,,,No Match
WILLOWDALE DR / W PATRICK ST,,,No Match
WILSON PL / W SEVENTH ST,39.432925122077,-77.423357051256,Match
WINCHESTER BLVD / MOUNTVILLE RD,,,No Match
WINDSOR RD / SUNFLOWER DR,39.319597138478,-77.262527108607,Match
"WOLF ROCK - CATOCTIN MOUNTAIN PARK, WOLF ROCK - CATOCTIN MOUNTAIN PARK",,,No Match
WOLFSVILLE RD / BITTLE RD,39.517768110046,-77.547831506997,Match
WOLFSVILLE RD / E CHURCH HILL RD,39.522556109044,-77.546438757122,Match
WOLFSVILLE RD / MAIN ST,,,No Match
WOLFSVILLE RD / MARTIN RD,,,No Match
WOLFSVILLE RD / MEETING HOUSE RD,39.543499104215,-77.528819011266,Match
WOOD DUCK CT / ROBIN DR,,,No Match
WOODLAND AVE / BLUE RIDGE AVE,39.616687084926,-77.404448045355,Match
WOODLAND AVE / IRONMASTER DR,39.615670085036,-77.402085546158,Match
WOODLAND WAY RD / HARP HILL RD,39.563461101112,-77.550711503148,Match
WOODSBORO PIKE / ADVENTURE AVE,39.468628112666,-77.362926567824,Match
WOODSBORO PIKE / ANTIETAM DR,39.473056111672,-77.359927318477,Match
WOODSBORO PIKE / CASH SMITH RD,39.560878091879,-77.298099582157,Match
WOODSBORO PIKE / COPPERMINE RD,,,No Match
WOODSBORO PIKE / CRUM RD,,,No Match
WOODSBORO PIKE / DAYSVILLE RD,39.492658106729,-77.332502075783,Match
WOODSBORO PIKE / DEER RUN DR,39.490102107327,-77.334862325209,Match
WOODSBORO PIKE / DETOUR RD,39.568321090028,-77.288298584741,Match
WOODSBORO PIKE / GLADE BLVD,39.51404210198,-77.319335078525,Match
WOODSBORO PIKE / GLADE RD,39.51404210198,-77.319335078525,Match
"WOODSBORO PIKE / GLADE RD, IAO",39.51404210198,-77.319335078525,Match
WOODSBORO PIKE / HAUGHS CHURCH RD,39.581074086323,-77.257626593505,Match
"WOODSBORO PIKE / HAUGHS CHURCH RD, IAO",39.581074086323,-77.257626593505,Match
WOODSBORO PIKE / LIBERTY RD,,,No Match
WOODSBORO PIKE / NICODEMUS RD,,,No Match
WOODSBORO PIKE / RENNER RD,,,No Match
WOODSBORO PIKE / S MAIN ST,39.484630105034,-77.246673603089,Match
WOODSBORO PIKE / STAUFFER CT,39.463817613683,-77.36453306763,Match
WOODSBORO PIKE / STAUFFER RD,39.463817613683,-77.36453306763,Match
WOODSBORO PIKE / W CRUM RD,,,No Match
WOODSBORO PIKE / WOODSBORO RD,38.976247201383,-77.107421178339,Match
"WOODSBORO PIKE / WOODSBORO RD, IAO",38.976247201383,-77.107421178339,Match
WOODSBORO RD / HOFFMAN SEACHRIST RD,,,No Match
WOODSBORO RD / MAIN ST,39.484630105034,-77.246673603089,Match
WOODSBORO RD / NORTH ST,39.485611104842,-77.246741103006,Match
WOODVILLE RD / HARRISVILLE RD,39.436588112051,-77.180384126841,Match
WOODVILLE RD / JESSE SMITH RD,39.390049121873,-77.195094625195,Match
WOODVILLE RD / OLD NATIONAL PIKE,39.37151812611,-77.209454121884,Match
WOODVILLE RD / PEDDICORD RD,39.446470109916,-77.17591562761,Match
WOODVILLE RD / UNIONVILLE RD,39.474487104716,-77.185606372805,Match
WORMANS MILL RD / ARMENIAN OAK DR,,,No Match
WORMANS MILL RD / LIBERTY RD,,,No Match
WORMANS MILL RD / MILL POND RD,39.447685118124,-77.396780058601,Match
WORMANS MILL RD / SHOREBIRD ST,39.446677118295,-77.396010558906,Match
WORTHINGTON BLVD / FINGERBOARD RD,39.327499140036,-77.344683582491,Match
WORTHINGTON BLVD / JOHN SIMMONS ST,39.32954214,-77.354381079338,Match
WORTHINGTON BLVD / LEW WALLACE ST,,,No Match
WORTHINGTON BLVD / SPRIGG ST S,39.330523139894,-77.356734578542,Match
WORTHINGTON BLVD / SUGARLOAF PKWY,39.328673640087,-77.352135580093,Match
WORTHINGTON BLVD / URBANA PIKE,39.324263640572,-77.341841833581,Match
WRENS VIEW LN,,,No Match
YAKEY LN / LOVETTSVILLE RD,39.280663158639,-77.586648510096,Match
YARROWSBURG RD / ROHRERSVILLE RD,39.367243144671,-77.671050478293,Match
YEAGERTOWN RD / BOYERS MILL RD,39.40930912189,-77.295998092485,Match
"YEAGERTOWN RD / BOYERS MILL RD, QUARTER OF A MILE",39.40930912189,-77.295998092485,Match
YEAGERTOWN RD / OLD NATIONAL PIKE,39.389194126348,-77.307936590038,Match
YEAGERTOWN RD / YEAGER CT,39.399490124166,-77.304440090475,Match
YELLOW SPRINGS RD / CLOVERHILL DR,39.448972119307,-77.434197546849,Match
YELLOW SPRINGS RD / MOUNTAINVIEW DR,,,No Match
YELLOW SPRINGS RD / OLD FARM DR,39.446245119852,-77.434283046997,Match
"YELLOW SPRINGS RD / OLD FARM DR, PNC BANK - YELLOW SPRINGS RD",39.446245119852,-77.434283046997,Match
YELLOW SPRINGS RD / STONE RIDGE DR,39.453598118456,-77.435943546009,Match
YELLOW SPRINGS RD / TUSCANNEY DR,,,No Match
YELLOW SPRINGS RD / YANKEELAND AVE,,,No Match
YOUNG BRANCH DR / IVY HILL DR,39.447469124452,-77.559981507734,Match
"100 BLOCK E CHURCH ST, RS WILL WEALTH MANAGEMENT",39.415187039939,-77.40884016113,Match
"6900 BLOCK CRESTWOOD BLVD, MEXICAN RESTERANT",39.390767542544,-77.425603595047,Match
MONOCACY BLVD / NEW DESIGN RD,39.402343127655,-77.410354307262,Match
27100 BLOCK RIDGE RD,,,No Match
W MAIN ST / WILLOW ST,,,Out of Region
"100 BLOCKQ WAVERLEY DR, Apt/Unit:104",39.424282647626,-77.459420161109,Match
15800 BLOCK MOTTERS STATION RD,,,No Match
"1200 BLOCK MAPLE TERRACE LN, Apt/Unit:204, MAPLE TERRACE APTS",,,No Match
HIGHLAND ST / MONROE AVE,39.412531124892,-77.39111906261,Match
300 BLOCK W SOUTH ST,39.41099237702,-77.416712535559,Match
"24000 BLOCK FREDERICK RD RENTALS UNLIMITED, RENTALS UNLIMITED",,,No Match
CATOCTIN VIEW LN / WENNER RD,39.294154157622,-77.630014995741,Match
"100 BLOCK PROSPECT RD, LAUNDRY ROOM",,,No Match
"RT340EB / RT17, IAO",,,No Match
600 BLOCK JEFFERSON PIKE,,,No Match
7300 BLOCK SIXES BRIDGE RD,,,No Match
"5600 BLOCK NEW DESIGN RD, Apt/Unit:101, CELL TOWER - TUSCARORA HIGH SCHOOL",39.386027934325,-77.422358138013,Match
"I70WB / REST AREA (MYERSVILLE)(MYERSVILLE), I70WB / REST AREA",,,No Match
"100 BLOCK ROUTZAHN WAY, PNC BANK - FREDERICK RESEARCH PARK",39.444501157547,-77.395144545583,Match
"4500 BLOCK BUCKEYSTOWN PIKE, INTELLIGRATED",39.35632984229,-77.421729413565,Match
HUGHES FORD RD / MONOCACY BLVD,39.415726123988,-77.384112564591,Match
MOUNTAINDALE RD / POWELL RD,39.521134104944,-77.43295554261,Match
"7200 BLOCK GUILFORD DR, CHUCK E CHEESES - FREDERICK CROSSING",39.395700859335,-77.417591525437,Match
YELLOW SPRINGS RD / ROSEMONT AVE,,,No Match
"OLD EMMITSBURG RD / S SETON AVE, IN AREA OF ACROSS FROM 16638",39.689173067858,-77.333451562851,Match
13600 BLOCK OLD ANNAPOLIS RD,,,No Match
JOHN WALSH WAY / ANNANDALE RD,,,No Match
1200 BLOCK MARKER RD,,,No Match
3600 BLOCK(3745) BLK TANEYTOWN RD,,,No Match
3700 BLOCK TANEYTOWN RD,,,No Match
9800 BLOCK OLD NATIONAL PIKE,,,No Match
MCMURRAY ST / WASHINGTON ST,39.409705126371,-77.415023055337,Match
NEW DESIGN RD / LAWRENCE CT,39.307771148459,-77.462120047146,Match
WOODSBORO RD / LIBERTY RD,39.484630105034,-77.246673603089,Match
13200 BLOCK BARLEY FARM LN,,,No Match
"2200 BLOCK BEAR DEN RD, PARK PLACE III - WORMANS MILL",39.453731109751,-77.384273432389,Match
"5200 BLOCK BUCKEYSTOWN PIKE, PANDA EXPRESS - WESTVIEW PROMENADE",,,No Match
"7400 BLOCK GROVE RD, YOUNGER NISSAN - EVERGREEN POINT",39.390380620791,-77.409313687153,Match
OLD CAMP RD / W PATRICK ST,39.422161125868,-77.466341038542,Match
"2000 BLOCK YELLOW SPRINGS RD, FOOD LION - YELLOW SPRINGS RD",39.440036740462,-77.437404876718,Match
"300 BLOCK BALLENGER CENTER DR, Apt/Unit:133, WOODSPRING SUITES - BALLENGER CREEK CENTER",39.395622695444,-77.436671866684,Match
RT340 / 1MM,,,Skipped
100 BLOCK(13615)WOLFSVILLE BLK RD,,,No Match
2700 BLOCK MAE WADE AVE,,,No Match
4300 BLOCK MIDDLE POINT RD,,,No Match
"I70WB / RIDGE RD (BRADDOCK), IAO",,,No Match
400 BLOCK OLD OAK PL,,,No Match
"1100 BLOCK W PATRICK ST, Apt/Unit:D",39.417437926033,-77.445999780991,Match
"400 BLOCK SAGNER AVE, Apt/Unit:100 & 200, RAK BREWING CO",39.412280597753,-77.403398814716,Match
1700 BLOCK MICHAEL RD,,,No Match
11500 BLOCK LIBERTY RD,39.477818691423,-77.263167166815,Match
BEL AIRE LN / KEY PKWY,,,No Match
"5200 BLOCK BUCKEYSTOWN PIKE, CHIPOTLE MEXICAN GRILL - WESTVIEW PROMENADE",,,No Match
CHRISTOPHERS XING / POOLE JONES RD,,,No Match
21200 BLOCK BOONSBORO MOUNTAIN RD,,,No Match
4300 BLOCK DELAUTER RD,,,No Match
STODDERT ALY / ATLAS DR,,,No Match
FINGERBOARD RD / PRICES DISTILLERY RD,39.345382135161,-77.31029459208,Match
100 BLOCK PENNSYLVANIA AVE,39.411137179678,-77.397743973366,Match
"BENNETT CREEK AVE / FINGERBOARD RD, Apt/Unit:HTTPS://A91.IO/37WEQ",39.324101641001,-77.352234580352,Match
"RT15NB / W PATRICK ST, Apt/Unit:HTTPS://A91.IO/64PKD, RT15NB / W PATRICK ST",,,No Match
"RT15SB / W SEVENTH ST(W SEVENTH ST), Apt/Unit:HTTPS://A91.IO/42QRZ, RT15SB / W SEVENTH ST",,,No Match
3700 BLOCK BITTLE RD,,,No Match
"1200 BLOCK LITTLE BROOK DR, Bldg:N, LITTLE BROOK APARTMENTS - 1209 LITTLE BROOK DR",39.424410084196,-77.447873525819,Match
"4600 BLOCK OLD NATIONAL PIKE, IFO",,,No Match
POTOMAC RIVER BASS ROCK,,,No Match
"1000 BLOCK W PATRICK ST, MIYAKO JAPANESE STEAKHOUSE - WESTRIDGE SQUARE SHOPPING CENTER",39.416100001517,-77.438559169087,Match
2500 BLOCK VANSE DR,,,No Match
100 BLOCK W COLLEGE TER,39.416475382146,-77.422836998725,Match
"4900 BLOCK WINCHESTER BLVD, GRAND TOURING",39.346574278476,-77.497355029945,Match
CORPORATE DR / BALLENGER CREEK PIKE,,,No Match
27200 BLOCK CLARKSBURG RD,,,No Match
"S CLIFTON RD / RT40A, S CLIFTON RD / RT40A",,,No Match
13100 BLOCK GOOD INTENT RD,,,No Match
1800 BLOCK CROUSE MILL RD,,,No Match
"300 BLOCK N MARKET ST, OLD TOWNE CRAFTS",39.417882789375,-77.41042320238,Match
38300 BLOCK WINSOME TRAIL LN,,,No Match
"400 BLOCK E CHURCH ST, Apt/Unit:228, OX FIBRE APARTMENTS",39.416551993001,-77.402109963265,Match
"6100 BLOCK SPRING RIDGE PKWY, NEW YORK J&P PIZZA - SPRING RIDGE",,,No Match
6300 BLOCK S CLIFTON RD,39.404902895965,-77.508243847844,Match
BIDLE RD / FREESTATE DR,39.435355127675,-77.581185501905,Match
CHURCH HILL RD / WARD KLINE RD,,,No Match
PARK MILLS RD / PAGE RD,,,No Match
QUARTER BRANCH RD / N BERLIN PIKE,39.281257160484,-77.637660494185,Match
2000 BLOCK DENNINGS RD,,,No Match
8600 BLOCK PINECLIFF DR,39.396450538777,-77.367521540279,Match
"100 BLOCK W THIRD ST, KARMA ACADEMY",39.4178795749,-77.411881978817,Match
6100 BLOCK MOUNT PHILLIP RD,39.400434159683,-77.491810446053,Match
300 BLOCK E PATRICK ST,39.413081224582,-77.418286825236,Match
6000 BLOCK YEAGERTOWN RD,,,No Match
"10600 BLOCK OLD ANNAPOLIS RD, PALMER INDUSTRIES",39.453079884772,-77.298125713017,Match
KELBAUGH RD / SAINT ANTHONY RD,39.674001836838,-77.360486531541,Match
S CLIFTON RD / JEFFERSON BLVD,39.404827130925,-77.508281026579,Match
13600 BLOCK MOTTERS STATION RD,,,No Match
3400 BLOCK GARFIELD RD,,,No Match
"5100 BLOCK PEGASUS CT, ADT SECURITY SERVICES - CENTER AT MONOCACY",39.371355511318,-77.409481199886,Match
2700 BLOCK MONUMENT RD,,,No Match
"300 BLOCK PROSPECT BLVD, Bldg:A, Apt/Unit:COMMON AREA, CASCADES OF FREDERICK",39.401390563507,-77.42019405994,Match
"BUTTERFLY LN / ACROPOLIS WAY, PROSPECT HALL APARTMENTS - 1002 CAPISTRANO CT",,,No Match
14600 BLOCK NEWVALLEY CHURCH RD,,,No Match
"700 BLOCK ACROPOLIS WAY, Apt/Unit:402, PROSPECT HALL APARTMENTS - 700 BLOCK ACROPOLIS WAY",39.404587792456,-77.441344970861,Match
"4900 BLOCK WESTVIEW DR, Apt/Unit:A",39.368259050711,-77.415413863783,Match
EAGLEHEAD DR / WOODRIDGE RD,,,No Match
7500 BLOCK MAYFAIR CT,,,No Match
"1000 BLOCK POPLAR ST, Bldg:A",39.413152990926,-77.441476522523,Match
8500 BLOCK ORNDORFF RD,,,No Match
"5600 BLOCK WADE CT, Apt/Unit:C",39.386817907916,-77.444450648589,Match
"1200 BLOCK E PATRICK ST, Apt/Unit:10",39.408401961869,-77.390187693864,Match
"6600 BLOCK ZITTLESTOWN RD, WASHINGTON MONUMENT STATE PARK",,,No Match
1100 BLOCK ROSEMONT DR,39.423983696317,-77.42664778961,Match
DEER SPRING RD / POTOMAC AVE,39.420243991161,-77.505017241395,Match
"4800 BLOCK SCHLEY AVE, BRADDOCK HEIGHTS SWIMMING POOL",,,No Match
EAGLEHEAD DR / HOPEWELL ST,,,No Match
NEW LONDON RD / GREEN VALLEY RD,39.422332117656,-77.252982605081,Match
5400 BLOCK NOLANDS FERRY RD,,,No Match
900 BLOCK PROMENADE RD,,,No Match
1500 BLOCK S RAMBLING WAY,39.447559104076,-77.381958190185,Match
100 BLOCK TAMMY CT,,,No Match
"RT340EB / JEFFERSON TECHNOLOGY BLVD, RT340EB / JEFFERSON TECHNOLOGY BLVD",,,No Match
JCPENNY,,,No Match
"LIBERTY RD / MONOCACY BLVD, IN AREA OF",,,No Match
"14700 BLOCK MANAHAN RD, Apt/Unit:A",,,No Match
"600 BLOCK E PATRICK ST, RECOVERY VILLAGE",39.411902273954,-77.39702324936,Match
"100 BLOCK WAVERLEY DR, Bldg:JJ, ELMWOOD TERRACE APTS - BLDG JJ",39.424282647626,-77.459420161109,Match
"700 BLOCKB WEMBLY DR, DERBYSHIRE APTS - 700 BLOCKB WEMBLY DR",39.429650965151,-77.397140777352,Match
1800 BLOCKB PLEASANT VIEW RD,,,No Match
BALLENGER CREEK PIKE / S RENN RD,39.358891138441,-77.466246542609,Match
"100 BLOCK BURGESS HILL WAY, Apt/Unit:220, CREEKSIDE AT TASKERS CHANCE - 100 BLOCK BURGESS HILL WAY",39.423832270401,-77.443496907167,Match
1500 BLOCK ROSEMONT AVE,39.426171239271,-77.429877613829,Match
"300 BLOCK FIELDPOINTE BLVD, Bldg:B",39.401821597511,-77.419091136654,Match
"9200 BLOCK GAS HOUSE PIKE, IN AREA OF",,,No Match
9200 BLOCK GAS HOUSE PIKE,,,No Match
"300 BLOCK E PATRICK ST, LINCOLN PROP COM",39.413081224582,-77.418286825236,Match
"RT77 / TIPPIN DR, RT77 / TIPPIN DR",,,No Match
"1200 BLOCK MARKER RD, RIGHT ACCROSS FROM",,,No Match
100 BLOCK B & O AVE,39.411757046687,-77.404857907596,Match
"100 BLOCK MARKET SPACE ALY, WHITE RABBIT",,,No Match
200 BLOCK TIMBER VIEW CT,39.46249430699,-77.407087617028,Match
19600 BLOCK BRUNER WAY,,,No Match
BROWN CHURCH RD / RIDGE RD,,,No Match
BOYERS MILL RD / YEAGERTOWN RD,39.40930912189,-77.295998092485,Match
"5200 BLOCK PRESIDENTS CT, FEDEX KINKOS - PRESIDENTS CT - FREDERICK",39.377472901739,-77.416897993849,Match
"3300 BLOCK GALENA DR, Apt/Unit:106, URBAN GREEN APARTMENTS - 3300 BLOCK GALENA DR",39.324763007207,-77.346229468727,Match
"700 BLOCK WEMBLY DR, Apt/Unit:H, DERBYSHIRE APTS - 700 BLOCKH WEMBLY DR",39.429650965151,-77.397140777352,Match
12900 BLOCK PENN SHOP RD,,,No Match
BARTONSVILLE RD / BOONE AVE,39.389140127651,-77.341731579501,Match
10600 BLOCK DAYSVILLE RD,,,No Match
"10900 BLOCK BALTIMORE NATIONAL PIKE, GUMPTION ENTERPRISES",,,No Match
"HOG ROCK - CATOCTIN MOUNTAIN PARK, HOG ROCK - CATOCTIN MOUNTAIN PARK",,,No Match
"5600 BLOCK BUCKEYSTOWN PIKE, TOBACCO KING",39.386384747602,-77.409551577325,Match
700 BLOCK APPALACHIAN WAY,,,No Match
"RT77 / PRYOR RD, RT77 / PRYOR RD",,,No Match
N MARKET ST / E SECOND ST,39.416617124831,-77.410694056245,Match
"3500 BLOCK URBANA PIKE, URBANA ELEMENTARY SCHOOL",39.333018949703,-77.363500321316,Match
900 BLOCK MEADOWGREEN DR,,,No Match
38100 BLOCK STEVENS RD,,,No Match
"2000 BLOCK YELLOW SPRINGS RD, GODDARD SCHOOL - YELLOW SPRINGS RD",39.440036740462,-77.437404876718,Match
"RT15SB / W SEVENTH ST, RT15NB / W SEVENTH ST",,,No Match
PROSPECT RD / HILL ST,39.37896112268,-77.158262137392,Match
1400 BLOCK(1520) BLK PORTER ST,39.436314825718,-77.423922887039,Match
"5700 BLOCK MEADOWOOD ST, LINGANORE CONDOS FIRE SYSTEM",,,No Match
I70WB / RIDGE RD (BRADDOCK),,,No Match
"7200 BLOCK BANK CT, TRUIST - BANK CT",,,No Match
"RT340EB / S MOUNTAIN RD, RT340WB / S MOUNTAIN RD",,,No Match
"700 BLOCKF WEMBLY DR, Apt/Unit:F, DERBYSHIRE APTS - 700 BLOCKF WEMBLY DR",39.429650965151,-77.397140777352,Match
"RT31 / SAMS CREEK, RT31 / SAMS CREEK",,,No Match
BEECHTREE DR / WILLOW TREE DR,39.435427125011,-77.512524523297,Match
6100 BLOCK HEATHMEADOW DR,,,No Match
6200 BLOCK S CLIFTON RD,,,No Match
"200 BLOCK MIDDLETOWN PKWY, DUNKIN DONUTS - CROSS STONE COMMONS",,,No Match
6600 BLOCK MCGRATH PL,39.367948622666,-77.436625709191,Match
"27700 BLOCK RIDGE RD FRIENDSHIP UNITED METHODIST, FRIENDSHIP UNITED METHODIST",,,No Match
DUTCHMANS CREEK RD / TOLLHOUSE RD,39.298384157346,-77.644693990903,Match
"RT15NB / 1MM (PA), RT15NB / 1MM",,,Skipped
"200 BLOCK S CHURCH ST, Apt/Unit:A, MIDDLETOWN VET CLINIC",39.415097759054,-77.407507067006,Match
24600 BLOCK TANDEM DR,,,No Match
"1100 BLOCK PEACH ORCHARD LN, Apt/Unit:210, BRUNSWICK HOUSE APTS",,,No Match
4800 BLOCK MCLAUREN CT,39.367677227559,-77.438679874746,Match
"RT40 / HOLLOW RD (W), RT40 / HOLLOW RD",,,No Match
"100 BLOCK BURGESS HILL WAY, Apt/Unit:APT 303, CREEKSIDE AT TASKERS CHANCE - 100 BLOCK BURGESS HILL WAY",39.423832270401,-77.443496907167,Match
11000 BLOCK BALTIMORE NATIONAL PIKE,,,No Match
"7600 BLOCK WILLOW RD, Apt/Unit:31, BECKLEYS MOTEL",39.470068273049,-77.404205014848,Match
"100 BLOCK E SOUTH ST, Apt/Unit:C",39.410421065585,-77.408155691581,Match
4700 BLOCK PLUM RD,,,No Match
"100 BLOCK W SOUTH ST, Apt/Unit:102",39.410723990246,-77.41274983916,Match
"1000 BLOCK W PATRICK ST, LIDL - FREDERICK COUNTY SQUARE",39.416100001517,-77.438559169087,Match
ORCHARD WAY / APPLETON PL,,,No Match
"RT85 / SHOCKLEY DR, RT85 / SHOCKLEY DR",,,No Match
"1400 BLOCK KEY PKWY, HUNTERS GLEN APTS - 1400 BLOCK KEY PKWY",39.424586474124,-77.463955572826,Match
CHIU ALY / CHAPEL ALY,,,No Match
"7200 BLOCK KEHNE RD, Bldg:B, FREDERICK PAINTING COMPANY - 7200 BLOCKB KEHNE RD",39.427137315004,-77.483088477307,Match
1000 BLOCK THUNDERBIRD DR,,,No Match
8100 BLOCK EDGEWOOD CHURCH RD,39.456438411497,-77.476979537514,Match
"100 BLOCK LOCUST BLVD, CALLER THINKS ITS AT THIS ADDRESS",39.414549602454,-77.437698679037,Match
16500 BLOCK ANNANDALE RD,,,No Match
400 BLOCK GILLESPIE DR,,,No Match
"100 BLOCK WILLOWDALE DR, Apt/Unit:B7-B8, ASAIN SUPERMARKET",39.423256366554,-77.448188085363,Match
"1000 BLOCK PARK RIDGE DR, TASKERS CHANCE POOL",,,No Match
"900 BLOCK GATEPOST LN, Apt/Unit:1B, SUNSET WALK - 900 BLOCK GATEPOST LN",,,No Match
ED MCCLAIN RD / MONROVIA BLVD,39.356848131699,-77.279438100978,Match
"REICHS FORD RD / TILCO DR, HMS",,,No Match
"100 BLOCK THOMAS JOHNSON DR, ABILITY CARE",39.446417824044,-77.405437418754,Match
5900 BLOCK QUINN ORCHARD RD,39.394404876514,-77.383927777981,Match
"400 BLOCK S JEFFERSON ST, DUNKIN DONUTS - S JEFFERSON ST",39.408325514907,-77.427544188623,Match
N CARROLL ST / E CHURCH ST,39.415159125001,-77.407575557311,Match
"6600 BLOCK LINGANORE RD, RIGHT NEXT TO",39.415314684966,-77.356025452831,Match
FAIRVIEW AVE / MOTTER AVE,39.431170121921,-77.410208055468,Match
LIBERTY RD / S SECOND ST,39.532987098008,-77.313732579062,Match
E FOURTH ST / N MARKET ST,39.419083124327,-77.410325056203,Match
"1600 BLOCK PINDER ST, Apt/Unit:233",,,No Match
"RT340EB / HORINE RD, RT340EB / HORINE RD",,,No Match
"RT340EB / RT180 (JEFFERSON), RT340EB / RT180",39.41066176737,-77.423134172534,Match
"100 BLOCK MONOCACY BLVD, Apt/Unit:B4, MID ATLANTIC FASTNERS",39.402306703698,-77.406678196432,Match
"6000 BLOCK JEFFERSON BLVD, AUTUMN LAKE AT BRADDOCK HEIGHTS",39.399033227397,-77.509373968193,Match
"7300 BLOCK GOVERNORS WAY, INVITROGEN CORPORATION",39.369259986042,-77.410643901941,Match
600 BLOCK W SECOND ST,,,Out of Region
9400 BLOCK GAS HOUSE PIKE,39.433552633215,-77.338816268537,Match
MOTTER AVE / FREDERICK AVE,39.432124121732,-77.410239555397,Match
13300 BLOCK PENN SHOP CT,,,No Match
3900 BLOCK HIGHLAND CT,,,Out of Region
13000 BLOCK GLISSANS MILL RD,,,No Match
"100 BLOCK ALESSANDRA CT, THE FIELDS AT ROCK CREEK - 100 BLOCK ALESSANDRA CT",39.421169757416,-77.434338477151,Match
"LAKE LINGANORE BLVD / WELLMOOR ST, IAO",,,No Match
"5800 BLOCK MARY LOU LN, Apt/Unit:108",39.393459807928,-77.453026893398,Match
"7400 BLOCK SHOCKLEY DR, CRACKER BARREL",39.375729626143,-77.409476953328,Match
3400 BLOCK FIRESTONE DR,,,No Match
700 BLOCK ELEVATION RD,,,No Match
"1000 BLOCK RIVERWALK PL, Apt/Unit:322, FAIRWAY VISTA APTS - 1000 BLOCK RIVERWALK PL",,,No Match
"1400 BLOCK KEY PKWY, Apt/Unit:B5, HUNTERS GLEN APTS - 1400 BLOCK KEY PKWY",39.424586474124,-77.463955572826,Match
"CARROLL CREEK PARK STONE BRIDGE, CARROLL CREEK PARK STONE BRIDGE",,,No Match
CENTRAL AVE / MARTINS CREEK DR,39.323413151853,-77.631387493445,Match
200 BLOCK N MAIN ST,,,Out of Region
"300 BLOCK BALLENGER CENTER DR, Apt/Unit:111, WOODSPRING SUITES - BALLENGER CREEK CENTER",39.395622695444,-77.436671866684,Match
4100 BLOCK MOUNTVILLE RD,,,No Match
16200 BLOCK FOUR POINTS BRIDGE RD,,,No Match
9100 BLOCK OLD KILN RD,,,No Match
WEST OAK DR / BARTHOLOWS RD,39.358828129249,-77.225496617681,Match
"4800 BLOCK FAIRFIELD RD, FAIRFIELD AREA SCHOOL DISTRICT",,,No Match
5700 BLOCK FOXVILLE RD,,,No Match
I70EB / RT17(RT17),,,No Match
1300 BLOCK ARNOLDTOWN RD,,,No Match
13700 BLOCK GRAHAM CT,,,No Match
"200 BLOCK CHAPEL CT, GLADETOWN CONDOS - 200 BLOCK CHAPEL CT",,,No Match
"200 BLOCK SEVENTH AVE, BRUNSWICK RADIO TOWER",,,Out of Region
"2100 BLOCK BALLENGER CREEK PIKE, BETWEEN THAT AND RAILROAD TRACKS",,,No Match
"300 BLOCK MONTEVUE LN, HIGHWAY FLEET SERVICES",39.432013249667,-77.441089096422,Match
"5800 BLOCKB BROWNSVILLE PASS RD, RIGHT BELOW HOUSE",,,No Match
6600 BLOCK Y RD,,,No Match
7000 BLOCK HAMES CT,39.390113691917,-77.433325587865,Match
POINT OF ROCKS RD / OLIVE SCHOOL RD,39.327607149149,-77.582882008276,Match
2600 BLOCK BALLENGER CREEK PIKE,39.306294446995,-77.49422357564,Match
"700 BLOCK ACROPOLIS WAY, PROSPECT HALL APARTMENTS - 700 BLOCK ACROPOLIS WAY",39.404587792456,-77.441344970861,Match
"CAP STINE RD / HOWARD STUP RD, BWTEEN HOWARD STUP AND MANOR WOODS",,,No Match
14100 BLOCK NATALMA CT,,,No Match
"5500 BLOCK SPECTRUM DR, Apt/Unit:112, COUNTRY INN AND SUITES",39.386000212509,-77.407525352796,Match
4500 BLOCK TIMBERY CT,,,No Match
GREENFIELD RD / BUCKEYSTOWN PIKE,39.2820581536,-77.462579048635,Match
5300 BLOCK HENDEN WOOD LN,39.379634959355,-77.425851055881,Match
12200 BLOCK ELIZA CT,,,No Match
MOTTERS STATION RD / OLD FREDERICK RD,39.660940073617,-77.338131563213,Match
"6000 BLOCK CULLEN DR, VICTOR CULLEN CENTER",,,No Match
ENGLISH MUFFIN WAY / ELMER DERR RD,,,No Match
5800 BLOCK MANOR WOODS RD,,,No Match
"I270NB / PARK MILLS RD, THE RANCH",,,No Match
"1000 BLOCK W PATRICK ST, OLLIES BARGAIN OUTLET - FREDERICK COUNTY SQUARE",39.416100001517,-77.438559169087,Match
REICHS FORD RD / ENTRANCE RD,,,No Match
200 BLOCKA N EAST ST,,,No Match
"2400 BLOCK STONEY CREEK RD, WORMANS MILL CLUBHOUSE",39.454488927794,-77.383413733907,Match
6400 BLOCK CORPORATE DR,,,No Match
"16900 BLOCK SABILLASVILLE RD, SAINT JOHNS UNITED CHURCH OF CHRIST - SABILLASVILLE",,,No Match
5600 BLOCK ETZLER RD,39.468912565028,-77.472916227133,Match
"100 BLOCK WAVERLEY DR, DJ HAIR FANTASIES - WAVERLEY CENTER",39.424282647626,-77.459420161109,Match
"6600 BLOCK DICKERSON RD, PH2",,,No Match
6600 BLOCK RIVER BIRCH RD,39.377972568676,-77.439437081541,Match
RT15SB / S JEFFERSON ST,,,No Match
"28300 BLOCK KEMPTOWN RD MONTGOMERY METHODIST CHURCH, MONTGOMERY METHODIST CHURCH",,,No Match
"100 BLOCK E MAIN ST, CORNERSTONE CHURCH OF GOD",,,Out of Region
"ROSEMONT AVE / ROCKY SPRINGS RD, PH2 IAO",39.436120121955,-77.436704046889,Match
HILLCREST DR / COATS BRIDGE PL,39.414835126537,-77.445893045385,Match
8500 BLOCK GAMBRILL PARK RD,,,No Match
"1600 BLOCK PINDER ST, Bldg:4, Apt/Unit:404",,,No Match
1300 BLOCK MARSALIS PL,,,No Match
PALLADIAN WAY / BISHOPS GLEN DR,39.426229124595,-77.454272042044,Match
11100 BLOCK OLD FREDERICK RD,,,No Match
"5100 BLOCK OLD NATIONAL PIKE, GRACE BRETHREN",39.422974619101,-77.491328185942,Match
12600 BLOCK DOWNEY MILL RD,,,No Match
2200 BLOCK MICHAEL RD,,,No Match
WOODSBORO PIKE / GOOD INTENT RD,,,No Match
"8700 BLOCK YELLOW SPRINGS RD, CARROLL CREEK MONTESSORI",39.473679727724,-77.454870925639,Match
100 BLOCK BLK RAMP S JEFFERSON ST TO I27100 BLOCKSB RAMP,,,No Match
5300 BLOCK RENN RD,39.379345055712,-77.482885705452,Match
E CHURCH ST / N MAXWELL AVE,,,No Match
10100 BLOCK RIDGE MANOR TER,,,No Match
23500 BLOCK GARDENSIDE PL,,,No Match
"6500 BLOCK WILTSHIRE DR, Apt/Unit:UNIT E",39.383485341239,-77.442114890263,Match
OLD FREDERICK RD / EATON RD,,,No Match
9300 BLOCK FOUNTAIN SCHOOL RD,,,No Match
"100 BLOCK S MARKET ST, SOUTH MARKET SQUARE - 133 S MARKET ST",39.411856587699,-77.411207869433,Match
"8200 BLOCK BALTIMORE NATIONAL PIKE, IAO PH2",,,No Match
"RT464 / RT15, RT464 / RT15",,,No Match
24900 BLOCK DUNNAVANT DR,,,No Match
100 BLOCK W RIDGEVILLE BLVD,,,No Match
12500 BLOCK BRANDENBURG HOLLOW RD,,,No Match
"RT75 / BROWNINGSVILLE RD, RT75 / BROWNINGSVILLE RD",,,No Match
"5800 BLOCK CARROLL BOYER RD, STONE MANOR INN",,,No Match
900 BLOCK TOLL HOUSE AVE,39.426406118629,-77.413914860782,Match
"900 BLOCK TOLL HOUSE AVE, FREDERICK SURGICAL BUILDING",39.426406118629,-77.413914860782,Match
"1500 BLOCK W PATRICK ST, BUSSARDS CITGO - WEST POINTE PLAZA",39.423030366127,-77.468582123184,Match
"100 BLOCK WAVERLEY DR, Bldg:K, Apt/Unit:203, ELMWOOD TERRACE APTS - BLDG K",39.424282647626,-77.459420161109,Match
10000 BLOCK HANSONVILLE RD,39.508604747475,-77.406049337295,Match
3500 BLOCK FRY RD,,,No Match
"3300 BLOCK WORTHINGTON BLVD, MOBY DICK",39.326184613441,-77.343914083144,Match
"1300 BLOCK W PATRICK ST, WEST FREDERICK CENTER - FREDERICK TOWNE MALL / DISTRICT 40",39.418483660497,-77.453535103474,Match
S MARKET ST / CARROLL CREEK XING,39.41327812551,-77.411112556328,Match
W PATRICK ST / ROCK CREEK DR,39.424726125543,-77.471140286882,Match
9200 BLOCK OPOSSUMTOWN PIKE,39.483618926535,-77.43061547213,Match
100 BLOCK COOPER RUN ST,,,No Match
"1300 BLOCK BAKER PL E, Apt/Unit:24, RESIDENCES AT THE MANOR - 1300 BLOCK BAKER PL",39.423190077641,-77.453923104602,Match
100 BLOCK CORRIEDALE PL,,,No Match
"5600 BLOCK BUCKEYSTOWN PIKE, Bldg:200, TOBACCO KING",39.386384747602,-77.409551577325,Match
"5900 BLOCK RAMSEUR CIR, Apt/Unit:109, CAMDEN CLEARBROOK APTS - 5900 BLOCK RAMSEUR CIR",39.394079985098,-77.444193109236,Match
"PARK MILLS RD / I270, PARK MILLS RD / I270",,,No Match
S CARROLL ST / E ALL SAINTS ST,39.411757125695,-77.408034557385,Match
6300 BLOCK BOYERS MILL RD,,,No Match
8100 BLOCK STEVENS RD,,,No Match
"3800 BLOCK BUCKEYSTOWN PIKE, BUCKEYSTOWN VET HOSPITAL",,,No Match
FOXVILLE RD / HUNTING CREEK XING,,,No Match
"4900 BLOCK WESTVIEW DR, BASKIN ROBBINS / DUNKIN DONUTS - WESTVIEW",39.368259050711,-77.415413863783,Match
"100 BLOCK S MARKET ST, Bldg:A, Apt/Unit:35, CARRIAGE HOUSE APTS",39.411856587699,-77.411207869433,Match
"9200 BLOCK WILLAMETTE PL, Bldg:4",39.324526700813,-77.345607425976,Match
W TENTH ST / MOTTER PL,39.427084122675,-77.408718556193,Match
3900 BLOCK VALLEY VIEW RD,,,No Match
